r,t,y,AnnualVariableOperatingCost
"Atlantis_00A","BM_IMP",2014,0.003736509064
"Atlantis_00A","BM_IMP",2015,0.003538509064
"Atlantis_00A","BM_IMP",2016,0.003729509064
"Atlantis_00A","BM_IMP",2017,0.003928509064
"Atlantis_00A","BM_IMP",2018,0.003901509064
"Atlantis_00A","BM_IMP",2019,0.003358509064
"Atlantis_00A","BM_IMP",2020,0.003702509064
"Atlantis_00A","BM_IMP",2021,0.002932509064
"Atlantis_00A","BM_IMP",2022,0.003029509064
"Atlantis_00A","BM_IMP",2023,0.002970017383152
"Atlantis_00A","BM_IMP",2024,0.003000017383152
"Atlantis_00A","BM_IMP",2025,0.003029017383152
"Atlantis_00A","BM_IMP",2026,0.003097017383152
"Atlantis_00A","BM_IMP",2027,0.003165017383152
"Atlantis_00A","BM_IMP",2028,0.003150626114192
"Atlantis_00A","BM_IMP",2029,0.003219626114192
"Atlantis_00A","BM_IMP",2030,0.003287626114192
"Atlantis_00A","BM_IMP",2031,0.003356626114192
"Atlantis_00A","BM_IMP",2032,0.003424626114192
"Atlantis_00A","BM_IMP",2033,0.003492626114192
"Atlantis_00A","BM_IMP",2034,0.003560626114192
"Atlantis_00A","BM_IMP",2035,0.003628626114192
"Atlantis_00A","BM_IMP",2036,0.003279
"Atlantis_00A","BM_IMP",2037,0.003347
"Atlantis_00A","BM_IMP",2038,0.00341600000000001
"Atlantis_00A","BM_IMP",2039,0.003483
"Atlantis_00A","BM_IMP",2040,0.003551
"Atlantis_00A","BM_IMP",2041,0.003619
"Atlantis_00A","BM_IMP",2042,0.003687
"Atlantis_00A","BM_IMP",2043,0.003756
"Atlantis_00A","BM_IMP",2044,0.003824
"Atlantis_00A","BM_IMP",2045,0.003893
"Atlantis_00A","BM_IMP",2046,0.00396
"Atlantis_00A","BM_IMP",2047,0.004029
"Atlantis_00A","BM_IMP",2048,0.004097
"Atlantis_00A","BM_IMP",2049,0.004165
"Atlantis_00A","BM_IMP",2050,0.004234
"Atlantis_00A","BM_IMP",2051,0.004303
"Atlantis_00A","BM_IMP",2052,0.004371
"Atlantis_00A","BM_IMP",2053,0.004439
"Atlantis_00A","BM_IMP",2054,0.004508
"Atlantis_00A","BM_IMP",2055,0.004576
"Atlantis_00A","BM_IND",2014,0.002565
"Atlantis_00A","BM_IND",2015,0.002475
"Atlantis_00A","BM_IND",2016,0.002664
"Atlantis_00A","BM_IND",2017,0.002892
"Atlantis_00A","BM_IND",2018,0.00286
"Atlantis_00A","BM_IND",2019,0.002451
"Atlantis_00A","BM_IND",2020,0.002722
"Atlantis_00A","BM_IND",2021,0.002062
"Atlantis_00A","BM_IND",2022,0.002166
"Atlantis_00A","BM_IND",2023,0.002189
"Atlantis_00A","BM_IND",2024,0.002213
"Atlantis_00A","BM_IND",2025,0.002236
"Atlantis_00A","BM_IND",2026,0.002314
"Atlantis_00A","BM_IND",2027,0.002392
"Atlantis_00A","BM_IND",2028,0.00247
"Atlantis_00A","BM_IND",2029,0.002548
"Atlantis_00A","BM_IND",2030,0.002626
"Atlantis_00A","BM_IND",2031,0.002704
"Atlantis_00A","BM_IND",2032,0.002782
"Atlantis_00A","BM_IND",2033,0.00286
"Atlantis_00A","BM_IND",2034,0.002938
"Atlantis_00A","BM_IND",2035,0.003016
"Atlantis_00A","BM_IND",2036,0.003094
"Atlantis_00A","BM_IND",2037,0.003172
"Atlantis_00A","BM_IND",2038,0.00325
"Atlantis_00A","BM_IND",2039,0.003327
"Atlantis_00A","BM_IND",2040,0.003405
"Atlantis_00A","BM_IND",2041,0.003483
"Atlantis_00A","BM_IND",2042,0.003561
"Atlantis_00A","BM_IND",2043,0.003639
"Atlantis_00A","BM_IND",2044,0.003717
"Atlantis_00A","BM_IND",2045,0.003795
"Atlantis_00A","BM_IND",2046,0.003873
"Atlantis_00A","BM_IND",2047,0.003951
"Atlantis_00A","BM_IND",2048,0.004029
"Atlantis_00A","BM_IND",2049,0.004107
"Atlantis_00A","BM_IND",2050,0.004185
"Atlantis_00A","BM_IND",2051,0.004264
"Atlantis_00A","BM_IND",2052,0.004342
"Atlantis_00A","BM_IND",2053,0.00442
"Atlantis_00A","BM_IND",2054,0.004498
"Atlantis_00A","BM_IND",2055,0.004576
"Atlantis_00A","BM_RES",2014,0.000583
"Atlantis_00A","BM_RES",2015,0.000475
"Atlantis_00A","BM_RES",2016,0.000477
"Atlantis_00A","BM_RES",2017,0.000448
"Atlantis_00A","BM_RES",2018,0.000453
"Atlantis_00A","BM_RES",2019,0.000319
"Atlantis_00A","BM_RES",2020,0.000392
"Atlantis_00A","BM_RES",2021,0.000282
"Atlantis_00A","BM_RES",2022,0.000275
"Atlantis_00A","BM_RES",2023,0.00028
"Atlantis_00A","BM_RES",2024,0.000286
"Atlantis_00A","BM_RES",2025,0.000292
"Atlantis_00A","BM_RES",2026,0.000282
"Atlantis_00A","BM_RES",2027,0.000272
"Atlantis_00A","BM_RES",2028,0.000262
"Atlantis_00A","BM_RES",2029,0.000253
"Atlantis_00A","BM_RES",2030,0.000243
"Atlantis_00A","BM_RES",2031,0.000234
"Atlantis_00A","BM_RES",2032,0.000224
"Atlantis_00A","BM_RES",2033,0.000214
"Atlantis_00A","BM_RES",2034,0.000204
"Atlantis_00A","BM_RES",2035,0.000194
"Atlantis_00A","BM_RES",2036,0.000185
"Atlantis_00A","BM_RES",2037,0.000175
"Atlantis_00A","BM_RES",2038,0.000166
"Atlantis_00A","BM_RES",2039,0.000156
"Atlantis_00A","BM_RES",2040,0.000146
"Atlantis_00A","BM_RES",2041,0.000136
"Atlantis_00A","BM_RES",2042,0.000126
"Atlantis_00A","BM_RES",2043,0.000117
"Atlantis_00A","BM_RES",2044,0.000107
"Atlantis_00A","BM_RES",2045,9.8e-05
"Atlantis_00A","BM_RES",2046,8.7e-05
"Atlantis_00A","BM_RES",2047,7.8e-05
"Atlantis_00A","BM_RES",2048,6.8e-05
"Atlantis_00A","BM_RES",2049,5.8e-05
"Atlantis_00A","BM_RES",2050,4.9e-05
"Atlantis_00A","BM_RES",2051,3.9e-05
"Atlantis_00A","BM_RES",2052,2.9e-05
"Atlantis_00A","BM_RES",2053,1.9e-05
"Atlantis_00A","BM_RES",2054,1e-05
"Atlantis_00A","BM_RES",2055,0
"Atlantis_00A","BM_SC",2014,0.0002057724
"Atlantis_00A","BM_SC",2015,0.0002057724
"Atlantis_00A","BM_SC",2016,0.0002057724
"Atlantis_00A","BM_SC",2017,0.0002057724
"Atlantis_00A","BM_SC",2018,0.0002057724
"Atlantis_00A","BM_SC",2019,0.0002057724
"Atlantis_00A","BM_SC",2020,0.0002057724
"Atlantis_00A","BM_SC",2021,0.0002057724
"Atlantis_00A","BM_SC",2022,0.0002057724
"Atlantis_00A","BM_SC",2023,0.0001751809032
"Atlantis_00A","BM_SC",2024,0.0001751809032
"Atlantis_00A","BM_SC",2025,0.0001751809032
"Atlantis_00A","BM_SC",2026,0.0001751809032
"Atlantis_00A","BM_SC",2027,0.0001751809032
"Atlantis_00A","BM_SC",2028,0.0001463727672
"Atlantis_00A","BM_SC",2029,0.0001463727672
"Atlantis_00A","BM_SC",2030,0.0001463727672
"Atlantis_00A","BM_SC",2031,0.0001463727672
"Atlantis_00A","BM_SC",2032,0.0001463727672
"Atlantis_00A","BM_SC",2033,0.0001463727672
"Atlantis_00A","BM_SC",2034,0.0001463727672
"Atlantis_00A","BM_SC",2035,0.0001463727672
"Atlantis_00A","BM_SC",2036,0
"Atlantis_00A","BM_SC",2037,0
"Atlantis_00A","BM_SC",2038,0
"Atlantis_00A","BM_SC",2039,0
"Atlantis_00A","BM_SC",2040,0
"Atlantis_00A","BM_SC",2041,0
"Atlantis_00A","BM_SC",2042,0
"Atlantis_00A","BM_SC",2043,0
"Atlantis_00A","BM_SC",2044,0
"Atlantis_00A","BM_SC",2045,0
"Atlantis_00A","BM_SC",2046,0
"Atlantis_00A","BM_SC",2047,0
"Atlantis_00A","BM_SC",2048,0
"Atlantis_00A","BM_SC",2049,0
"Atlantis_00A","BM_SC",2050,0
"Atlantis_00A","BM_SC",2051,0
"Atlantis_00A","BM_SC",2052,0
"Atlantis_00A","BM_SC",2053,0
"Atlantis_00A","BM_SC",2054,0
"Atlantis_00A","BM_SC",2055,0
"Atlantis_00A","CONS_BM",2014,0.003148
"Atlantis_00A","CONS_BM",2015,0.00295
"Atlantis_00A","CONS_BM",2016,0.003141
"Atlantis_00A","CONS_BM",2017,0.00334
"Atlantis_00A","CONS_BM",2018,0.003313
"Atlantis_00A","CONS_BM",2019,0.00277
"Atlantis_00A","CONS_BM",2020,0.003114
"Atlantis_00A","CONS_BM",2021,0.002344
"Atlantis_00A","CONS_BM",2022,0.002441
"Atlantis_00A","CONS_BM",2023,0.002469
"Atlantis_00A","CONS_BM",2024,0.002499
"Atlantis_00A","CONS_BM",2025,0.002528
"Atlantis_00A","CONS_BM",2026,0.002596
"Atlantis_00A","CONS_BM",2027,0.002664
"Atlantis_00A","CONS_BM",2028,0.002732
"Atlantis_00A","CONS_BM",2029,0.002801
"Atlantis_00A","CONS_BM",2030,0.002869
"Atlantis_00A","CONS_BM",2031,0.002938
"Atlantis_00A","CONS_BM",2032,0.003006
"Atlantis_00A","CONS_BM",2033,0.003074
"Atlantis_00A","CONS_BM",2034,0.003142
"Atlantis_00A","CONS_BM",2035,0.00321
"Atlantis_00A","CONS_BM",2036,0.003279
"Atlantis_00A","CONS_BM",2037,0.003347
"Atlantis_00A","CONS_BM",2038,0.00341600000000001
"Atlantis_00A","CONS_BM",2039,0.003483
"Atlantis_00A","CONS_BM",2040,0.003551
"Atlantis_00A","CONS_BM",2041,0.003619
"Atlantis_00A","CONS_BM",2042,0.003687
"Atlantis_00A","CONS_BM",2043,0.003756
"Atlantis_00A","CONS_BM",2044,0.003824
"Atlantis_00A","CONS_BM",2045,0.003893
"Atlantis_00A","CONS_BM",2046,0.00396
"Atlantis_00A","CONS_BM",2047,0.004029
"Atlantis_00A","CONS_BM",2048,0.004097
"Atlantis_00A","CONS_BM",2049,0.004165
"Atlantis_00A","CONS_BM",2050,0.004234
"Atlantis_00A","CONS_BM",2051,0.004303
"Atlantis_00A","CONS_BM",2052,0.004371
"Atlantis_00A","CONS_BM",2053,0.004439
"Atlantis_00A","CONS_BM",2054,0.004508
"Atlantis_00A","CONS_BM",2055,0.004576
"Atlantis_00A","CONS_DS",2014,958.4
"Atlantis_00A","CONS_DS",2015,971.68
"Atlantis_00A","CONS_DS",2016,993.92
"Atlantis_00A","CONS_DS",2017,1083.52
"Atlantis_00A","CONS_DS",2018,1112.8
"Atlantis_00A","CONS_DS",2019,1112.64
"Atlantis_00A","CONS_DS",2020,969.28
"Atlantis_00A","CONS_DS",2021,1149.12
"Atlantis_00A","CONS_DS",2022,1197.76
"Atlantis_00A","CONS_DS",2023,1247.04
"Atlantis_00A","CONS_DS",2024,1301.28
"Atlantis_00A","CONS_DS",2025,1362.24
"Atlantis_00A","CONS_DS",2026,1307.68
"Atlantis_00A","CONS_DS",2027,1253.28
"Atlantis_00A","CONS_DS",2028,1198.72
"Atlantis_00A","CONS_DS",2029,1144.16
"Atlantis_00A","CONS_DS",2030,1089.76
"Atlantis_00A","CONS_DS",2031,1035.36
"Atlantis_00A","CONS_DS",2032,980.8
"Atlantis_00A","CONS_DS",2033,926.24
"Atlantis_00A","CONS_DS",2034,871.84
"Atlantis_00A","CONS_DS",2035,817.440000000001
"Atlantis_00A","CONS_DS",2036,762.88
"Atlantis_00A","CONS_DS",2037,708.32
"Atlantis_00A","CONS_DS",2038,653.76
"Atlantis_00A","CONS_DS",2039,599.36
"Atlantis_00A","CONS_DS",2040,544.96
"Atlantis_00A","CONS_DS",2041,490.4
"Atlantis_00A","CONS_DS",2042,435.84
"Atlantis_00A","CONS_DS",2043,381.28
"Atlantis_00A","CONS_DS",2044,327.04
"Atlantis_00A","CONS_DS",2045,272.48
"Atlantis_00A","CONS_DS",2046,217.92
"Atlantis_00A","CONS_DS",2047,163.36
"Atlantis_00A","CONS_DS",2048,109.12
"Atlantis_00A","CONS_DS",2049,54.56
"Atlantis_00A","CONS_DS",2050,0
"Atlantis_00A","CONS_DS",2051,0
"Atlantis_00A","CONS_DS",2052,0
"Atlantis_00A","CONS_DS",2053,0
"Atlantis_00A","CONS_DS",2054,0
"Atlantis_00A","CONS_DS",2055,0
"Atlantis_00A","CONS_HF",2014,2117.6
"Atlantis_00A","CONS_HF",2015,2195.52
"Atlantis_00A","CONS_HF",2016,2292.96
"Atlantis_00A","CONS_HF",2017,2418.56
"Atlantis_00A","CONS_HF",2018,2493.76
"Atlantis_00A","CONS_HF",2019,2543.84
"Atlantis_00A","CONS_HF",2020,2116.96
"Atlantis_00A","CONS_HF",2021,2620.96
"Atlantis_00A","CONS_HF",2022,2822.24
"Atlantis_00A","CONS_HF",2023,2850.4
"Atlantis_00A","CONS_HF",2024,2878.72
"Atlantis_00A","CONS_HF",2025,2907.84
"Atlantis_00A","CONS_HF",2026,2791.36
"Atlantis_00A","CONS_HF",2027,2675.2
"Atlantis_00A","CONS_HF",2028,2558.72
"Atlantis_00A","CONS_HF",2029,2442.56
"Atlantis_00A","CONS_HF",2030,2326.24
"Atlantis_00A","CONS_HF",2031,2210.08
"Atlantis_00A","CONS_HF",2032,2093.44
"Atlantis_00A","CONS_HF",2033,1977.44
"Atlantis_00A","CONS_HF",2034,1861.12
"Atlantis_00A","CONS_HF",2035,1744.64
"Atlantis_00A","CONS_HF",2036,1628.32
"Atlantis_00A","CONS_HF",2037,1512.16
"Atlantis_00A","CONS_HF",2038,1396
"Atlantis_00A","CONS_HF",2039,1279.36
"Atlantis_00A","CONS_HF",2040,1162.88
"Atlantis_00A","CONS_HF",2041,1046.72
"Atlantis_00A","CONS_HF",2042,930.4
"Atlantis_00A","CONS_HF",2043,814.08
"Atlantis_00A","CONS_HF",2044,697.92
"Atlantis_00A","CONS_HF",2045,581.92
"Atlantis_00A","CONS_HF",2046,465.6
"Atlantis_00A","CONS_HF",2047,348.8
"Atlantis_00A","CONS_HF",2048,232.32
"Atlantis_00A","CONS_HF",2049,116.48
"Atlantis_00A","CONS_HF",2050,0
"Atlantis_00A","CONS_HF",2051,0
"Atlantis_00A","CONS_HF",2052,0
"Atlantis_00A","CONS_HF",2053,0
"Atlantis_00A","CONS_HF",2054,0
"Atlantis_00A","CONS_HF",2055,0
"Atlantis_00A","CONS_NG",2014,431.556345
"Atlantis_00A","CONS_NG",2015,441.09936
"Atlantis_00A","CONS_NG",2016,452.197533
"Atlantis_00A","CONS_NG",2017,459.266433
"Atlantis_00A","CONS_NG",2018,471.637008
"Atlantis_00A","CONS_NG",2019,474.605946
"Atlantis_00A","CONS_NG",2020,386.739519
"Atlantis_00A","CONS_NG",2021,461.669859
"Atlantis_00A","CONS_NG",2022,490.228215
"Atlantis_00A","CONS_NG",2023,500.336742
"Atlantis_00A","CONS_NG",2024,510.728025
"Atlantis_00A","CONS_NG",2025,521.260686
"Atlantis_00A","CONS_NG",2026,500.407431
"Atlantis_00A","CONS_NG",2027,479.624865
"Atlantis_00A","CONS_NG",2028,458.77161
"Atlantis_00A","CONS_NG",2029,437.847666
"Atlantis_00A","CONS_NG",2030,417.0651
"Atlantis_00A","CONS_NG",2031,396.211845
"Atlantis_00A","CONS_NG",2032,375.287901
"Atlantis_00A","CONS_NG",2033,354.505335
"Atlantis_00A","CONS_NG",2034,333.581391
"Atlantis_00A","CONS_NG",2035,312.798825
"Atlantis_00A","CONS_NG",2036,291.94557
"Atlantis_00A","CONS_NG",2037,271.092315
"Atlantis_00A","CONS_NG",2038,250.23906
"Atlantis_00A","CONS_NG",2039,229.315116
"Atlantis_00A","CONS_NG",2040,208.461861
"Atlantis_00A","CONS_NG",2041,187.679295
"Atlantis_00A","CONS_NG",2042,166.82604
"Atlantis_00A","CONS_NG",2043,145.902096
"Atlantis_00A","CONS_NG",2044,125.11953
"Atlantis_00A","CONS_NG",2045,104.195586
"Atlantis_00A","CONS_NG",2046,83.483709
"Atlantis_00A","CONS_NG",2047,62.4890759999999
"Atlantis_00A","CONS_NG",2048,41.635821
"Atlantis_00A","CONS_NG",2049,20.853255
"Atlantis_00A","CONS_NG",2050,0
"Atlantis_00A","CONS_NG",2051,0
"Atlantis_00A","CONS_NG",2052,0
"Atlantis_00A","CONS_NG",2053,0
"Atlantis_00A","CONS_NG",2054,0
"Atlantis_00A","CONS_NG",2055,0
"Atlantis_00A","DIST_IND",2014,0.000750310045473336
"Atlantis_00A","DIST_IND",2015,0.000785448532451426
"Atlantis_00A","DIST_IND",2016,0.000793716411740389
"Atlantis_00A","DIST_IND",2017,0.00080095080611823
"Atlantis_00A","DIST_IND",2018,0.000769946258784622
"Atlantis_00A","DIST_IND",2019,0.00080095080611823
"Atlantis_00A","DIST_IND",2020,0.000690367920628359
"Atlantis_00A","DIST_IND",2021,0.000817486564696156
"Atlantis_00A","DIST_IND",2022,0.000835055808185201
"Atlantis_00A","DIST_IND",2023,0.000852625051674246
"Atlantis_00A","DIST_IND",2024,0.00086916081025217
"Atlantis_00A","DIST_IND",2025,0.000886730053741215
"Atlantis_00A","DIST_IND",2026,0.00109756097560976
"Atlantis_00A","DIST_IND",2027,0.00131045886730054
"Atlantis_00A","DIST_IND",2028,0.00152128978916908
"Atlantis_00A","DIST_IND",2029,0.00173315419594874
"Atlantis_00A","DIST_IND",2030,0.00194398511781728
"Atlantis_00A","DIST_IND",2031,0.00215688300950806
"Atlantis_00A","DIST_IND",2032,0.0023677139313766
"Atlantis_00A","DIST_IND",2033,0.00257854485324514
"Atlantis_00A","DIST_IND",2034,0.0027904092600248
"Atlantis_00A","DIST_IND",2035,0.00300227366680446
"Atlantis_00A","DIST_IND",2036,0.00321413807358413
"Atlantis_00A","DIST_IND",2037,0.00342496899545267
"Atlantis_00A","DIST_IND",2038,0.00363786688714345
"Atlantis_00A","DIST_IND",2039,0.00384869780901199
"Atlantis_00A","DIST_IND",2040,0.00405952873088053
"Atlantis_00A","DIST_IND",2041,0.00427139313766019
"Atlantis_00A","DIST_IND",2042,0.00448325754443985
"Atlantis_00A","DIST_IND",2043,0.00469512195121951
"Atlantis_00A","DIST_IND",2044,0.00490595287308805
"Atlantis_00A","DIST_IND",2045,0.00511885076477884
"Atlantis_00A","DIST_IND",2046,0.00532968168664738
"Atlantis_00A","DIST_IND",2047,0.00554051260851592
"Atlantis_00A","DIST_IND",2048,0.00575237701529558
"Atlantis_00A","DIST_IND",2049,0.00596424142207524
"Atlantis_00A","DIST_IND",2050,0.0061761058288549
"Atlantis_00A","DIST_IND",2051,0.00638693675072344
"Atlantis_00A","DIST_IND",2052,0.0065988011575031
"Atlantis_00A","DIST_IND",2053,0.00681066556428276
"Atlantis_00A","DIST_IND",2054,0.0070214964861513
"Atlantis_00A","DIST_IND",2055,0.00723336089293096
"Atlantis_00A","DIST_OTH",2014,0.000305911533691608
"Atlantis_00A","DIST_OTH",2015,0.000325547747002894
"Atlantis_00A","DIST_OTH",2016,0.000335882596114097
"Atlantis_00A","DIST_OTH",2017,0.000335882596114097
"Atlantis_00A","DIST_OTH",2018,0.000320380322447292
"Atlantis_00A","DIST_OTH",2019,0.000317279867713931
"Atlantis_00A","DIST_OTH",2020,0.000294543199669285
"Atlantis_00A","DIST_OTH",2021,0.000393757751136833
"Atlantis_00A","DIST_OTH",2022,0.000398925175692435
"Atlantis_00A","DIST_OTH",2023,0.000404092600248036
"Atlantis_00A","DIST_OTH",2024,0.000409260024803638
"Atlantis_00A","DIST_OTH",2025,0.000414427449359239
"Atlantis_00A","DIST_OTH",2026,0.000443365026870608
"Atlantis_00A","DIST_OTH",2027,0.000472302604381976
"Atlantis_00A","DIST_OTH",2028,0.000502273666804465
"Atlantis_00A","DIST_OTH",2029,0.000531211244315833
"Atlantis_00A","DIST_OTH",2030,0.000560148821827201
"Atlantis_00A","DIST_OTH",2031,0.00058908639933857
"Atlantis_00A","DIST_OTH",2032,0.000618023976849938
"Atlantis_00A","DIST_OTH",2033,0.000646961554361306
"Atlantis_00A","DIST_OTH",2034,0.000676932616783795
"Atlantis_00A","DIST_OTH",2035,0.000705870194295163
"Atlantis_00A","DIST_OTH",2036,0.000734807771806532
"Atlantis_00A","DIST_OTH",2037,0.0007637453493179
"Atlantis_00A","DIST_OTH",2038,0.000792682926829268
"Atlantis_00A","DIST_OTH",2039,0.000822653989251757
"Atlantis_00A","DIST_OTH",2040,0.000851591566763125
"Atlantis_00A","DIST_OTH",2041,0.000881562629185614
"Atlantis_00A","DIST_OTH",2042,0.000910500206696982
"Atlantis_00A","DIST_OTH",2043,0.000939437784208351
"Atlantis_00A","DIST_OTH",2044,0.000968375361719719
"Atlantis_00A","DIST_OTH",2045,0.000997312939231087
"Atlantis_00A","DIST_OTH",2046,0.00102728400165358
"Atlantis_00A","DIST_OTH",2047,0.00105622157916494
"Atlantis_00A","DIST_OTH",2048,0.00108515915667631
"Atlantis_00A","DIST_OTH",2049,0.00111409673418768
"Atlantis_00A","DIST_OTH",2050,0.00114303431169905
"Atlantis_00A","DIST_OTH",2051,0.00117300537412154
"Atlantis_00A","DIST_OTH",2052,0.00120194295163291
"Atlantis_00A","DIST_OTH",2053,0.00123088052914427
"Atlantis_00A","DIST_OTH",2054,0.00125981810665564
"Atlantis_00A","DIST_OTH",2055,0.00128875568416701
"Atlantis_00A","DIST_RES",2014,0.0010438197602315
"Atlantis_00A","DIST_RES",2015,0.00111306324927656
"Atlantis_00A","DIST_RES",2016,0.00117507234394378
"Atlantis_00A","DIST_RES",2017,0.00119987598181067
"Atlantis_00A","DIST_RES",2018,0.00123501446878876
"Atlantis_00A","DIST_RES",2019,0.00126601901612236
"Atlantis_00A","DIST_RES",2020,0.00135593220338983
"Atlantis_00A","DIST_RES",2021,0.00135386523356759
"Atlantis_00A","DIST_RES",2022,0.00140450599421248
"Atlantis_00A","DIST_RES",2023,0.00143861099627945
"Atlantis_00A","DIST_RES",2024,0.00147271599834642
"Atlantis_00A","DIST_RES",2025,0.00150785448532451
"Atlantis_00A","DIST_RES",2026,0.00172281934683754
"Atlantis_00A","DIST_RES",2027,0.00193881769326168
"Atlantis_00A","DIST_RES",2028,0.0021537825547747
"Atlantis_00A","DIST_RES",2029,0.00236978090119884
"Atlantis_00A","DIST_RES",2030,0.00258474576271186
"Atlantis_00A","DIST_RES",2031,0.00280074410913601
"Atlantis_00A","DIST_RES",2032,0.00301570897064903
"Atlantis_00A","DIST_RES",2033,0.00323170731707317
"Atlantis_00A","DIST_RES",2034,0.00344770566349731
"Atlantis_00A","DIST_RES",2035,0.00366267052501034
"Atlantis_00A","DIST_RES",2036,0.00387763538652336
"Atlantis_00A","DIST_RES",2037,0.0040936337329475
"Atlantis_00A","DIST_RES",2038,0.00430963207937165
"Atlantis_00A","DIST_RES",2039,0.00452459694088467
"Atlantis_00A","DIST_RES",2040,0.00473956180239769
"Atlantis_00A","DIST_RES",2041,0.00495556014882183
"Atlantis_00A","DIST_RES",2042,0.00517155849524597
"Atlantis_00A","DIST_RES",2043,0.00538652335675899
"Atlantis_00A","DIST_RES",2044,0.00560148821827201
"Atlantis_00A","DIST_RES",2045,0.00581748656469616
"Atlantis_00A","DIST_RES",2046,0.0060334849111203
"Atlantis_00A","DIST_RES",2047,0.00624844977263332
"Atlantis_00A","DIST_RES",2048,0.00646341463414634
"Atlantis_00A","DIST_RES",2049,0.00667941298057048
"Atlantis_00A","DIST_RES",2050,0.00689541132699463
"Atlantis_00A","DIST_RES",2051,0.00711037618850765
"Atlantis_00A","DIST_RES",2052,0.00732637453493179
"Atlantis_00A","DIST_RES",2053,0.00754133939644481
"Atlantis_00A","DIST_RES",2054,0.00775733774286896
"Atlantis_00A","DIST_RES",2055,0.00797230260438198
"Atlantis_00A","DIST_SER",2014,0.000650062009094667
"Atlantis_00A","DIST_SER",2015,0.000702769739561802
"Atlantis_00A","DIST_SER",2016,0.000744109136006614
"Atlantis_00A","DIST_SER",2017,0.000774080198429103
"Atlantis_00A","DIST_SER",2018,0.000810252170318313
"Atlantis_00A","DIST_SER",2019,0.00083402232327408
"Atlantis_00A","DIST_SER",2020,0.00076477883422902
"Atlantis_00A","DIST_SER",2021,0.000889830508474576
"Atlantis_00A","DIST_SER",2022,0.000913600661430343
"Atlantis_00A","DIST_SER",2023,0.00093840429929723
"Atlantis_00A","DIST_SER",2024,0.000964241422075238
"Atlantis_00A","DIST_SER",2025,0.000990078544853245
"Atlantis_00A","DIST_SER",2026,0.00102108309218685
"Atlantis_00A","DIST_SER",2027,0.00105312112443158
"Atlantis_00A","DIST_SER",2028,0.00108412567176519
"Atlantis_00A","DIST_SER",2029,0.00111409673418768
"Atlantis_00A","DIST_SER",2030,0.00114510128152129
"Atlantis_00A","DIST_SER",2031,0.0011761058288549
"Atlantis_00A","DIST_SER",2032,0.00120814386109963
"Atlantis_00A","DIST_SER",2033,0.00123914840843324
"Atlantis_00A","DIST_SER",2034,0.00127015295576685
"Atlantis_00A","DIST_SER",2035,0.00130115750310046
"Atlantis_00A","DIST_SER",2036,0.00133216205043406
"Atlantis_00A","DIST_SER",2037,0.00136316659776767
"Atlantis_00A","DIST_SER",2038,0.00139417114510128
"Atlantis_00A","DIST_SER",2039,0.00142517569243489
"Atlantis_00A","DIST_SER",2040,0.0014561802397685
"Atlantis_00A","DIST_SER",2041,0.00148718478710211
"Atlantis_00A","DIST_SER",2042,0.00151922281934684
"Atlantis_00A","DIST_SER",2043,0.00155022736668045
"Atlantis_00A","DIST_SER",2044,0.00158019842910294
"Atlantis_00A","DIST_SER",2045,0.00161120297643654
"Atlantis_00A","DIST_SER",2046,0.00164220752377015
"Atlantis_00A","DIST_SER",2047,0.00167424555601488
"Atlantis_00A","DIST_SER",2048,0.00170525010334849
"Atlantis_00A","DIST_SER",2049,0.0017362546506821
"Atlantis_00A","DIST_SER",2050,0.00176725919801571
"Atlantis_00A","DIST_SER",2051,0.00179826374534932
"Atlantis_00A","DIST_SER",2052,0.00182926829268293
"Atlantis_00A","DIST_SER",2053,0.00186027284001654
"Atlantis_00A","DIST_SER",2054,0.00189127738735014
"Atlantis_00A","DIST_SER",2055,0.00192228193468375
"Atlantis_00A","DIST_TRA",2014,1.0334849111203e-06
"Atlantis_00A","DIST_TRA",2015,3.10045473336089e-06
"Atlantis_00A","DIST_TRA",2016,3.10045473336089e-06
"Atlantis_00A","DIST_TRA",2017,5.16742455560149e-06
"Atlantis_00A","DIST_TRA",2018,8.26787928896238e-06
"Atlantis_00A","DIST_TRA",2019,1.13683340223233e-05
"Atlantis_00A","DIST_TRA",2020,7.23439437784208e-06
"Atlantis_00A","DIST_TRA",2021,9.30136420008268e-06
"Atlantis_00A","DIST_TRA",2022,9.30136420008268e-06
"Atlantis_00A","DIST_TRA",2023,1.13683340223233e-05
"Atlantis_00A","DIST_TRA",2024,1.44687887556842e-05
"Atlantis_00A","DIST_TRA",2025,1.75692434890451e-05
"Atlantis_00A","DIST_TRA",2026,0.000223232740801984
"Atlantis_00A","DIST_TRA",2027,0.000488838362959901
"Atlantis_00A","DIST_TRA",2028,0.000827821413807358
"Atlantis_00A","DIST_TRA",2029,0.00125155022736668
"Atlantis_00A","DIST_TRA",2030,0.00177035965274907
"Atlantis_00A","DIST_TRA",2031,0.00238941711451013
"Atlantis_00A","DIST_TRA",2032,0.00310355518809425
"Atlantis_00A","DIST_TRA",2033,0.00389830508474576
"Atlantis_00A","DIST_TRA",2034,0.00474782968168665
"Atlantis_00A","DIST_TRA",2035,0.0056159570070277
"Atlantis_00A","DIST_TRA",2036,0.00646444811905746
"Atlantis_00A","DIST_TRA",2037,0.00725919801570897
"Atlantis_00A","DIST_TRA",2038,0.0079733360892931
"Atlantis_00A","DIST_TRA",2039,0.00859239355105416
"Atlantis_00A","DIST_TRA",2040,0.00911120297643654
"Atlantis_00A","DIST_TRA",2041,0.00953493178999587
"Atlantis_00A","DIST_TRA",2042,0.00987391484084333
"Atlantis_00A","DIST_TRA",2043,0.0101395204630012
"Atlantis_00A","DIST_TRA",2044,0.0103451839603142
"Atlantis_00A","DIST_TRA",2045,0.0105033071517156
"Atlantis_00A","DIST_TRA",2046,0.0106231914014055
"Atlantis_00A","DIST_TRA",2047,0.010713104588673
"Atlantis_00A","DIST_TRA",2048,0.0107813145928069
"Atlantis_00A","DIST_TRA",2049,0.0108319553534518
"Atlantis_00A","DIST_TRA",2050,0.0108701942951633
"Atlantis_00A","DIST_TRA",2051,0.0108980983877635
"Atlantis_00A","DIST_TRA",2052,0.0109187680859859
"Atlantis_00A","DIST_TRA",2053,0.0109342703596527
"Atlantis_00A","DIST_TRA",2054,0.0109466721785862
"Atlantis_00A","DIST_TRA",2055,0.0109611409673419
"Atlantis_00A","DS_IMP",2014,0.00599
"Atlantis_00A","DS_IMP",2015,0.006073
"Atlantis_00A","DS_IMP",2016,0.006212
"Atlantis_00A","DS_IMP",2017,0.006772
"Atlantis_00A","DS_IMP",2018,0.006955
"Atlantis_00A","DS_IMP",2019,0.006954
"Atlantis_00A","DS_IMP",2020,0.006058
"Atlantis_00A","DS_IMP",2021,0.007182
"Atlantis_00A","DS_IMP",2022,0.007486
"Atlantis_00A","DS_IMP",2023,0.007794
"Atlantis_00A","DS_IMP",2024,0.008133
"Atlantis_00A","DS_IMP",2025,0.008514
"Atlantis_00A","DS_IMP",2026,0.008173
"Atlantis_00A","DS_IMP",2027,0.007833
"Atlantis_00A","DS_IMP",2028,0.007492
"Atlantis_00A","DS_IMP",2029,0.007151
"Atlantis_00A","DS_IMP",2030,0.006811
"Atlantis_00A","DS_IMP",2031,0.006471
"Atlantis_00A","DS_IMP",2032,0.00613
"Atlantis_00A","DS_IMP",2033,0.005789
"Atlantis_00A","DS_IMP",2034,0.005449
"Atlantis_00A","DS_IMP",2035,0.005109
"Atlantis_00A","DS_IMP",2036,0.004768
"Atlantis_00A","DS_IMP",2037,0.004427
"Atlantis_00A","DS_IMP",2038,0.004086
"Atlantis_00A","DS_IMP",2039,0.003746
"Atlantis_00A","DS_IMP",2040,0.00352136603650482
"Atlantis_00A","DS_IMP",2041,0.003065
"Atlantis_00A","DS_IMP",2042,0.00286259730876572
"Atlantis_00A","DS_IMP",2043,0.002383
"Atlantis_00A","DS_IMP",2044,0.00257441411128713
"Atlantis_00A","DS_IMP",2045,0.00195289517594043
"Atlantis_00A","DS_IMP",2046,0.001362
"Atlantis_00A","DS_IMP",2047,0.001021
"Atlantis_00A","DS_IMP",2048,0.000682
"Atlantis_00A","DS_IMP",2049,0.000341
"Atlantis_00A","DS_IMP",2050,0
"Atlantis_00A","DS_IMP",2051,0
"Atlantis_00A","DS_IMP",2052,0
"Atlantis_00A","DS_IMP",2053,0
"Atlantis_00A","DS_IMP",2054,0
"Atlantis_00A","DS_IMP",2055,0
"Atlantis_00A","DS_IND",2014,0.000232
"Atlantis_00A","DS_IND",2015,0.00023
"Atlantis_00A","DS_IND",2016,0.000175
"Atlantis_00A","DS_IND",2017,0.000252
"Atlantis_00A","DS_IND",2018,0.000247
"Atlantis_00A","DS_IND",2019,0.000224
"Atlantis_00A","DS_IND",2020,0.000157
"Atlantis_00A","DS_IND",2021,0.000215
"Atlantis_00A","DS_IND",2022,0.000209
"Atlantis_00A","DS_IND",2023,0.000202
"Atlantis_00A","DS_IND",2024,0.000197
"Atlantis_00A","DS_IND",2025,0.000195
"Atlantis_00A","DS_IND",2026,0.000187
"Atlantis_00A","DS_IND",2027,0.000179
"Atlantis_00A","DS_IND",2028,0.000171
"Atlantis_00A","DS_IND",2029,0.000163
"Atlantis_00A","DS_IND",2030,0.000156
"Atlantis_00A","DS_IND",2031,0.000148
"Atlantis_00A","DS_IND",2032,0.00014
"Atlantis_00A","DS_IND",2033,0.000132
"Atlantis_00A","DS_IND",2034,0.000125
"Atlantis_00A","DS_IND",2035,0.000117
"Atlantis_00A","DS_IND",2036,0.000109
"Atlantis_00A","DS_IND",2037,0.000101
"Atlantis_00A","DS_IND",2038,9.30000000000001e-05
"Atlantis_00A","DS_IND",2039,8.6e-05
"Atlantis_00A","DS_IND",2040,7.8e-05
"Atlantis_00A","DS_IND",2041,7e-05
"Atlantis_00A","DS_IND",2042,6.2e-05
"Atlantis_00A","DS_IND",2043,5.4e-05
"Atlantis_00A","DS_IND",2044,4.7e-05
"Atlantis_00A","DS_IND",2045,3.9e-05
"Atlantis_00A","DS_IND",2046,3.1e-05
"Atlantis_00A","DS_IND",2047,2.3e-05
"Atlantis_00A","DS_IND",2048,1.6e-05
"Atlantis_00A","DS_IND",2049,8e-06
"Atlantis_00A","DS_IND",2050,0
"Atlantis_00A","DS_IND",2051,0
"Atlantis_00A","DS_IND",2052,0
"Atlantis_00A","DS_IND",2053,0
"Atlantis_00A","DS_IND",2054,0
"Atlantis_00A","DS_IND",2055,0
"Atlantis_00A","DS_OTH",2014,0.000503999999999999
"Atlantis_00A","DS_OTH",2015,0.000501000000000002
"Atlantis_00A","DS_OTH",2016,0.000506
"Atlantis_00A","DS_OTH",2017,0.000535
"Atlantis_00A","DS_OTH",2018,0.000578000000000001
"Atlantis_00A","DS_OTH",2019,0.000595
"Atlantis_00A","DS_OTH",2020,0.000607
"Atlantis_00A","DS_OTH",2021,0.000631
"Atlantis_00A","DS_OTH",2022,0.000653
"Atlantis_00A","DS_OTH",2023,0.000675
"Atlantis_00A","DS_OTH",2024,0.000697
"Atlantis_00A","DS_OTH",2025,0.000719000000000001
"Atlantis_00A","DS_OTH",2026,0.000690000000000002
"Atlantis_00A","DS_OTH",2027,0.000662
"Atlantis_00A","DS_OTH",2028,0.000632999999999999
"Atlantis_00A","DS_OTH",2029,0.000604
"Atlantis_00A","DS_OTH",2030,0.000575
"Atlantis_00A","DS_OTH",2031,0.000546999999999998
"Atlantis_00A","DS_OTH",2032,0.000518
"Atlantis_00A","DS_OTH",2033,0.000489
"Atlantis_00A","DS_OTH",2034,0.00046
"Atlantis_00A","DS_OTH",2035,0.000432
"Atlantis_00A","DS_OTH",2036,0.000403
"Atlantis_00A","DS_OTH",2037,0.000374
"Atlantis_00A","DS_OTH",2038,0.000345
"Atlantis_00A","DS_OTH",2039,0.000316
"Atlantis_00A","DS_OTH",2040,0.000288
"Atlantis_00A","DS_OTH",2041,0.000259
"Atlantis_00A","DS_OTH",2042,0.00023
"Atlantis_00A","DS_OTH",2043,0.000201
"Atlantis_00A","DS_OTH",2044,0.000173
"Atlantis_00A","DS_OTH",2045,0.000144
"Atlantis_00A","DS_OTH",2046,0.000115
"Atlantis_00A","DS_OTH",2047,8.6e-05
"Atlantis_00A","DS_OTH",2048,5.8e-05
"Atlantis_00A","DS_OTH",2049,2.9e-05
"Atlantis_00A","DS_OTH",2050,0
"Atlantis_00A","DS_OTH",2051,0
"Atlantis_00A","DS_OTH",2052,0
"Atlantis_00A","DS_OTH",2053,0
"Atlantis_00A","DS_OTH",2054,0
"Atlantis_00A","DS_OTH",2055,0
"Atlantis_00A","DS_TRA",2014,0.005254
"Atlantis_00A","DS_TRA",2015,0.005342
"Atlantis_00A","DS_TRA",2016,0.005531
"Atlantis_00A","DS_TRA",2017,0.005985
"Atlantis_00A","DS_TRA",2018,0.00613
"Atlantis_00A","DS_TRA",2019,0.006135
"Atlantis_00A","DS_TRA",2020,0.005294
"Atlantis_00A","DS_TRA",2021,0.006336
"Atlantis_00A","DS_TRA",2022,0.006624
"Atlantis_00A","DS_TRA",2023,0.006917
"Atlantis_00A","DS_TRA",2024,0.007239
"Atlantis_00A","DS_TRA",2025,0.0076
"Atlantis_00A","DS_TRA",2026,0.007296
"Atlantis_00A","DS_TRA",2027,0.006992
"Atlantis_00A","DS_TRA",2028,0.006688
"Atlantis_00A","DS_TRA",2029,0.006384
"Atlantis_00A","DS_TRA",2030,0.00608
"Atlantis_00A","DS_TRA",2031,0.005776
"Atlantis_00A","DS_TRA",2032,0.005472
"Atlantis_00A","DS_TRA",2033,0.005168
"Atlantis_00A","DS_TRA",2034,0.004864
"Atlantis_00A","DS_TRA",2035,0.00456
"Atlantis_00A","DS_TRA",2036,0.004256
"Atlantis_00A","DS_TRA",2037,0.003952
"Atlantis_00A","DS_TRA",2038,0.003648
"Atlantis_00A","DS_TRA",2039,0.003344
"Atlantis_00A","DS_TRA",2040,0.00304
"Atlantis_00A","DS_TRA",2041,0.002736
"Atlantis_00A","DS_TRA",2042,0.002432
"Atlantis_00A","DS_TRA",2043,0.002128
"Atlantis_00A","DS_TRA",2044,0.001824
"Atlantis_00A","DS_TRA",2045,0.00152
"Atlantis_00A","DS_TRA",2046,0.001216
"Atlantis_00A","DS_TRA",2047,0.000912
"Atlantis_00A","DS_TRA",2048,0.000608
"Atlantis_00A","DS_TRA",2049,0.000304
"Atlantis_00A","DS_TRA",2050,0
"Atlantis_00A","DS_TRA",2051,0
"Atlantis_00A","DS_TRA",2052,0
"Atlantis_00A","DS_TRA",2053,0
"Atlantis_00A","DS_TRA",2054,0
"Atlantis_00A","DS_TRA",2055,0
"Atlantis_00A","DSGC",2014,0
"Atlantis_00A","DSGC",2015,0
"Atlantis_00A","DSGC",2016,0
"Atlantis_00A","DSGC",2017,0
"Atlantis_00A","DSGC",2018,0
"Atlantis_00A","DSGC",2019,0
"Atlantis_00A","DSGC",2020,0
"Atlantis_00A","DSGC",2021,0
"Atlantis_00A","DSGC",2022,0
"Atlantis_00A","DSGC",2023,0
"Atlantis_00A","DSGC",2024,0
"Atlantis_00A","DSGC",2025,0
"Atlantis_00A","DSGC",2026,0
"Atlantis_00A","DSGC",2027,0
"Atlantis_00A","DSGC",2028,0
"Atlantis_00A","DSGC",2029,0
"Atlantis_00A","DSGC",2030,0
"Atlantis_00A","DSGC",2031,0
"Atlantis_00A","DSGC",2032,0
"Atlantis_00A","DSGC",2033,0
"Atlantis_00A","DSGC",2034,0
"Atlantis_00A","DSGC",2035,0
"Atlantis_00A","DSGC",2036,0
"Atlantis_00A","DSGC",2037,0
"Atlantis_00A","DSGC",2038,0
"Atlantis_00A","DSGC",2039,0
"Atlantis_00A","DSGC",2040,13.621884269223
"Atlantis_00A","DSGC",2041,0
"Atlantis_00A","DSGC",2042,16.3649246973442
"Atlantis_00A","DSGC",2043,0
"Atlantis_00A","DSGC",2044,62.6288278388964
"Atlantis_00A","DSGC",2045,29.5064584797055
"Atlantis_00A","DSGC",2046,0
"Atlantis_00A","DSGC",2047,0
"Atlantis_00A","DSGC",2048,0
"Atlantis_00A","DSGC",2049,0
"Atlantis_00A","DSGC",2050,0
"Atlantis_00A","DSGC",2051,0
"Atlantis_00A","DSGC",2052,0
"Atlantis_00A","DSGC",2053,0
"Atlantis_00A","DSGC",2054,0
"Atlantis_00A","DSGC",2055,0
"Atlantis_00A","EXP_HF",2014,0
"Atlantis_00A","EXP_HF",2015,0
"Atlantis_00A","EXP_HF",2016,0
"Atlantis_00A","EXP_HF",2017,0
"Atlantis_00A","EXP_HF",2018,0
"Atlantis_00A","EXP_HF",2019,0
"Atlantis_00A","EXP_HF",2020,0
"Atlantis_00A","EXP_HF",2021,0
"Atlantis_00A","EXP_HF",2022,0
"Atlantis_00A","EXP_HF",2023,0
"Atlantis_00A","EXP_HF",2024,0
"Atlantis_00A","EXP_HF",2025,0
"Atlantis_00A","EXP_HF",2026,0
"Atlantis_00A","EXP_HF",2027,0
"Atlantis_00A","EXP_HF",2028,0
"Atlantis_00A","EXP_HF",2029,0
"Atlantis_00A","EXP_HF",2030,0
"Atlantis_00A","EXP_HF",2031,0
"Atlantis_00A","EXP_HF",2032,0
"Atlantis_00A","EXP_HF",2033,0
"Atlantis_00A","EXP_HF",2034,0
"Atlantis_00A","EXP_HF",2035,0
"Atlantis_00A","EXP_HF",2036,0
"Atlantis_00A","EXP_HF",2037,0
"Atlantis_00A","EXP_HF",2038,0
"Atlantis_00A","EXP_HF",2039,0
"Atlantis_00A","EXP_HF",2040,0
"Atlantis_00A","EXP_HF",2041,0
"Atlantis_00A","EXP_HF",2042,0
"Atlantis_00A","EXP_HF",2043,0
"Atlantis_00A","EXP_HF",2044,0
"Atlantis_00A","EXP_HF",2045,0
"Atlantis_00A","EXP_HF",2046,0
"Atlantis_00A","EXP_HF",2047,0
"Atlantis_00A","EXP_HF",2048,0
"Atlantis_00A","EXP_HF",2049,0
"Atlantis_00A","EXP_HF",2050,0
"Atlantis_00A","EXP_HF",2051,0
"Atlantis_00A","EXP_HF",2052,0
"Atlantis_00A","EXP_HF",2053,0
"Atlantis_00A","EXP_HF",2054,0
"Atlantis_00A","EXP_HF",2055,0
"Atlantis_00A","EXP_NG",2014,0
"Atlantis_00A","EXP_NG",2015,0
"Atlantis_00A","EXP_NG",2016,0
"Atlantis_00A","EXP_NG",2017,0
"Atlantis_00A","EXP_NG",2018,0
"Atlantis_00A","EXP_NG",2019,0
"Atlantis_00A","EXP_NG",2020,0
"Atlantis_00A","EXP_NG",2021,0
"Atlantis_00A","EXP_NG",2022,0
"Atlantis_00A","EXP_NG",2023,0
"Atlantis_00A","EXP_NG",2024,0
"Atlantis_00A","EXP_NG",2025,0
"Atlantis_00A","EXP_NG",2026,0
"Atlantis_00A","EXP_NG",2027,0
"Atlantis_00A","EXP_NG",2028,0
"Atlantis_00A","EXP_NG",2029,0
"Atlantis_00A","EXP_NG",2030,0
"Atlantis_00A","EXP_NG",2031,0
"Atlantis_00A","EXP_NG",2032,0
"Atlantis_00A","EXP_NG",2033,0
"Atlantis_00A","EXP_NG",2034,0
"Atlantis_00A","EXP_NG",2035,0
"Atlantis_00A","EXP_NG",2036,0
"Atlantis_00A","EXP_NG",2037,0
"Atlantis_00A","EXP_NG",2038,0
"Atlantis_00A","EXP_NG",2039,0
"Atlantis_00A","EXP_NG",2040,0
"Atlantis_00A","EXP_NG",2041,0
"Atlantis_00A","EXP_NG",2042,0
"Atlantis_00A","EXP_NG",2043,0
"Atlantis_00A","EXP_NG",2044,0
"Atlantis_00A","EXP_NG",2045,0
"Atlantis_00A","EXP_NG",2046,0
"Atlantis_00A","EXP_NG",2047,0
"Atlantis_00A","EXP_NG",2048,0
"Atlantis_00A","EXP_NG",2049,0
"Atlantis_00A","EXP_NG",2050,0
"Atlantis_00A","EXP_NG",2051,0
"Atlantis_00A","EXP_NG",2052,0
"Atlantis_00A","EXP_NG",2053,0
"Atlantis_00A","EXP_NG",2054,0
"Atlantis_00A","EXP_NG",2055,0
"Atlantis_00A","GT_FC",2014,0
"Atlantis_00A","GT_FC",2015,0
"Atlantis_00A","GT_FC",2016,0
"Atlantis_00A","GT_FC",2017,0
"Atlantis_00A","GT_FC",2018,0
"Atlantis_00A","GT_FC",2019,0
"Atlantis_00A","GT_FC",2020,0
"Atlantis_00A","GT_FC",2021,0
"Atlantis_00A","GT_FC",2022,0
"Atlantis_00A","GT_FC",2023,0
"Atlantis_00A","GT_FC",2024,0
"Atlantis_00A","GT_FC",2025,0
"Atlantis_00A","GT_FC",2026,0
"Atlantis_00A","GT_FC",2027,0
"Atlantis_00A","GT_FC",2028,0
"Atlantis_00A","GT_FC",2029,0
"Atlantis_00A","GT_FC",2030,0
"Atlantis_00A","GT_FC",2031,0
"Atlantis_00A","GT_FC",2032,0
"Atlantis_00A","GT_FC",2033,0
"Atlantis_00A","GT_FC",2034,0
"Atlantis_00A","GT_FC",2035,0
"Atlantis_00A","GT_FC",2036,0
"Atlantis_00A","GT_FC",2037,0
"Atlantis_00A","GT_FC",2038,0
"Atlantis_00A","GT_FC",2039,0
"Atlantis_00A","GT_FC",2040,0
"Atlantis_00A","GT_FC",2041,0
"Atlantis_00A","GT_FC",2042,0
"Atlantis_00A","GT_FC",2043,0
"Atlantis_00A","GT_FC",2044,0
"Atlantis_00A","GT_FC",2045,0
"Atlantis_00A","GT_FC",2046,0
"Atlantis_00A","GT_FC",2047,0
"Atlantis_00A","GT_FC",2048,0
"Atlantis_00A","GT_FC",2049,0
"Atlantis_00A","GT_FC",2050,0
"Atlantis_00A","GT_FC",2051,0
"Atlantis_00A","GT_FC",2052,0
"Atlantis_00A","GT_FC",2053,0
"Atlantis_00A","GT_FC",2054,0
"Atlantis_00A","GT_FC",2055,0
"Atlantis_00A","HF_IMP",2014,0.013235
"Atlantis_00A","HF_IMP",2015,0.013722
"Atlantis_00A","HF_IMP",2016,0.014331
"Atlantis_00A","HF_IMP",2017,0.015116
"Atlantis_00A","HF_IMP",2018,0.015586
"Atlantis_00A","HF_IMP",2019,0.015899
"Atlantis_00A","HF_IMP",2020,0.013231
"Atlantis_00A","HF_IMP",2021,0.016381
"Atlantis_00A","HF_IMP",2022,0.017639
"Atlantis_00A","HF_IMP",2023,0.017815
"Atlantis_00A","HF_IMP",2024,0.017992
"Atlantis_00A","HF_IMP",2025,0.018174
"Atlantis_00A","HF_IMP",2026,0.017446
"Atlantis_00A","HF_IMP",2027,0.01672
"Atlantis_00A","HF_IMP",2028,0.015992
"Atlantis_00A","HF_IMP",2029,0.015266
"Atlantis_00A","HF_IMP",2030,0.014539
"Atlantis_00A","HF_IMP",2031,0.013813
"Atlantis_00A","HF_IMP",2032,0.013084
"Atlantis_00A","HF_IMP",2033,0.012359
"Atlantis_00A","HF_IMP",2034,0.011632
"Atlantis_00A","HF_IMP",2035,0.010904
"Atlantis_00A","HF_IMP",2036,0.010177
"Atlantis_00A","HF_IMP",2037,0.009451
"Atlantis_00A","HF_IMP",2038,0.008725
"Atlantis_00A","HF_IMP",2039,0.00799599999999999
"Atlantis_00A","HF_IMP",2040,0.007268
"Atlantis_00A","HF_IMP",2041,0.00654200000000001
"Atlantis_00A","HF_IMP",2042,0.005815
"Atlantis_00A","HF_IMP",2043,0.005088
"Atlantis_00A","HF_IMP",2044,0.004362
"Atlantis_00A","HF_IMP",2045,0.003637
"Atlantis_00A","HF_IMP",2046,0.00291
"Atlantis_00A","HF_IMP",2047,0.00218
"Atlantis_00A","HF_IMP",2048,0.001452
"Atlantis_00A","HF_IMP",2049,0.000728
"Atlantis_00A","HF_IMP",2050,0
"Atlantis_00A","HF_IMP",2051,0
"Atlantis_00A","HF_IMP",2052,0
"Atlantis_00A","HF_IMP",2053,0
"Atlantis_00A","HF_IMP",2054,0
"Atlantis_00A","HF_IMP",2055,0
"Atlantis_00A","HF_IND",2014,0.000841
"Atlantis_00A","HF_IND",2015,0.000804
"Atlantis_00A","HF_IND",2016,0.000724
"Atlantis_00A","HF_IND",2017,0.000691
"Atlantis_00A","HF_IND",2018,0.000642
"Atlantis_00A","HF_IND",2019,0.000768
"Atlantis_00A","HF_IND",2020,0.000419
"Atlantis_00A","HF_IND",2021,0.000404
"Atlantis_00A","HF_IND",2022,0.000398
"Atlantis_00A","HF_IND",2023,0.000404
"Atlantis_00A","HF_IND",2024,0.00041
"Atlantis_00A","HF_IND",2025,0.000416
"Atlantis_00A","HF_IND",2026,0.000399
"Atlantis_00A","HF_IND",2027,0.000382
"Atlantis_00A","HF_IND",2028,0.000365
"Atlantis_00A","HF_IND",2029,0.000348
"Atlantis_00A","HF_IND",2030,0.000331
"Atlantis_00A","HF_IND",2031,0.000318
"Atlantis_00A","HF_IND",2032,0.000301
"Atlantis_00A","HF_IND",2033,0.000284
"Atlantis_00A","HF_IND",2034,0.000267
"Atlantis_00A","HF_IND",2035,0.00025
"Atlantis_00A","HF_IND",2036,0.000233
"Atlantis_00A","HF_IND",2037,0.000216000000000002
"Atlantis_00A","HF_IND",2038,0.000200000000000001
"Atlantis_00A","HF_IND",2039,0.000182999999999998
"Atlantis_00A","HF_IND",2040,0.000166000000000001
"Atlantis_00A","HF_IND",2041,0.000149
"Atlantis_00A","HF_IND",2042,0.000131999999999998
"Atlantis_00A","HF_IND",2043,0.000115
"Atlantis_00A","HF_IND",2044,0.000102
"Atlantis_00A","HF_IND",2045,8.49999999999995e-05
"Atlantis_00A","HF_IND",2046,6.79999999999999e-05
"Atlantis_00A","HF_IND",2047,5.09999999999996e-05
"Atlantis_00A","HF_IND",2048,3.4e-05
"Atlantis_00A","HF_IND",2049,1.7e-05
"Atlantis_00A","HF_IND",2050,0
"Atlantis_00A","HF_IND",2051,0
"Atlantis_00A","HF_IND",2052,0
"Atlantis_00A","HF_IND",2053,0
"Atlantis_00A","HF_IND",2054,0
"Atlantis_00A","HF_IND",2055,0
"Atlantis_00A","HF_OTH",2014,0
"Atlantis_00A","HF_OTH",2015,0
"Atlantis_00A","HF_OTH",2016,0
"Atlantis_00A","HF_OTH",2017,0
"Atlantis_00A","HF_OTH",2018,0
"Atlantis_00A","HF_OTH",2019,0
"Atlantis_00A","HF_OTH",2020,0
"Atlantis_00A","HF_OTH",2021,0
"Atlantis_00A","HF_OTH",2022,0
"Atlantis_00A","HF_OTH",2023,0
"Atlantis_00A","HF_OTH",2024,0
"Atlantis_00A","HF_OTH",2025,0
"Atlantis_00A","HF_OTH",2026,0
"Atlantis_00A","HF_OTH",2027,0
"Atlantis_00A","HF_OTH",2028,0
"Atlantis_00A","HF_OTH",2029,0
"Atlantis_00A","HF_OTH",2030,0
"Atlantis_00A","HF_OTH",2031,0
"Atlantis_00A","HF_OTH",2032,0
"Atlantis_00A","HF_OTH",2033,0
"Atlantis_00A","HF_OTH",2034,0
"Atlantis_00A","HF_OTH",2035,0
"Atlantis_00A","HF_OTH",2036,0
"Atlantis_00A","HF_OTH",2037,0
"Atlantis_00A","HF_OTH",2038,0
"Atlantis_00A","HF_OTH",2039,0
"Atlantis_00A","HF_OTH",2040,0
"Atlantis_00A","HF_OTH",2041,0
"Atlantis_00A","HF_OTH",2042,0
"Atlantis_00A","HF_OTH",2043,0
"Atlantis_00A","HF_OTH",2044,0
"Atlantis_00A","HF_OTH",2045,0
"Atlantis_00A","HF_OTH",2046,0
"Atlantis_00A","HF_OTH",2047,0
"Atlantis_00A","HF_OTH",2048,0
"Atlantis_00A","HF_OTH",2049,0
"Atlantis_00A","HF_OTH",2050,0
"Atlantis_00A","HF_OTH",2051,0
"Atlantis_00A","HF_OTH",2052,0
"Atlantis_00A","HF_OTH",2053,0
"Atlantis_00A","HF_OTH",2054,0
"Atlantis_00A","HF_OTH",2055,0
"Atlantis_00A","HF_RES",2014,0.001914
"Atlantis_00A","HF_RES",2015,0.001971
"Atlantis_00A","HF_RES",2016,0.002004
"Atlantis_00A","HF_RES",2017,0.002009
"Atlantis_00A","HF_RES",2018,0.002082
"Atlantis_00A","HF_RES",2019,0.002106
"Atlantis_00A","HF_RES",2020,0.002009
"Atlantis_00A","HF_RES",2021,0.002223
"Atlantis_00A","HF_RES",2022,0.002286
"Atlantis_00A","HF_RES",2023,0.002258
"Atlantis_00A","HF_RES",2024,0.002231
"Atlantis_00A","HF_RES",2025,0.002204
"Atlantis_00A","HF_RES",2026,0.002116
"Atlantis_00A","HF_RES",2027,0.002028
"Atlantis_00A","HF_RES",2028,0.00194
"Atlantis_00A","HF_RES",2029,0.001852
"Atlantis_00A","HF_RES",2030,0.001764
"Atlantis_00A","HF_RES",2031,0.001675
"Atlantis_00A","HF_RES",2032,0.001586
"Atlantis_00A","HF_RES",2033,0.001498
"Atlantis_00A","HF_RES",2034,0.00141
"Atlantis_00A","HF_RES",2035,0.001322
"Atlantis_00A","HF_RES",2036,0.001234
"Atlantis_00A","HF_RES",2037,0.001146
"Atlantis_00A","HF_RES",2038,0.001058
"Atlantis_00A","HF_RES",2039,0.00097
"Atlantis_00A","HF_RES",2040,0.000882
"Atlantis_00A","HF_RES",2041,0.000794
"Atlantis_00A","HF_RES",2042,0.000706
"Atlantis_00A","HF_RES",2043,0.000618
"Atlantis_00A","HF_RES",2044,0.000528
"Atlantis_00A","HF_RES",2045,0.00044
"Atlantis_00A","HF_RES",2046,0.000352
"Atlantis_00A","HF_RES",2047,0.000264
"Atlantis_00A","HF_RES",2048,0.000176
"Atlantis_00A","HF_RES",2049,8.8e-05
"Atlantis_00A","HF_RES",2050,0
"Atlantis_00A","HF_RES",2051,0
"Atlantis_00A","HF_RES",2052,0
"Atlantis_00A","HF_RES",2053,0
"Atlantis_00A","HF_RES",2054,0
"Atlantis_00A","HF_RES",2055,0
"Atlantis_00A","HF_SER",2014,5.3e-05
"Atlantis_00A","HF_SER",2015,5.3e-05
"Atlantis_00A","HF_SER",2016,5.7e-05
"Atlantis_00A","HF_SER",2017,5.9e-05
"Atlantis_00A","HF_SER",2018,5.4e-05
"Atlantis_00A","HF_SER",2019,5.9e-05
"Atlantis_00A","HF_SER",2020,4.3e-05
"Atlantis_00A","HF_SER",2021,6.8e-05
"Atlantis_00A","HF_SER",2022,7.8e-05
"Atlantis_00A","HF_SER",2023,7.9e-05
"Atlantis_00A","HF_SER",2024,7.9e-05
"Atlantis_00A","HF_SER",2025,8e-05
"Atlantis_00A","HF_SER",2026,7.6e-05
"Atlantis_00A","HF_SER",2027,7.3e-05
"Atlantis_00A","HF_SER",2028,6.9e-05
"Atlantis_00A","HF_SER",2029,6.7e-05
"Atlantis_00A","HF_SER",2030,6.4e-05
"Atlantis_00A","HF_SER",2031,6e-05
"Atlantis_00A","HF_SER",2032,5.6e-05
"Atlantis_00A","HF_SER",2033,5.5e-05
"Atlantis_00A","HF_SER",2034,5.1e-05
"Atlantis_00A","HF_SER",2035,4.7e-05
"Atlantis_00A","HF_SER",2036,4.4e-05
"Atlantis_00A","HF_SER",2037,4.2e-05
"Atlantis_00A","HF_SER",2038,3.8e-05
"Atlantis_00A","HF_SER",2039,3.5e-05
"Atlantis_00A","HF_SER",2040,3.1e-05
"Atlantis_00A","HF_SER",2041,2.9e-05
"Atlantis_00A","HF_SER",2042,2.50000000000001e-05
"Atlantis_00A","HF_SER",2043,2.2e-05
"Atlantis_00A","HF_SER",2044,1.8e-05
"Atlantis_00A","HF_SER",2045,1.6e-05
"Atlantis_00A","HF_SER",2046,1.29999999999998e-05
"Atlantis_00A","HF_SER",2047,8.99999999999992e-06
"Atlantis_00A","HF_SER",2048,4.99999999999994e-06
"Atlantis_00A","HF_SER",2049,4e-06
"Atlantis_00A","HF_SER",2050,0
"Atlantis_00A","HF_SER",2051,0
"Atlantis_00A","HF_SER",2052,0
"Atlantis_00A","HF_SER",2053,0
"Atlantis_00A","HF_SER",2054,0
"Atlantis_00A","HF_SER",2055,0
"Atlantis_00A","HF_TRA",2014,0.010427
"Atlantis_00A","HF_TRA",2015,0.010894
"Atlantis_00A","HF_TRA",2016,0.011546
"Atlantis_00A","HF_TRA",2017,0.012357
"Atlantis_00A","HF_TRA",2018,0.012808
"Atlantis_00A","HF_TRA",2019,0.012966
"Atlantis_00A","HF_TRA",2020,0.01076
"Atlantis_00A","HF_TRA",2021,0.013686
"Atlantis_00A","HF_TRA",2022,0.014877
"Atlantis_00A","HF_TRA",2023,0.015074
"Atlantis_00A","HF_TRA",2024,0.015272
"Atlantis_00A","HF_TRA",2025,0.015474
"Atlantis_00A","HF_TRA",2026,0.014855
"Atlantis_00A","HF_TRA",2027,0.014237
"Atlantis_00A","HF_TRA",2028,0.013618
"Atlantis_00A","HF_TRA",2029,0.012999
"Atlantis_00A","HF_TRA",2030,0.01238
"Atlantis_00A","HF_TRA",2031,0.01176
"Atlantis_00A","HF_TRA",2032,0.011141
"Atlantis_00A","HF_TRA",2033,0.010522
"Atlantis_00A","HF_TRA",2034,0.009904
"Atlantis_00A","HF_TRA",2035,0.009285
"Atlantis_00A","HF_TRA",2036,0.008666
"Atlantis_00A","HF_TRA",2037,0.008047
"Atlantis_00A","HF_TRA",2038,0.007429
"Atlantis_00A","HF_TRA",2039,0.006808
"Atlantis_00A","HF_TRA",2040,0.006189
"Atlantis_00A","HF_TRA",2041,0.00557
"Atlantis_00A","HF_TRA",2042,0.004952
"Atlantis_00A","HF_TRA",2043,0.004333
"Atlantis_00A","HF_TRA",2044,0.003714
"Atlantis_00A","HF_TRA",2045,0.003096
"Atlantis_00A","HF_TRA",2046,0.002477
"Atlantis_00A","HF_TRA",2047,0.001856
"Atlantis_00A","HF_TRA",2048,0.001237
"Atlantis_00A","HF_TRA",2049,0.000619
"Atlantis_00A","HF_TRA",2050,0
"Atlantis_00A","HF_TRA",2051,0
"Atlantis_00A","HF_TRA",2052,0
"Atlantis_00A","HF_TRA",2053,0
"Atlantis_00A","HF_TRA",2054,0
"Atlantis_00A","HF_TRA",2055,0
"Atlantis_00A","HYDRO_DAM",2014,0.0008339260760064
"Atlantis_00A","HYDRO_DAM",2015,0.000835614185472
"Atlantis_00A","HYDRO_DAM",2016,0.000835614185472
"Atlantis_00A","HYDRO_DAM",2017,0.001046627868672
"Atlantis_00A","HYDRO_DAM",2018,0.0011242809040896
"Atlantis_00A","HYDRO_DAM",2019,0.00123721542733824
"Atlantis_00A","HYDRO_DAM",2020,0.00123721542733824
"Atlantis_00A","HYDRO_DAM",2021,0.00123721542733824
"Atlantis_00A","HYDRO_DAM",2022,0.00123721542733824
"Atlantis_00A","HYDRO_DAM",2023,0.00123721542733824
"Atlantis_00A","HYDRO_DAM",2024,0.00123721542733824
"Atlantis_00A","HYDRO_DAM",2025,0.00123721542733824
"Atlantis_00A","HYDRO_DAM",2026,0.00123721542733824
"Atlantis_00A","HYDRO_DAM",2027,0.00123721542733824
"Atlantis_00A","HYDRO_DAM",2028,0.00123721542733824
"Atlantis_00A","HYDRO_DAM",2029,0.00123721542733824
"Atlantis_00A","HYDRO_DAM",2030,0.00123721542733824
"Atlantis_00A","HYDRO_DAM",2031,0.00219868446779147
"Atlantis_00A","HYDRO_DAM",2032,0.00309647248631792
"Atlantis_00A","HYDRO_DAM",2033,0.00535345833212909
"Atlantis_00A","HYDRO_DAM",2034,0.00318106842342793
"Atlantis_00A","HYDRO_DAM",2035,0.00431848187293943
"Atlantis_00A","HYDRO_DAM",2036,0.00518338255628282
"Atlantis_00A","HYDRO_DAM",2037,0.00583403308927893
"Atlantis_00A","HYDRO_DAM",2038,0.00644480504122048
"Atlantis_00A","HYDRO_DAM",2039,0.00700625348501551
"Atlantis_00A","HYDRO_DAM",2040,0.00791735346628897
"Atlantis_00A","HYDRO_DAM",2041,0.00919676924042714
"Atlantis_00A","HYDRO_DAM",2042,0.0099686067933901
"Atlantis_00A","HYDRO_DAM",2043,0.0101574517832457
"Atlantis_00A","HYDRO_DAM",2044,0.0101830014297226
"Atlantis_00A","HYDRO_DAM",2045,0.00950141372142767
"Atlantis_00A","HYDRO_DAM",2046,0.00882550594529851
"Atlantis_00A","HYDRO_DAM",2047,0.00815111584049223
"Atlantis_00A","HYDRO_DAM",2048,0.00751714664523381
"Atlantis_00A","HYDRO_DAM",2049,0.00654986058840809
"Atlantis_00A","HYDRO_DAM",2050,0.00684236574415132
"Atlantis_00A","HYDRO_DAM",2051,0.00699713056763468
"Atlantis_00A","HYDRO_DAM",2052,0.00692041899842654
"Atlantis_00A","HYDRO_DAM",2053,0.00691937232798172
"Atlantis_00A","HYDRO_DAM",2054,0.00693530814397186
"Atlantis_00A","HYDRO_DAM",2055,0.00692966686347263
"Atlantis_00A","HYDRO_MIN",2014,2.97142535808e-06
"Atlantis_00A","HYDRO_MIN",2015,2.97142535808e-06
"Atlantis_00A","HYDRO_MIN",2016,2.97142535808e-06
"Atlantis_00A","HYDRO_MIN",2017,2.97142535808e-06
"Atlantis_00A","HYDRO_MIN",2018,2.97142535808e-06
"Atlantis_00A","HYDRO_MIN",2019,2.97142535808e-06
"Atlantis_00A","HYDRO_MIN",2020,2.97142535808e-06
"Atlantis_00A","HYDRO_MIN",2021,2.97142535808e-06
"Atlantis_00A","HYDRO_MIN",2022,2.97142535808e-06
"Atlantis_00A","HYDRO_MIN",2023,2.97142535808e-06
"Atlantis_00A","HYDRO_MIN",2024,2.97142535808e-06
"Atlantis_00A","HYDRO_MIN",2025,2.97142535808e-06
"Atlantis_00A","HYDRO_MIN",2026,2.97142535808e-06
"Atlantis_00A","HYDRO_MIN",2027,2.97142535808e-06
"Atlantis_00A","HYDRO_MIN",2028,2.97142535808e-06
"Atlantis_00A","HYDRO_MIN",2029,2.97142535808e-06
"Atlantis_00A","HYDRO_MIN",2030,2.97142535808e-06
"Atlantis_00A","HYDRO_MIN",2031,2.97142535808e-06
"Atlantis_00A","HYDRO_MIN",2032,2.97142535808e-06
"Atlantis_00A","HYDRO_MIN",2033,2.97142535808e-06
"Atlantis_00A","HYDRO_MIN",2034,2.97142535808e-06
"Atlantis_00A","HYDRO_MIN",2035,2.97142535808e-06
"Atlantis_00A","HYDRO_MIN",2036,2.97142535808e-06
"Atlantis_00A","HYDRO_MIN",2037,2.97142535808e-06
"Atlantis_00A","HYDRO_MIN",2038,2.97142535808e-06
"Atlantis_00A","HYDRO_MIN",2039,2.97142535808e-06
"Atlantis_00A","HYDRO_MIN",2040,2.97142535808e-06
"Atlantis_00A","HYDRO_MIN",2041,2.97142535808e-06
"Atlantis_00A","HYDRO_MIN",2042,2.97142535808e-06
"Atlantis_00A","HYDRO_MIN",2043,2.97142535808e-06
"Atlantis_00A","HYDRO_MIN",2044,2.97142535808e-06
"Atlantis_00A","HYDRO_MIN",2045,2.97142535808e-06
"Atlantis_00A","HYDRO_MIN",2046,2.97142535808e-06
"Atlantis_00A","HYDRO_MIN",2047,2.97142535808e-06
"Atlantis_00A","HYDRO_MIN",2048,2.659178592e-06
"Atlantis_00A","HYDRO_MIN",2049,1.831705488e-06
"Atlantis_00A","HYDRO_MIN",2050,2.659178592e-06
"Atlantis_00A","HYDRO_MIN",2051,0
"Atlantis_00A","HYDRO_MIN",2052,0
"Atlantis_00A","HYDRO_MIN",2053,0
"Atlantis_00A","HYDRO_MIN",2054,0
"Atlantis_00A","HYDRO_MIN",2055,0
"Atlantis_00A","NG_IMP",2014,0.00933624617999176
"Atlantis_00A","NG_IMP",2015,0.00960460344467097
"Atlantis_00A","NG_IMP",2016,0.00997885691696198
"Atlantis_00A","NG_IMP",2017,0.00982280464066474
"Atlantis_00A","NG_IMP",2018,0.00991128069559808
"Atlantis_00A","NG_IMP",2019,0.00990796225106283
"Atlantis_00A","NG_IMP",2020,0.00845691443437736
"Atlantis_00A","NG_IMP",2021,0.0101428990155549
"Atlantis_00A","NG_IMP",2022,0.0107199653409392
"Atlantis_00A","NG_IMP",2023,0.0106191809493316
"Atlantis_00A","NG_IMP",2024,0.0109171537012627
"Atlantis_00A","NG_IMP",2025,0.0112208087154359
"Atlantis_00A","NG_IMP",2026,0.012845314789919
"Atlantis_00A","NG_IMP",2027,0.0140794536204405
"Atlantis_00A","NG_IMP",2028,0.0155121307072249
"Atlantis_00A","NG_IMP",2029,0.0155121307072249
"Atlantis_00A","NG_IMP",2030,0.0155121307072249
"Atlantis_00A","NG_IMP",2031,0.0155121307072249
"Atlantis_00A","NG_IMP",2032,0.0152956706376595
"Atlantis_00A","NG_IMP",2033,0.00934769061427602
"Atlantis_00A","NG_IMP",2034,0.00673725351266726
"Atlantis_00A","NG_IMP",2035,0.00497493393162811
"Atlantis_00A","NG_IMP",2036,0.00622395772247514
"Atlantis_00A","NG_IMP",2037,0.0072833399048664
"Atlantis_00A","NG_IMP",2038,0.00831615812838728
"Atlantis_00A","NG_IMP",2039,0.00921079120405686
"Atlantis_00A","NG_IMP",2040,0.00910983561102284
"Atlantis_00A","NG_IMP",2041,0.00798071346273864
"Atlantis_00A","NG_IMP",2042,0.0077893382106672
"Atlantis_00A","NG_IMP",2043,0.0072333795492014
"Atlantis_00A","NG_IMP",2044,0.00545325345039254
"Atlantis_00A","NG_IMP",2045,0.00461321352879209
"Atlantis_00A","NG_IMP",2046,0.0037569581530445
"Atlantis_00A","NG_IMP",2047,0.00280287517194835
"Atlantis_00A","NG_IMP",2048,0.00180851989984379
"Atlantis_00A","NG_IMP",2049,0.00109119370917325
"Atlantis_00A","NG_IMP",2050,0.000941352531289258
"Atlantis_00A","NG_IMP",2051,0.0010238393082984
"Atlantis_00A","NG_IMP",2052,0.00108390436684738
"Atlantis_00A","NG_IMP",2053,0.00108556658423119
"Atlantis_00A","NG_IMP",2054,0.00107402720265241
"Atlantis_00A","NG_IMP",2055,0.00107916530773584
"Atlantis_00A","NG_IND",2014,0.003194
"Atlantis_00A","NG_IND",2015,0.003204
"Atlantis_00A","NG_IND",2016,0.003234
"Atlantis_00A","NG_IND",2017,0.003152
"Atlantis_00A","NG_IND",2018,0.003144
"Atlantis_00A","NG_IND",2019,0.003104
"Atlantis_00A","NG_IND",2020,0.00273
"Atlantis_00A","NG_IND",2021,0.003167
"Atlantis_00A","NG_IND",2022,0.003288
"Atlantis_00A","NG_IND",2023,0.003351
"Atlantis_00A","NG_IND",2024,0.003415
"Atlantis_00A","NG_IND",2025,0.00348
"Atlantis_00A","NG_IND",2026,0.003341
"Atlantis_00A","NG_IND",2027,0.003202
"Atlantis_00A","NG_IND",2028,0.003063
"Atlantis_00A","NG_IND",2029,0.002923
"Atlantis_00A","NG_IND",2030,0.002784
"Atlantis_00A","NG_IND",2031,0.002645
"Atlantis_00A","NG_IND",2032,0.002506
"Atlantis_00A","NG_IND",2033,0.00236700000000001
"Atlantis_00A","NG_IND",2034,0.002227
"Atlantis_00A","NG_IND",2035,0.002088
"Atlantis_00A","NG_IND",2036,0.001949
"Atlantis_00A","NG_IND",2037,0.00181
"Atlantis_00A","NG_IND",2038,0.00167
"Atlantis_00A","NG_IND",2039,0.001531
"Atlantis_00A","NG_IND",2040,0.001392
"Atlantis_00A","NG_IND",2041,0.001253
"Atlantis_00A","NG_IND",2042,0.001114
"Atlantis_00A","NG_IND",2043,0.000974000000000001
"Atlantis_00A","NG_IND",2044,0.000835
"Atlantis_00A","NG_IND",2045,0.000696
"Atlantis_00A","NG_IND",2046,0.000557
"Atlantis_00A","NG_IND",2047,0.000417
"Atlantis_00A","NG_IND",2048,0.000278
"Atlantis_00A","NG_IND",2049,0.000139
"Atlantis_00A","NG_IND",2050,0
"Atlantis_00A","NG_IND",2051,0
"Atlantis_00A","NG_IND",2052,0
"Atlantis_00A","NG_IND",2053,0
"Atlantis_00A","NG_IND",2054,0
"Atlantis_00A","NG_IND",2055,0
"Atlantis_00A","NG_OTH",2014,0
"Atlantis_00A","NG_OTH",2015,0
"Atlantis_00A","NG_OTH",2016,0
"Atlantis_00A","NG_OTH",2017,0
"Atlantis_00A","NG_OTH",2018,0
"Atlantis_00A","NG_OTH",2019,0
"Atlantis_00A","NG_OTH",2020,0
"Atlantis_00A","NG_OTH",2021,0
"Atlantis_00A","NG_OTH",2022,0
"Atlantis_00A","NG_OTH",2023,0
"Atlantis_00A","NG_OTH",2024,0
"Atlantis_00A","NG_OTH",2025,0
"Atlantis_00A","NG_OTH",2026,0
"Atlantis_00A","NG_OTH",2027,0
"Atlantis_00A","NG_OTH",2028,0
"Atlantis_00A","NG_OTH",2029,0
"Atlantis_00A","NG_OTH",2030,0
"Atlantis_00A","NG_OTH",2031,0
"Atlantis_00A","NG_OTH",2032,0
"Atlantis_00A","NG_OTH",2033,0
"Atlantis_00A","NG_OTH",2034,0
"Atlantis_00A","NG_OTH",2035,0
"Atlantis_00A","NG_OTH",2036,0
"Atlantis_00A","NG_OTH",2037,0
"Atlantis_00A","NG_OTH",2038,0
"Atlantis_00A","NG_OTH",2039,0
"Atlantis_00A","NG_OTH",2040,0
"Atlantis_00A","NG_OTH",2041,0
"Atlantis_00A","NG_OTH",2042,0
"Atlantis_00A","NG_OTH",2043,0
"Atlantis_00A","NG_OTH",2044,0
"Atlantis_00A","NG_OTH",2045,0
"Atlantis_00A","NG_OTH",2046,0
"Atlantis_00A","NG_OTH",2047,0
"Atlantis_00A","NG_OTH",2048,0
"Atlantis_00A","NG_OTH",2049,0
"Atlantis_00A","NG_OTH",2050,0
"Atlantis_00A","NG_OTH",2051,0
"Atlantis_00A","NG_OTH",2052,0
"Atlantis_00A","NG_OTH",2053,0
"Atlantis_00A","NG_OTH",2054,0
"Atlantis_00A","NG_OTH",2055,0
"Atlantis_00A","NG_RES",2014,0.000381
"Atlantis_00A","NG_RES",2015,0.000444
"Atlantis_00A","NG_RES",2016,0.000504
"Atlantis_00A","NG_RES",2017,0.000556
"Atlantis_00A","NG_RES",2018,0.00057
"Atlantis_00A","NG_RES",2019,0.000618
"Atlantis_00A","NG_RES",2020,0.000725
"Atlantis_00A","NG_RES",2021,0.000695
"Atlantis_00A","NG_RES",2022,0.000739
"Atlantis_00A","NG_RES",2023,0.000758
"Atlantis_00A","NG_RES",2024,0.000778999999999999
"Atlantis_00A","NG_RES",2025,0.000799999999999999
"Atlantis_00A","NG_RES",2026,0.000768
"Atlantis_00A","NG_RES",2027,0.000736
"Atlantis_00A","NG_RES",2028,0.000704
"Atlantis_00A","NG_RES",2029,0.000672
"Atlantis_00A","NG_RES",2030,0.00064
"Atlantis_00A","NG_RES",2031,0.000608
"Atlantis_00A","NG_RES",2032,0.000576
"Atlantis_00A","NG_RES",2033,0.000544
"Atlantis_00A","NG_RES",2034,0.000512
"Atlantis_00A","NG_RES",2035,0.000481
"Atlantis_00A","NG_RES",2036,0.000448
"Atlantis_00A","NG_RES",2037,0.000416
"Atlantis_00A","NG_RES",2038,0.000384
"Atlantis_00A","NG_RES",2039,0.000352
"Atlantis_00A","NG_RES",2040,0.00032
"Atlantis_00A","NG_RES",2041,0.000288
"Atlantis_00A","NG_RES",2042,0.000256
"Atlantis_00A","NG_RES",2043,0.000224
"Atlantis_00A","NG_RES",2044,0.000192
"Atlantis_00A","NG_RES",2045,0.00016
"Atlantis_00A","NG_RES",2046,0.000128
"Atlantis_00A","NG_RES",2047,9.6e-05
"Atlantis_00A","NG_RES",2048,6.4e-05
"Atlantis_00A","NG_RES",2049,3.2e-05
"Atlantis_00A","NG_RES",2050,0
"Atlantis_00A","NG_RES",2051,0
"Atlantis_00A","NG_RES",2052,0
"Atlantis_00A","NG_RES",2053,0
"Atlantis_00A","NG_RES",2054,0
"Atlantis_00A","NG_RES",2055,0
"Atlantis_00A","NG_SER",2014,0.000169
"Atlantis_00A","NG_SER",2015,0.000178
"Atlantis_00A","NG_SER",2016,0.000193
"Atlantis_00A","NG_SER",2017,0.000205
"Atlantis_00A","NG_SER",2018,0.000219
"Atlantis_00A","NG_SER",2019,0.000225
"Atlantis_00A","NG_SER",2020,0.000173
"Atlantis_00A","NG_SER",2021,0.000221
"Atlantis_00A","NG_SER",2022,0.000329
"Atlantis_00A","NG_SER",2023,0.000339
"Atlantis_00A","NG_SER",2024,0.000348
"Atlantis_00A","NG_SER",2025,0.000358
"Atlantis_00A","NG_SER",2026,0.000343
"Atlantis_00A","NG_SER",2027,0.00033
"Atlantis_00A","NG_SER",2028,0.000315
"Atlantis_00A","NG_SER",2029,0.0003
"Atlantis_00A","NG_SER",2030,0.000287
"Atlantis_00A","NG_SER",2031,0.000272
"Atlantis_00A","NG_SER",2032,0.000257
"Atlantis_00A","NG_SER",2033,0.000244
"Atlantis_00A","NG_SER",2034,0.000229
"Atlantis_00A","NG_SER",2035,0.000214
"Atlantis_00A","NG_SER",2036,0.000201
"Atlantis_00A","NG_SER",2037,0.000186
"Atlantis_00A","NG_SER",2038,0.000172
"Atlantis_00A","NG_SER",2039,0.000157
"Atlantis_00A","NG_SER",2040,0.000143
"Atlantis_00A","NG_SER",2041,0.000129
"Atlantis_00A","NG_SER",2042,0.000114
"Atlantis_00A","NG_SER",2043,0.0001
"Atlantis_00A","NG_SER",2044,8.6e-05
"Atlantis_00A","NG_SER",2045,7.1e-05
"Atlantis_00A","NG_SER",2046,5.8e-05
"Atlantis_00A","NG_SER",2047,4.3e-05
"Atlantis_00A","NG_SER",2048,2.8e-05
"Atlantis_00A","NG_SER",2049,1.5e-05
"Atlantis_00A","NG_SER",2050,0
"Atlantis_00A","NG_SER",2051,0
"Atlantis_00A","NG_SER",2052,0
"Atlantis_00A","NG_SER",2053,0
"Atlantis_00A","NG_SER",2054,0
"Atlantis_00A","NG_SER",2055,0
"Atlantis_00A","NG_TRA",2014,0.002361
"Atlantis_00A","NG_TRA",2015,0.002414
"Atlantis_00A","NG_TRA",2016,0.002466
"Atlantis_00A","NG_TRA",2017,0.002584
"Atlantis_00A","NG_TRA",2018,0.002739
"Atlantis_00A","NG_TRA",2019,0.002767
"Atlantis_00A","NG_TRA",2020,0.001843
"Atlantis_00A","NG_TRA",2021,0.002448
"Atlantis_00A","NG_TRA",2022,0.002579
"Atlantis_00A","NG_TRA",2023,0.00263
"Atlantis_00A","NG_TRA",2024,0.002683
"Atlantis_00A","NG_TRA",2025,0.002736
"Atlantis_00A","NG_TRA",2026,0.002627
"Atlantis_00A","NG_TRA",2027,0.002517
"Atlantis_00A","NG_TRA",2028,0.002408
"Atlantis_00A","NG_TRA",2029,0.002299
"Atlantis_00A","NG_TRA",2030,0.002189
"Atlantis_00A","NG_TRA",2031,0.00208
"Atlantis_00A","NG_TRA",2032,0.00197
"Atlantis_00A","NG_TRA",2033,0.00186
"Atlantis_00A","NG_TRA",2034,0.001751
"Atlantis_00A","NG_TRA",2035,0.001642
"Atlantis_00A","NG_TRA",2036,0.001532
"Atlantis_00A","NG_TRA",2037,0.001423
"Atlantis_00A","NG_TRA",2038,0.001314
"Atlantis_00A","NG_TRA",2039,0.001204
"Atlantis_00A","NG_TRA",2040,0.001094
"Atlantis_00A","NG_TRA",2041,0.000985
"Atlantis_00A","NG_TRA",2042,0.000876
"Atlantis_00A","NG_TRA",2043,0.000766
"Atlantis_00A","NG_TRA",2044,0.000657
"Atlantis_00A","NG_TRA",2045,0.000547
"Atlantis_00A","NG_TRA",2046,0.000438
"Atlantis_00A","NG_TRA",2047,0.000328
"Atlantis_00A","NG_TRA",2048,0.000219
"Atlantis_00A","NG_TRA",2049,0.000109
"Atlantis_00A","NG_TRA",2050,0
"Atlantis_00A","NG_TRA",2051,0
"Atlantis_00A","NG_TRA",2052,0
"Atlantis_00A","NG_TRA",2053,0
"Atlantis_00A","NG_TRA",2054,0
"Atlantis_00A","NG_TRA",2055,0
"Atlantis_00A","NGCC",2014,43.5547820704772
"Atlantis_00A","NGCC",2015,45.3523382692538
"Atlantis_00A","NGCC",2016,48.2807526061998
"Atlantis_00A","NGCC",2017,44.8293594063155
"Atlantis_00A","NGCC",2018,43.6630813323663
"Atlantis_00A","NGCC",2019,43.0522225907055
"Atlantis_00A","NGCC",2020,40.24789360702
"Atlantis_00A","NGCC",2021,48.6856976287287
"Atlantis_00A","NGCC",2022,51.0185022700246
"Atlantis_00A","NGCC",2023,47.7324709814147
"Atlantis_00A","NGCC",2024,49.7674707748857
"Atlantis_00A","NGCC",2025,51.8521047096608
"Atlantis_00A","NGCC",2026,82.7894593331737
"Atlantis_00A","NGCC",2027,131.461287637457
"Atlantis_00A","NGCC",2028,195.660665939818
"Atlantis_00A","NGCC",2029,227.220628964951
"Atlantis_00A","NGCC",2030,236.424190982518
"Atlantis_00A","NGCC",2031,218.693534904
"Atlantis_00A","NGCC",2032,240.365360139363
"Atlantis_00A","NGCC",2033,102.45857601832
"Atlantis_00A","NGCC",2034,77.9325469953942
"Atlantis_00A","NGCC",2035,26.0059118269921
"Atlantis_00A","NGCC",2036,90.867937538324
"Atlantis_00A","NGCC",2037,133.350354432
"Atlantis_00A","NGCC",2038,142.297574904
"Atlantis_00A","NGCC",2039,171.555514039625
"Atlantis_00A","NGCC",2040,185.038662821828
"Atlantis_00A","NGCC",2041,22.7137696562421
"Atlantis_00A","NGCC",2042,22.7137696562421
"Atlantis_00A","NGCC",2043,22.9771177102276
"Atlantis_00A","NGCC",2044,22.9771177102276
"Atlantis_00A","NGCC",2045,23.2240065108389
"Atlantis_00A","NGCC",2046,23.4873545648243
"Atlantis_00A","NGCC",2047,23.7342433654356
"Atlantis_00A","NGCC",2048,18.9300894492322
"Atlantis_00A","NGCC",2049,6.06112005500809
"Atlantis_00A","NGCC",2050,6.12695706850445
"Atlantis_00A","NGCC",2051,6.15164594856558
"Atlantis_00A","NGCC",2052,8.56240773074986
"Atlantis_00A","NGCC",2053,7.96442578924763
"Atlantis_00A","NGCC",2054,6.73907940629064
"Atlantis_00A","NGCC",2055,6.36150142908521
"Atlantis_00A","NGSC",2014,0
"Atlantis_00A","NGSC",2015,0
"Atlantis_00A","NGSC",2016,0
"Atlantis_00A","NGSC",2017,0
"Atlantis_00A","NGSC",2018,0
"Atlantis_00A","NGSC",2019,0
"Atlantis_00A","NGSC",2020,0
"Atlantis_00A","NGSC",2021,0
"Atlantis_00A","NGSC",2022,0
"Atlantis_00A","NGSC",2023,0
"Atlantis_00A","NGSC",2024,0
"Atlantis_00A","NGSC",2025,0
"Atlantis_00A","NGSC",2026,0
"Atlantis_00A","NGSC",2027,0
"Atlantis_00A","NGSC",2028,0
"Atlantis_00A","NGSC",2029,12.5838423664377
"Atlantis_00A","NGSC",2030,59.3311729324019
"Atlantis_00A","NGSC",2031,146.392819064303
"Atlantis_00A","NGSC",2032,170.838472424968
"Atlantis_00A","NGSC",2033,98.9273543389319
"Atlantis_00A","NGSC",2034,14.1497961238311
"Atlantis_00A","NGSC",2035,0
"Atlantis_00A","NGSC",2036,22.146212853686
"Atlantis_00A","NGSC",2037,76.9264414192919
"Atlantis_00A","NGSC",2038,190.403401478031
"Atlantis_00A","NGSC",2039,277.091403248118
"Atlantis_00A","NGSC",2040,306.560060874222
"Atlantis_00A","NGSC",2041,484.38177095469
"Atlantis_00A","NGSC",2042,494.424887048778
"Atlantis_00A","NGSC",2043,474.574996046907
"Atlantis_00A","NGSC",2044,328.90182601187
"Atlantis_00A","NGSC",2045,278.548186025937
"Atlantis_00A","NGSC",2046,225.22261456594
"Atlantis_00A","NGSC",2047,161.149819324277
"Atlantis_00A","NGSC",2048,98.3428076456444
"Atlantis_00A","NGSC",2049,73.8866460421246
"Atlantis_00A","NGSC",2050,89.8520297461984
"Atlantis_00A","NGSC",2051,98.8662567094105
"Atlantis_00A","NGSC",2052,102.751062045193
"Atlantis_00A","NGSC",2053,104.760941221143
"Atlantis_00A","NGSC",2054,106.178171048021
"Atlantis_00A","NGSC",2055,108.251509346899
"Atlantis_00A","PV_ROF",2014,0
"Atlantis_00A","PV_ROF",2015,0
"Atlantis_00A","PV_ROF",2016,0
"Atlantis_00A","PV_ROF",2017,0
"Atlantis_00A","PV_ROF",2018,0
"Atlantis_00A","PV_ROF",2019,0
"Atlantis_00A","PV_ROF",2020,0
"Atlantis_00A","PV_ROF",2021,0
"Atlantis_00A","PV_ROF",2022,0
"Atlantis_00A","PV_ROF",2023,0
"Atlantis_00A","PV_ROF",2024,0
"Atlantis_00A","PV_ROF",2025,0
"Atlantis_00A","PV_ROF",2026,0
"Atlantis_00A","PV_ROF",2027,0
"Atlantis_00A","PV_ROF",2028,0
"Atlantis_00A","PV_ROF",2029,0
"Atlantis_00A","PV_ROF",2030,0
"Atlantis_00A","PV_ROF",2031,0
"Atlantis_00A","PV_ROF",2032,0
"Atlantis_00A","PV_ROF",2033,0
"Atlantis_00A","PV_ROF",2034,0
"Atlantis_00A","PV_ROF",2035,0
"Atlantis_00A","PV_ROF",2036,0
"Atlantis_00A","PV_ROF",2037,0
"Atlantis_00A","PV_ROF",2038,0
"Atlantis_00A","PV_ROF",2039,0
"Atlantis_00A","PV_ROF",2040,0
"Atlantis_00A","PV_ROF",2041,0
"Atlantis_00A","PV_ROF",2042,0
"Atlantis_00A","PV_ROF",2043,0
"Atlantis_00A","PV_ROF",2044,0
"Atlantis_00A","PV_ROF",2045,0
"Atlantis_00A","PV_ROF",2046,0
"Atlantis_00A","PV_ROF",2047,0
"Atlantis_00A","PV_ROF",2048,0
"Atlantis_00A","PV_ROF",2049,0
"Atlantis_00A","PV_ROF",2050,0
"Atlantis_00A","PV_ROF",2051,0
"Atlantis_00A","PV_ROF",2052,0
"Atlantis_00A","PV_ROF",2053,0
"Atlantis_00A","PV_ROF",2054,0
"Atlantis_00A","PV_ROF",2055,0
"Atlantis_00A","PV_UTL",2014,0
"Atlantis_00A","PV_UTL",2015,9.7246049472e-06
"Atlantis_00A","PV_UTL",2016,9.7246049472e-06
"Atlantis_00A","PV_UTL",2017,9.7246049472e-06
"Atlantis_00A","PV_UTL",2018,9.7246049472e-06
"Atlantis_00A","PV_UTL",2019,9.7246049472e-06
"Atlantis_00A","PV_UTL",2020,9.7246049472e-06
"Atlantis_00A","PV_UTL",2021,9.7246049472e-06
"Atlantis_00A","PV_UTL",2022,9.7246049472e-06
"Atlantis_00A","PV_UTL",2023,0.000124714318215168
"Atlantis_00A","PV_UTL",2024,0.000124714318215168
"Atlantis_00A","PV_UTL",2025,0.000124714318215168
"Atlantis_00A","PV_UTL",2026,0.000124714318215168
"Atlantis_00A","PV_UTL",2027,0.000124714318215168
"Atlantis_00A","PV_UTL",2028,0.000124714318215168
"Atlantis_00A","PV_UTL",2029,0.000915604899231005
"Atlantis_00A","PV_UTL",2030,0.00183466543050486
"Atlantis_00A","PV_UTL",2031,0.00192326481683702
"Atlantis_00A","PV_UTL",2032,0.00221168028057213
"Atlantis_00A","PV_UTL",2033,0.00221168028057213
"Atlantis_00A","PV_UTL",2034,0.00251721873538441
"Atlantis_00A","PV_UTL",2035,0.00258719532174024
"Atlantis_00A","PV_UTL",2036,0.00246248100352507
"Atlantis_00A","PV_UTL",2037,0.00246248100352507
"Atlantis_00A","PV_UTL",2038,0.00246248100352507
"Atlantis_00A","PV_UTL",2039,0.00246248100352507
"Atlantis_00A","PV_UTL",2040,0.00246248100352507
"Atlantis_00A","PV_UTL",2041,0.00246248100352507
"Atlantis_00A","PV_UTL",2042,0.00246248100352507
"Atlantis_00A","PV_UTL",2043,0.00246248100352507
"Atlantis_00A","PV_UTL",2044,0.00246248100352507
"Atlantis_00A","PV_UTL",2045,0.00246248100352507
"Atlantis_00A","PV_UTL",2046,0.00246248100352507
"Atlantis_00A","PV_UTL",2047,0.00246248100352507
"Atlantis_00A","PV_UTL",2048,0.00239292906769737
"Atlantis_00A","PV_UTL",2049,0.0019950157252914
"Atlantis_00A","PV_UTL",2050,0.00216907580794925
"Atlantis_00A","PV_UTL",2051,0.00217977103472924
"Atlantis_00A","PV_UTL",2052,0.00214218792802759
"Atlantis_00A","PV_UTL",2053,0.00203932155724324
"Atlantis_00A","PV_UTL",2054,0.00182703015418195
"Atlantis_00A","PV_UTL",2055,0.00165686812662252
"Atlantis_00A","TRANS",2014,0.00288772628676628
"Atlantis_00A","TRANS",2015,0.00297515203394196
"Atlantis_00A","TRANS",2016,0.00309898552247993
"Atlantis_00A","TRANS",2017,0.00316405057577955
"Atlantis_00A","TRANS",2018,0.00319238535705518
"Atlantis_00A","TRANS",2019,0.00327948857356918
"Atlantis_00A","TRANS",2020,0.00316090226674892
"Atlantis_00A","TRANS",2021,0.00351771062355325
"Atlantis_00A","TRANS",2022,0.00361635763984621
"Atlantis_00A","TRANS",2023,0.00370136198367312
"Atlantis_00A","TRANS",2024,0.00378741576384358
"Atlantis_00A","TRANS",2025,0.00387556841670111
"Atlantis_00A","TRANS",2026,0.00457764133053081
"Atlantis_00A","TRANS",2027,0.00534477929766011
"Atlantis_00A","TRANS",2028,0.00618327893615028
"Atlantis_00A","TRANS",2029,0.0071078323548109
"Atlantis_00A","TRANS",2030,0.00812788448073386
"Atlantis_00A","TRANS",2031,0.00925288024101103
"Atlantis_00A","TRANS",2032,0.010472325272207
"Atlantis_00A","TRANS",2033,0.0117736263381992
"Atlantis_00A","TRANS",2034,0.0131326464030863
"Atlantis_00A","TRANS",2035,0.0145084574494701
"Atlantis_00A","TRANS",2036,0.0158643292053265
"Atlantis_00A","TRANS",2037,0.0171656302713187
"Atlantis_00A","TRANS",2038,0.0183871741752018
"Atlantis_00A","TRANS",2039,0.0195100710627919
"Atlantis_00A","TRANS",2040,0.0205301231887149
"Atlantis_00A","TRANS",2041,0.0214567754800626
"Atlantis_00A","TRANS",2042,0.0222973739912398
"Atlantis_00A","TRANS",2043,0.0230613636493385
"Atlantis_00A","TRANS",2044,0.0237623871268246
"Atlantis_00A","TRANS",2045,0.024419334277882
"Atlantis_00A","TRANS",2046,0.0250364028478848
"Atlantis_00A","TRANS",2047,0.0256219883275813
"Atlantis_00A","TRANS",2048,0.0261855356440634
"Atlantis_00A","TRANS",2049,0.0267322919790489
"Atlantis_00A","TRANS",2050,0.0272664550779118
"Atlantis_00A","TRANS",2051,0.0277890743769958
"Atlantis_00A","TRANS",2052,0.0283053970580185
"Atlantis_00A","TRANS",2053,0.02881542312098
"Atlantis_00A","TRANS",2054,0.0293223008749109
"Atlantis_00A","TRANS",2055,0.0298312775015288
"Atlantis_00A","WIND",2014,3.2607971712e-06
"Atlantis_00A","WIND",2015,3.2607971712e-06
"Atlantis_00A","WIND",2016,3.2607971712e-06
"Atlantis_00A","WIND",2017,3.2607971712e-06
"Atlantis_00A","WIND",2018,3.2607971712e-06
"Atlantis_00A","WIND",2019,3.2607971712e-06
"Atlantis_00A","WIND",2020,3.2607971712e-06
"Atlantis_00A","WIND",2021,3.2607971712e-06
"Atlantis_00A","WIND",2022,3.2607971712e-06
"Atlantis_00A","WIND",2023,0.00014282291609856
"Atlantis_00A","WIND",2024,0.00014282291609856
"Atlantis_00A","WIND",2025,0.00014282291609856
"Atlantis_00A","WIND",2026,0.00014282291609856
"Atlantis_00A","WIND",2027,0.00014282291609856
"Atlantis_00A","WIND",2028,0.00014282291609856
"Atlantis_00A","WIND",2029,0.00014282291609856
"Atlantis_00A","WIND",2030,0.00014282291609856
"Atlantis_00A","WIND",2031,0.00014282291609856
"Atlantis_00A","WIND",2032,0.00014282291609856
"Atlantis_00A","WIND",2033,0.00195842817064258
"Atlantis_00A","WIND",2034,0.00628157787332484
"Atlantis_00A","WIND",2035,0.00717736481141499
"Atlantis_00A","WIND",2036,0.00717736481141499
"Atlantis_00A","WIND",2037,0.00717736481141499
"Atlantis_00A","WIND",2038,0.00717736481141499
"Atlantis_00A","WIND",2039,0.00717736481141499
"Atlantis_00A","WIND",2040,0.007177364811415
"Atlantis_00A","WIND",2041,0.00733104447134128
"Atlantis_00A","WIND",2042,0.00733104447134128
"Atlantis_00A","WIND",2043,0.00804686082159681
"Atlantis_00A","WIND",2044,0.00932519257298767
"Atlantis_00A","WIND",2045,0.0109566727323613
"Atlantis_00A","WIND",2046,0.0125467719832775
"Atlantis_00A","WIND",2047,0.0141089936492413
"Atlantis_00A","WIND",2048,0.0157009746013654
"Atlantis_00A","WIND",2049,0.0178159047190801
"Atlantis_00A","WIND",2050,0.0178159047190801
"Atlantis_00A","WIND",2051,0.0181377807467646
"Atlantis_00A","WIND",2052,0.0187394606434264
"Atlantis_00A","WIND",2053,0.0193530049181966
"Atlantis_00A","WIND",2054,0.0200622496346255
"Atlantis_00A","WIND",2055,0.0207449015417828
