r,t,y,AnnualFixedOperatingCost
"Atlantis_00A","BM_IMP",2014,0
"Atlantis_00A","BM_IMP",2015,0
"Atlantis_00A","BM_IMP",2016,0
"Atlantis_00A","BM_IMP",2017,0
"Atlantis_00A","BM_IMP",2018,0
"Atlantis_00A","BM_IMP",2019,0
"Atlantis_00A","BM_IMP",2020,0
"Atlantis_00A","BM_IMP",2021,0
"Atlantis_00A","BM_IMP",2022,0
"Atlantis_00A","BM_IMP",2023,0
"Atlantis_00A","BM_IMP",2024,0
"Atlantis_00A","BM_IMP",2025,0
"Atlantis_00A","BM_IMP",2026,0
"Atlantis_00A","BM_IMP",2027,0
"Atlantis_00A","BM_IMP",2028,0
"Atlantis_00A","BM_IMP",2029,0
"Atlantis_00A","BM_IMP",2030,0
"Atlantis_00A","BM_IMP",2031,0
"Atlantis_00A","BM_IMP",2032,0
"Atlantis_00A","BM_IMP",2033,0
"Atlantis_00A","BM_IMP",2034,0
"Atlantis_00A","BM_IMP",2035,0
"Atlantis_00A","BM_IMP",2036,0
"Atlantis_00A","BM_IMP",2037,0
"Atlantis_00A","BM_IMP",2038,0
"Atlantis_00A","BM_IMP",2039,0
"Atlantis_00A","BM_IMP",2040,0
"Atlantis_00A","BM_IMP",2041,0
"Atlantis_00A","BM_IMP",2042,0
"Atlantis_00A","BM_IMP",2043,0
"Atlantis_00A","BM_IMP",2044,0
"Atlantis_00A","BM_IMP",2045,0
"Atlantis_00A","BM_IMP",2046,0
"Atlantis_00A","BM_IMP",2047,0
"Atlantis_00A","BM_IMP",2048,0
"Atlantis_00A","BM_IMP",2049,0
"Atlantis_00A","BM_IMP",2050,0
"Atlantis_00A","BM_IMP",2051,0
"Atlantis_00A","BM_IMP",2052,0
"Atlantis_00A","BM_IMP",2053,0
"Atlantis_00A","BM_IMP",2054,0
"Atlantis_00A","BM_IMP",2055,0
"Atlantis_00A","BM_IND",2014,0
"Atlantis_00A","BM_IND",2015,0
"Atlantis_00A","BM_IND",2016,0
"Atlantis_00A","BM_IND",2017,0
"Atlantis_00A","BM_IND",2018,0
"Atlantis_00A","BM_IND",2019,0
"Atlantis_00A","BM_IND",2020,0
"Atlantis_00A","BM_IND",2021,0
"Atlantis_00A","BM_IND",2022,0
"Atlantis_00A","BM_IND",2023,0
"Atlantis_00A","BM_IND",2024,0
"Atlantis_00A","BM_IND",2025,0
"Atlantis_00A","BM_IND",2026,0
"Atlantis_00A","BM_IND",2027,0
"Atlantis_00A","BM_IND",2028,0
"Atlantis_00A","BM_IND",2029,0
"Atlantis_00A","BM_IND",2030,0
"Atlantis_00A","BM_IND",2031,0
"Atlantis_00A","BM_IND",2032,0
"Atlantis_00A","BM_IND",2033,0
"Atlantis_00A","BM_IND",2034,0
"Atlantis_00A","BM_IND",2035,0
"Atlantis_00A","BM_IND",2036,0
"Atlantis_00A","BM_IND",2037,0
"Atlantis_00A","BM_IND",2038,0
"Atlantis_00A","BM_IND",2039,0
"Atlantis_00A","BM_IND",2040,0
"Atlantis_00A","BM_IND",2041,0
"Atlantis_00A","BM_IND",2042,0
"Atlantis_00A","BM_IND",2043,0
"Atlantis_00A","BM_IND",2044,0
"Atlantis_00A","BM_IND",2045,0
"Atlantis_00A","BM_IND",2046,0
"Atlantis_00A","BM_IND",2047,0
"Atlantis_00A","BM_IND",2048,0
"Atlantis_00A","BM_IND",2049,0
"Atlantis_00A","BM_IND",2050,0
"Atlantis_00A","BM_IND",2051,0
"Atlantis_00A","BM_IND",2052,0
"Atlantis_00A","BM_IND",2053,0
"Atlantis_00A","BM_IND",2054,0
"Atlantis_00A","BM_IND",2055,0
"Atlantis_00A","BM_RES",2014,0
"Atlantis_00A","BM_RES",2015,0
"Atlantis_00A","BM_RES",2016,0
"Atlantis_00A","BM_RES",2017,0
"Atlantis_00A","BM_RES",2018,0
"Atlantis_00A","BM_RES",2019,0
"Atlantis_00A","BM_RES",2020,0
"Atlantis_00A","BM_RES",2021,0
"Atlantis_00A","BM_RES",2022,0
"Atlantis_00A","BM_RES",2023,0
"Atlantis_00A","BM_RES",2024,0
"Atlantis_00A","BM_RES",2025,0
"Atlantis_00A","BM_RES",2026,0
"Atlantis_00A","BM_RES",2027,0
"Atlantis_00A","BM_RES",2028,0
"Atlantis_00A","BM_RES",2029,0
"Atlantis_00A","BM_RES",2030,0
"Atlantis_00A","BM_RES",2031,0
"Atlantis_00A","BM_RES",2032,0
"Atlantis_00A","BM_RES",2033,0
"Atlantis_00A","BM_RES",2034,0
"Atlantis_00A","BM_RES",2035,0
"Atlantis_00A","BM_RES",2036,0
"Atlantis_00A","BM_RES",2037,0
"Atlantis_00A","BM_RES",2038,0
"Atlantis_00A","BM_RES",2039,0
"Atlantis_00A","BM_RES",2040,0
"Atlantis_00A","BM_RES",2041,0
"Atlantis_00A","BM_RES",2042,0
"Atlantis_00A","BM_RES",2043,0
"Atlantis_00A","BM_RES",2044,0
"Atlantis_00A","BM_RES",2045,0
"Atlantis_00A","BM_RES",2046,0
"Atlantis_00A","BM_RES",2047,0
"Atlantis_00A","BM_RES",2048,0
"Atlantis_00A","BM_RES",2049,0
"Atlantis_00A","BM_RES",2050,0
"Atlantis_00A","BM_RES",2051,0
"Atlantis_00A","BM_RES",2052,0
"Atlantis_00A","BM_RES",2053,0
"Atlantis_00A","BM_RES",2054,0
"Atlantis_00A","BM_RES",2055,0
"Atlantis_00A","BM_SC",2014,12
"Atlantis_00A","BM_SC",2015,11.25
"Atlantis_00A","BM_SC",2016,11.25
"Atlantis_00A","BM_SC",2017,11.25
"Atlantis_00A","BM_SC",2018,11.25
"Atlantis_00A","BM_SC",2019,11.25
"Atlantis_00A","BM_SC",2020,11.25
"Atlantis_00A","BM_SC",2021,11.25
"Atlantis_00A","BM_SC",2022,11.25
"Atlantis_00A","BM_SC",2023,9.5775
"Atlantis_00A","BM_SC",2024,9.5775
"Atlantis_00A","BM_SC",2025,9.5775
"Atlantis_00A","BM_SC",2026,9.5775
"Atlantis_00A","BM_SC",2027,9.5775
"Atlantis_00A","BM_SC",2028,8.0025
"Atlantis_00A","BM_SC",2029,8.0025
"Atlantis_00A","BM_SC",2030,8.0025
"Atlantis_00A","BM_SC",2031,8.0025
"Atlantis_00A","BM_SC",2032,8.0025
"Atlantis_00A","BM_SC",2033,8.0025
"Atlantis_00A","BM_SC",2034,8.0025
"Atlantis_00A","BM_SC",2035,8.0025
"Atlantis_00A","BM_SC",2036,0
"Atlantis_00A","BM_SC",2037,0
"Atlantis_00A","BM_SC",2038,0
"Atlantis_00A","BM_SC",2039,0
"Atlantis_00A","BM_SC",2040,0
"Atlantis_00A","BM_SC",2041,0
"Atlantis_00A","BM_SC",2042,0
"Atlantis_00A","BM_SC",2043,0
"Atlantis_00A","BM_SC",2044,0
"Atlantis_00A","BM_SC",2045,0
"Atlantis_00A","BM_SC",2046,0
"Atlantis_00A","BM_SC",2047,0
"Atlantis_00A","BM_SC",2048,0
"Atlantis_00A","BM_SC",2049,0
"Atlantis_00A","BM_SC",2050,0
"Atlantis_00A","BM_SC",2051,0
"Atlantis_00A","BM_SC",2052,0
"Atlantis_00A","BM_SC",2053,0
"Atlantis_00A","BM_SC",2054,0
"Atlantis_00A","BM_SC",2055,0
"Atlantis_00A","CONS_BM",2014,0
"Atlantis_00A","CONS_BM",2015,0
"Atlantis_00A","CONS_BM",2016,0
"Atlantis_00A","CONS_BM",2017,0
"Atlantis_00A","CONS_BM",2018,0
"Atlantis_00A","CONS_BM",2019,0
"Atlantis_00A","CONS_BM",2020,0
"Atlantis_00A","CONS_BM",2021,0
"Atlantis_00A","CONS_BM",2022,0
"Atlantis_00A","CONS_BM",2023,0
"Atlantis_00A","CONS_BM",2024,0
"Atlantis_00A","CONS_BM",2025,0
"Atlantis_00A","CONS_BM",2026,0
"Atlantis_00A","CONS_BM",2027,0
"Atlantis_00A","CONS_BM",2028,0
"Atlantis_00A","CONS_BM",2029,0
"Atlantis_00A","CONS_BM",2030,0
"Atlantis_00A","CONS_BM",2031,0
"Atlantis_00A","CONS_BM",2032,0
"Atlantis_00A","CONS_BM",2033,0
"Atlantis_00A","CONS_BM",2034,0
"Atlantis_00A","CONS_BM",2035,0
"Atlantis_00A","CONS_BM",2036,0
"Atlantis_00A","CONS_BM",2037,0
"Atlantis_00A","CONS_BM",2038,0
"Atlantis_00A","CONS_BM",2039,0
"Atlantis_00A","CONS_BM",2040,0
"Atlantis_00A","CONS_BM",2041,0
"Atlantis_00A","CONS_BM",2042,0
"Atlantis_00A","CONS_BM",2043,0
"Atlantis_00A","CONS_BM",2044,0
"Atlantis_00A","CONS_BM",2045,0
"Atlantis_00A","CONS_BM",2046,0
"Atlantis_00A","CONS_BM",2047,0
"Atlantis_00A","CONS_BM",2048,0
"Atlantis_00A","CONS_BM",2049,0
"Atlantis_00A","CONS_BM",2050,0
"Atlantis_00A","CONS_BM",2051,0
"Atlantis_00A","CONS_BM",2052,0
"Atlantis_00A","CONS_BM",2053,0
"Atlantis_00A","CONS_BM",2054,0
"Atlantis_00A","CONS_BM",2055,0
"Atlantis_00A","CONS_DS",2014,0
"Atlantis_00A","CONS_DS",2015,0
"Atlantis_00A","CONS_DS",2016,0
"Atlantis_00A","CONS_DS",2017,0
"Atlantis_00A","CONS_DS",2018,0
"Atlantis_00A","CONS_DS",2019,0
"Atlantis_00A","CONS_DS",2020,0
"Atlantis_00A","CONS_DS",2021,0
"Atlantis_00A","CONS_DS",2022,0
"Atlantis_00A","CONS_DS",2023,0
"Atlantis_00A","CONS_DS",2024,0
"Atlantis_00A","CONS_DS",2025,0
"Atlantis_00A","CONS_DS",2026,0
"Atlantis_00A","CONS_DS",2027,0
"Atlantis_00A","CONS_DS",2028,0
"Atlantis_00A","CONS_DS",2029,0
"Atlantis_00A","CONS_DS",2030,0
"Atlantis_00A","CONS_DS",2031,0
"Atlantis_00A","CONS_DS",2032,0
"Atlantis_00A","CONS_DS",2033,0
"Atlantis_00A","CONS_DS",2034,0
"Atlantis_00A","CONS_DS",2035,0
"Atlantis_00A","CONS_DS",2036,0
"Atlantis_00A","CONS_DS",2037,0
"Atlantis_00A","CONS_DS",2038,0
"Atlantis_00A","CONS_DS",2039,0
"Atlantis_00A","CONS_DS",2040,0
"Atlantis_00A","CONS_DS",2041,0
"Atlantis_00A","CONS_DS",2042,0
"Atlantis_00A","CONS_DS",2043,0
"Atlantis_00A","CONS_DS",2044,0
"Atlantis_00A","CONS_DS",2045,0
"Atlantis_00A","CONS_DS",2046,0
"Atlantis_00A","CONS_DS",2047,0
"Atlantis_00A","CONS_DS",2048,0
"Atlantis_00A","CONS_DS",2049,0
"Atlantis_00A","CONS_DS",2050,0
"Atlantis_00A","CONS_DS",2051,0
"Atlantis_00A","CONS_DS",2052,0
"Atlantis_00A","CONS_DS",2053,0
"Atlantis_00A","CONS_DS",2054,0
"Atlantis_00A","CONS_DS",2055,0
"Atlantis_00A","CONS_HF",2014,0
"Atlantis_00A","CONS_HF",2015,0
"Atlantis_00A","CONS_HF",2016,0
"Atlantis_00A","CONS_HF",2017,0
"Atlantis_00A","CONS_HF",2018,0
"Atlantis_00A","CONS_HF",2019,0
"Atlantis_00A","CONS_HF",2020,0
"Atlantis_00A","CONS_HF",2021,0
"Atlantis_00A","CONS_HF",2022,0
"Atlantis_00A","CONS_HF",2023,0
"Atlantis_00A","CONS_HF",2024,0
"Atlantis_00A","CONS_HF",2025,0
"Atlantis_00A","CONS_HF",2026,0
"Atlantis_00A","CONS_HF",2027,0
"Atlantis_00A","CONS_HF",2028,0
"Atlantis_00A","CONS_HF",2029,0
"Atlantis_00A","CONS_HF",2030,0
"Atlantis_00A","CONS_HF",2031,0
"Atlantis_00A","CONS_HF",2032,0
"Atlantis_00A","CONS_HF",2033,0
"Atlantis_00A","CONS_HF",2034,0
"Atlantis_00A","CONS_HF",2035,0
"Atlantis_00A","CONS_HF",2036,0
"Atlantis_00A","CONS_HF",2037,0
"Atlantis_00A","CONS_HF",2038,0
"Atlantis_00A","CONS_HF",2039,0
"Atlantis_00A","CONS_HF",2040,0
"Atlantis_00A","CONS_HF",2041,0
"Atlantis_00A","CONS_HF",2042,0
"Atlantis_00A","CONS_HF",2043,0
"Atlantis_00A","CONS_HF",2044,0
"Atlantis_00A","CONS_HF",2045,0
"Atlantis_00A","CONS_HF",2046,0
"Atlantis_00A","CONS_HF",2047,0
"Atlantis_00A","CONS_HF",2048,0
"Atlantis_00A","CONS_HF",2049,0
"Atlantis_00A","CONS_HF",2050,0
"Atlantis_00A","CONS_HF",2051,0
"Atlantis_00A","CONS_HF",2052,0
"Atlantis_00A","CONS_HF",2053,0
"Atlantis_00A","CONS_HF",2054,0
"Atlantis_00A","CONS_HF",2055,0
"Atlantis_00A","CONS_NG",2014,0
"Atlantis_00A","CONS_NG",2015,0
"Atlantis_00A","CONS_NG",2016,0
"Atlantis_00A","CONS_NG",2017,0
"Atlantis_00A","CONS_NG",2018,0
"Atlantis_00A","CONS_NG",2019,0
"Atlantis_00A","CONS_NG",2020,0
"Atlantis_00A","CONS_NG",2021,0
"Atlantis_00A","CONS_NG",2022,0
"Atlantis_00A","CONS_NG",2023,0
"Atlantis_00A","CONS_NG",2024,0
"Atlantis_00A","CONS_NG",2025,0
"Atlantis_00A","CONS_NG",2026,0
"Atlantis_00A","CONS_NG",2027,0
"Atlantis_00A","CONS_NG",2028,0
"Atlantis_00A","CONS_NG",2029,0
"Atlantis_00A","CONS_NG",2030,0
"Atlantis_00A","CONS_NG",2031,0
"Atlantis_00A","CONS_NG",2032,0
"Atlantis_00A","CONS_NG",2033,0
"Atlantis_00A","CONS_NG",2034,0
"Atlantis_00A","CONS_NG",2035,0
"Atlantis_00A","CONS_NG",2036,0
"Atlantis_00A","CONS_NG",2037,0
"Atlantis_00A","CONS_NG",2038,0
"Atlantis_00A","CONS_NG",2039,0
"Atlantis_00A","CONS_NG",2040,0
"Atlantis_00A","CONS_NG",2041,0
"Atlantis_00A","CONS_NG",2042,0
"Atlantis_00A","CONS_NG",2043,0
"Atlantis_00A","CONS_NG",2044,0
"Atlantis_00A","CONS_NG",2045,0
"Atlantis_00A","CONS_NG",2046,0
"Atlantis_00A","CONS_NG",2047,0
"Atlantis_00A","CONS_NG",2048,0
"Atlantis_00A","CONS_NG",2049,0
"Atlantis_00A","CONS_NG",2050,0
"Atlantis_00A","CONS_NG",2051,0
"Atlantis_00A","CONS_NG",2052,0
"Atlantis_00A","CONS_NG",2053,0
"Atlantis_00A","CONS_NG",2054,0
"Atlantis_00A","CONS_NG",2055,0
"Atlantis_00A","DIST_IND",2014,0
"Atlantis_00A","DIST_IND",2015,0
"Atlantis_00A","DIST_IND",2016,0
"Atlantis_00A","DIST_IND",2017,0
"Atlantis_00A","DIST_IND",2018,0
"Atlantis_00A","DIST_IND",2019,0
"Atlantis_00A","DIST_IND",2020,0
"Atlantis_00A","DIST_IND",2021,0
"Atlantis_00A","DIST_IND",2022,0
"Atlantis_00A","DIST_IND",2023,0
"Atlantis_00A","DIST_IND",2024,0
"Atlantis_00A","DIST_IND",2025,0
"Atlantis_00A","DIST_IND",2026,0
"Atlantis_00A","DIST_IND",2027,0
"Atlantis_00A","DIST_IND",2028,0
"Atlantis_00A","DIST_IND",2029,0
"Atlantis_00A","DIST_IND",2030,0
"Atlantis_00A","DIST_IND",2031,0
"Atlantis_00A","DIST_IND",2032,0
"Atlantis_00A","DIST_IND",2033,0
"Atlantis_00A","DIST_IND",2034,0
"Atlantis_00A","DIST_IND",2035,0
"Atlantis_00A","DIST_IND",2036,0
"Atlantis_00A","DIST_IND",2037,0
"Atlantis_00A","DIST_IND",2038,0
"Atlantis_00A","DIST_IND",2039,0
"Atlantis_00A","DIST_IND",2040,0
"Atlantis_00A","DIST_IND",2041,0
"Atlantis_00A","DIST_IND",2042,0
"Atlantis_00A","DIST_IND",2043,0
"Atlantis_00A","DIST_IND",2044,0
"Atlantis_00A","DIST_IND",2045,0
"Atlantis_00A","DIST_IND",2046,0
"Atlantis_00A","DIST_IND",2047,0
"Atlantis_00A","DIST_IND",2048,0
"Atlantis_00A","DIST_IND",2049,0
"Atlantis_00A","DIST_IND",2050,0
"Atlantis_00A","DIST_IND",2051,0
"Atlantis_00A","DIST_IND",2052,0
"Atlantis_00A","DIST_IND",2053,0
"Atlantis_00A","DIST_IND",2054,0
"Atlantis_00A","DIST_IND",2055,0
"Atlantis_00A","DIST_OTH",2014,0
"Atlantis_00A","DIST_OTH",2015,0
"Atlantis_00A","DIST_OTH",2016,0
"Atlantis_00A","DIST_OTH",2017,0
"Atlantis_00A","DIST_OTH",2018,0
"Atlantis_00A","DIST_OTH",2019,0
"Atlantis_00A","DIST_OTH",2020,0
"Atlantis_00A","DIST_OTH",2021,0
"Atlantis_00A","DIST_OTH",2022,0
"Atlantis_00A","DIST_OTH",2023,0
"Atlantis_00A","DIST_OTH",2024,0
"Atlantis_00A","DIST_OTH",2025,0
"Atlantis_00A","DIST_OTH",2026,0
"Atlantis_00A","DIST_OTH",2027,0
"Atlantis_00A","DIST_OTH",2028,0
"Atlantis_00A","DIST_OTH",2029,0
"Atlantis_00A","DIST_OTH",2030,0
"Atlantis_00A","DIST_OTH",2031,0
"Atlantis_00A","DIST_OTH",2032,0
"Atlantis_00A","DIST_OTH",2033,0
"Atlantis_00A","DIST_OTH",2034,0
"Atlantis_00A","DIST_OTH",2035,0
"Atlantis_00A","DIST_OTH",2036,0
"Atlantis_00A","DIST_OTH",2037,0
"Atlantis_00A","DIST_OTH",2038,0
"Atlantis_00A","DIST_OTH",2039,0
"Atlantis_00A","DIST_OTH",2040,0
"Atlantis_00A","DIST_OTH",2041,0
"Atlantis_00A","DIST_OTH",2042,0
"Atlantis_00A","DIST_OTH",2043,0
"Atlantis_00A","DIST_OTH",2044,0
"Atlantis_00A","DIST_OTH",2045,0
"Atlantis_00A","DIST_OTH",2046,0
"Atlantis_00A","DIST_OTH",2047,0
"Atlantis_00A","DIST_OTH",2048,0
"Atlantis_00A","DIST_OTH",2049,0
"Atlantis_00A","DIST_OTH",2050,0
"Atlantis_00A","DIST_OTH",2051,0
"Atlantis_00A","DIST_OTH",2052,0
"Atlantis_00A","DIST_OTH",2053,0
"Atlantis_00A","DIST_OTH",2054,0
"Atlantis_00A","DIST_OTH",2055,0
"Atlantis_00A","DIST_RES",2014,0
"Atlantis_00A","DIST_RES",2015,0
"Atlantis_00A","DIST_RES",2016,0
"Atlantis_00A","DIST_RES",2017,0
"Atlantis_00A","DIST_RES",2018,0
"Atlantis_00A","DIST_RES",2019,0
"Atlantis_00A","DIST_RES",2020,0
"Atlantis_00A","DIST_RES",2021,0
"Atlantis_00A","DIST_RES",2022,0
"Atlantis_00A","DIST_RES",2023,0
"Atlantis_00A","DIST_RES",2024,0
"Atlantis_00A","DIST_RES",2025,0
"Atlantis_00A","DIST_RES",2026,0
"Atlantis_00A","DIST_RES",2027,0
"Atlantis_00A","DIST_RES",2028,0
"Atlantis_00A","DIST_RES",2029,0
"Atlantis_00A","DIST_RES",2030,0
"Atlantis_00A","DIST_RES",2031,0
"Atlantis_00A","DIST_RES",2032,0
"Atlantis_00A","DIST_RES",2033,0
"Atlantis_00A","DIST_RES",2034,0
"Atlantis_00A","DIST_RES",2035,0
"Atlantis_00A","DIST_RES",2036,0
"Atlantis_00A","DIST_RES",2037,0
"Atlantis_00A","DIST_RES",2038,0
"Atlantis_00A","DIST_RES",2039,0
"Atlantis_00A","DIST_RES",2040,0
"Atlantis_00A","DIST_RES",2041,0
"Atlantis_00A","DIST_RES",2042,0
"Atlantis_00A","DIST_RES",2043,0
"Atlantis_00A","DIST_RES",2044,0
"Atlantis_00A","DIST_RES",2045,0
"Atlantis_00A","DIST_RES",2046,0
"Atlantis_00A","DIST_RES",2047,0
"Atlantis_00A","DIST_RES",2048,0
"Atlantis_00A","DIST_RES",2049,0
"Atlantis_00A","DIST_RES",2050,0
"Atlantis_00A","DIST_RES",2051,0
"Atlantis_00A","DIST_RES",2052,0
"Atlantis_00A","DIST_RES",2053,0
"Atlantis_00A","DIST_RES",2054,0
"Atlantis_00A","DIST_RES",2055,0
"Atlantis_00A","DIST_SER",2014,0
"Atlantis_00A","DIST_SER",2015,0
"Atlantis_00A","DIST_SER",2016,0
"Atlantis_00A","DIST_SER",2017,0
"Atlantis_00A","DIST_SER",2018,0
"Atlantis_00A","DIST_SER",2019,0
"Atlantis_00A","DIST_SER",2020,0
"Atlantis_00A","DIST_SER",2021,0
"Atlantis_00A","DIST_SER",2022,0
"Atlantis_00A","DIST_SER",2023,0
"Atlantis_00A","DIST_SER",2024,0
"Atlantis_00A","DIST_SER",2025,0
"Atlantis_00A","DIST_SER",2026,0
"Atlantis_00A","DIST_SER",2027,0
"Atlantis_00A","DIST_SER",2028,0
"Atlantis_00A","DIST_SER",2029,0
"Atlantis_00A","DIST_SER",2030,0
"Atlantis_00A","DIST_SER",2031,0
"Atlantis_00A","DIST_SER",2032,0
"Atlantis_00A","DIST_SER",2033,0
"Atlantis_00A","DIST_SER",2034,0
"Atlantis_00A","DIST_SER",2035,0
"Atlantis_00A","DIST_SER",2036,0
"Atlantis_00A","DIST_SER",2037,0
"Atlantis_00A","DIST_SER",2038,0
"Atlantis_00A","DIST_SER",2039,0
"Atlantis_00A","DIST_SER",2040,0
"Atlantis_00A","DIST_SER",2041,0
"Atlantis_00A","DIST_SER",2042,0
"Atlantis_00A","DIST_SER",2043,0
"Atlantis_00A","DIST_SER",2044,0
"Atlantis_00A","DIST_SER",2045,0
"Atlantis_00A","DIST_SER",2046,0
"Atlantis_00A","DIST_SER",2047,0
"Atlantis_00A","DIST_SER",2048,0
"Atlantis_00A","DIST_SER",2049,0
"Atlantis_00A","DIST_SER",2050,0
"Atlantis_00A","DIST_SER",2051,0
"Atlantis_00A","DIST_SER",2052,0
"Atlantis_00A","DIST_SER",2053,0
"Atlantis_00A","DIST_SER",2054,0
"Atlantis_00A","DIST_SER",2055,0
"Atlantis_00A","DIST_TRA",2014,0
"Atlantis_00A","DIST_TRA",2015,0
"Atlantis_00A","DIST_TRA",2016,0
"Atlantis_00A","DIST_TRA",2017,0
"Atlantis_00A","DIST_TRA",2018,0
"Atlantis_00A","DIST_TRA",2019,0
"Atlantis_00A","DIST_TRA",2020,0
"Atlantis_00A","DIST_TRA",2021,0
"Atlantis_00A","DIST_TRA",2022,0
"Atlantis_00A","DIST_TRA",2023,0
"Atlantis_00A","DIST_TRA",2024,0
"Atlantis_00A","DIST_TRA",2025,0
"Atlantis_00A","DIST_TRA",2026,0
"Atlantis_00A","DIST_TRA",2027,0
"Atlantis_00A","DIST_TRA",2028,0
"Atlantis_00A","DIST_TRA",2029,0
"Atlantis_00A","DIST_TRA",2030,0
"Atlantis_00A","DIST_TRA",2031,0
"Atlantis_00A","DIST_TRA",2032,0
"Atlantis_00A","DIST_TRA",2033,0
"Atlantis_00A","DIST_TRA",2034,0
"Atlantis_00A","DIST_TRA",2035,0
"Atlantis_00A","DIST_TRA",2036,0
"Atlantis_00A","DIST_TRA",2037,0
"Atlantis_00A","DIST_TRA",2038,0
"Atlantis_00A","DIST_TRA",2039,0
"Atlantis_00A","DIST_TRA",2040,0
"Atlantis_00A","DIST_TRA",2041,0
"Atlantis_00A","DIST_TRA",2042,0
"Atlantis_00A","DIST_TRA",2043,0
"Atlantis_00A","DIST_TRA",2044,0
"Atlantis_00A","DIST_TRA",2045,0
"Atlantis_00A","DIST_TRA",2046,0
"Atlantis_00A","DIST_TRA",2047,0
"Atlantis_00A","DIST_TRA",2048,0
"Atlantis_00A","DIST_TRA",2049,0
"Atlantis_00A","DIST_TRA",2050,0
"Atlantis_00A","DIST_TRA",2051,0
"Atlantis_00A","DIST_TRA",2052,0
"Atlantis_00A","DIST_TRA",2053,0
"Atlantis_00A","DIST_TRA",2054,0
"Atlantis_00A","DIST_TRA",2055,0
"Atlantis_00A","DS_IMP",2014,0
"Atlantis_00A","DS_IMP",2015,0
"Atlantis_00A","DS_IMP",2016,0
"Atlantis_00A","DS_IMP",2017,0
"Atlantis_00A","DS_IMP",2018,0
"Atlantis_00A","DS_IMP",2019,0
"Atlantis_00A","DS_IMP",2020,0
"Atlantis_00A","DS_IMP",2021,0
"Atlantis_00A","DS_IMP",2022,0
"Atlantis_00A","DS_IMP",2023,0
"Atlantis_00A","DS_IMP",2024,0
"Atlantis_00A","DS_IMP",2025,0
"Atlantis_00A","DS_IMP",2026,0
"Atlantis_00A","DS_IMP",2027,0
"Atlantis_00A","DS_IMP",2028,0
"Atlantis_00A","DS_IMP",2029,0
"Atlantis_00A","DS_IMP",2030,0
"Atlantis_00A","DS_IMP",2031,0
"Atlantis_00A","DS_IMP",2032,0
"Atlantis_00A","DS_IMP",2033,0
"Atlantis_00A","DS_IMP",2034,0
"Atlantis_00A","DS_IMP",2035,0
"Atlantis_00A","DS_IMP",2036,0
"Atlantis_00A","DS_IMP",2037,0
"Atlantis_00A","DS_IMP",2038,0
"Atlantis_00A","DS_IMP",2039,0
"Atlantis_00A","DS_IMP",2040,0
"Atlantis_00A","DS_IMP",2041,0
"Atlantis_00A","DS_IMP",2042,0
"Atlantis_00A","DS_IMP",2043,0
"Atlantis_00A","DS_IMP",2044,0
"Atlantis_00A","DS_IMP",2045,0
"Atlantis_00A","DS_IMP",2046,0
"Atlantis_00A","DS_IMP",2047,0
"Atlantis_00A","DS_IMP",2048,0
"Atlantis_00A","DS_IMP",2049,0
"Atlantis_00A","DS_IMP",2050,0
"Atlantis_00A","DS_IMP",2051,0
"Atlantis_00A","DS_IMP",2052,0
"Atlantis_00A","DS_IMP",2053,0
"Atlantis_00A","DS_IMP",2054,0
"Atlantis_00A","DS_IMP",2055,0
"Atlantis_00A","DS_IND",2014,0
"Atlantis_00A","DS_IND",2015,0
"Atlantis_00A","DS_IND",2016,0
"Atlantis_00A","DS_IND",2017,0
"Atlantis_00A","DS_IND",2018,0
"Atlantis_00A","DS_IND",2019,0
"Atlantis_00A","DS_IND",2020,0
"Atlantis_00A","DS_IND",2021,0
"Atlantis_00A","DS_IND",2022,0
"Atlantis_00A","DS_IND",2023,0
"Atlantis_00A","DS_IND",2024,0
"Atlantis_00A","DS_IND",2025,0
"Atlantis_00A","DS_IND",2026,0
"Atlantis_00A","DS_IND",2027,0
"Atlantis_00A","DS_IND",2028,0
"Atlantis_00A","DS_IND",2029,0
"Atlantis_00A","DS_IND",2030,0
"Atlantis_00A","DS_IND",2031,0
"Atlantis_00A","DS_IND",2032,0
"Atlantis_00A","DS_IND",2033,0
"Atlantis_00A","DS_IND",2034,0
"Atlantis_00A","DS_IND",2035,0
"Atlantis_00A","DS_IND",2036,0
"Atlantis_00A","DS_IND",2037,0
"Atlantis_00A","DS_IND",2038,0
"Atlantis_00A","DS_IND",2039,0
"Atlantis_00A","DS_IND",2040,0
"Atlantis_00A","DS_IND",2041,0
"Atlantis_00A","DS_IND",2042,0
"Atlantis_00A","DS_IND",2043,0
"Atlantis_00A","DS_IND",2044,0
"Atlantis_00A","DS_IND",2045,0
"Atlantis_00A","DS_IND",2046,0
"Atlantis_00A","DS_IND",2047,0
"Atlantis_00A","DS_IND",2048,0
"Atlantis_00A","DS_IND",2049,0
"Atlantis_00A","DS_IND",2050,0
"Atlantis_00A","DS_IND",2051,0
"Atlantis_00A","DS_IND",2052,0
"Atlantis_00A","DS_IND",2053,0
"Atlantis_00A","DS_IND",2054,0
"Atlantis_00A","DS_IND",2055,0
"Atlantis_00A","DS_OTH",2014,0
"Atlantis_00A","DS_OTH",2015,0
"Atlantis_00A","DS_OTH",2016,0
"Atlantis_00A","DS_OTH",2017,0
"Atlantis_00A","DS_OTH",2018,0
"Atlantis_00A","DS_OTH",2019,0
"Atlantis_00A","DS_OTH",2020,0
"Atlantis_00A","DS_OTH",2021,0
"Atlantis_00A","DS_OTH",2022,0
"Atlantis_00A","DS_OTH",2023,0
"Atlantis_00A","DS_OTH",2024,0
"Atlantis_00A","DS_OTH",2025,0
"Atlantis_00A","DS_OTH",2026,0
"Atlantis_00A","DS_OTH",2027,0
"Atlantis_00A","DS_OTH",2028,0
"Atlantis_00A","DS_OTH",2029,0
"Atlantis_00A","DS_OTH",2030,0
"Atlantis_00A","DS_OTH",2031,0
"Atlantis_00A","DS_OTH",2032,0
"Atlantis_00A","DS_OTH",2033,0
"Atlantis_00A","DS_OTH",2034,0
"Atlantis_00A","DS_OTH",2035,0
"Atlantis_00A","DS_OTH",2036,0
"Atlantis_00A","DS_OTH",2037,0
"Atlantis_00A","DS_OTH",2038,0
"Atlantis_00A","DS_OTH",2039,0
"Atlantis_00A","DS_OTH",2040,0
"Atlantis_00A","DS_OTH",2041,0
"Atlantis_00A","DS_OTH",2042,0
"Atlantis_00A","DS_OTH",2043,0
"Atlantis_00A","DS_OTH",2044,0
"Atlantis_00A","DS_OTH",2045,0
"Atlantis_00A","DS_OTH",2046,0
"Atlantis_00A","DS_OTH",2047,0
"Atlantis_00A","DS_OTH",2048,0
"Atlantis_00A","DS_OTH",2049,0
"Atlantis_00A","DS_OTH",2050,0
"Atlantis_00A","DS_OTH",2051,0
"Atlantis_00A","DS_OTH",2052,0
"Atlantis_00A","DS_OTH",2053,0
"Atlantis_00A","DS_OTH",2054,0
"Atlantis_00A","DS_OTH",2055,0
"Atlantis_00A","DS_TRA",2014,0
"Atlantis_00A","DS_TRA",2015,0
"Atlantis_00A","DS_TRA",2016,0
"Atlantis_00A","DS_TRA",2017,0
"Atlantis_00A","DS_TRA",2018,0
"Atlantis_00A","DS_TRA",2019,0
"Atlantis_00A","DS_TRA",2020,0
"Atlantis_00A","DS_TRA",2021,0
"Atlantis_00A","DS_TRA",2022,0
"Atlantis_00A","DS_TRA",2023,0
"Atlantis_00A","DS_TRA",2024,0
"Atlantis_00A","DS_TRA",2025,0
"Atlantis_00A","DS_TRA",2026,0
"Atlantis_00A","DS_TRA",2027,0
"Atlantis_00A","DS_TRA",2028,0
"Atlantis_00A","DS_TRA",2029,0
"Atlantis_00A","DS_TRA",2030,0
"Atlantis_00A","DS_TRA",2031,0
"Atlantis_00A","DS_TRA",2032,0
"Atlantis_00A","DS_TRA",2033,0
"Atlantis_00A","DS_TRA",2034,0
"Atlantis_00A","DS_TRA",2035,0
"Atlantis_00A","DS_TRA",2036,0
"Atlantis_00A","DS_TRA",2037,0
"Atlantis_00A","DS_TRA",2038,0
"Atlantis_00A","DS_TRA",2039,0
"Atlantis_00A","DS_TRA",2040,0
"Atlantis_00A","DS_TRA",2041,0
"Atlantis_00A","DS_TRA",2042,0
"Atlantis_00A","DS_TRA",2043,0
"Atlantis_00A","DS_TRA",2044,0
"Atlantis_00A","DS_TRA",2045,0
"Atlantis_00A","DS_TRA",2046,0
"Atlantis_00A","DS_TRA",2047,0
"Atlantis_00A","DS_TRA",2048,0
"Atlantis_00A","DS_TRA",2049,0
"Atlantis_00A","DS_TRA",2050,0
"Atlantis_00A","DS_TRA",2051,0
"Atlantis_00A","DS_TRA",2052,0
"Atlantis_00A","DS_TRA",2053,0
"Atlantis_00A","DS_TRA",2054,0
"Atlantis_00A","DS_TRA",2055,0
"Atlantis_00A","DSGC",2014,0.955844
"Atlantis_00A","DSGC",2015,0.955844
"Atlantis_00A","DSGC",2016,0.955844
"Atlantis_00A","DSGC",2017,0.955844
"Atlantis_00A","DSGC",2018,0.955844
"Atlantis_00A","DSGC",2019,0.955844
"Atlantis_00A","DSGC",2020,0.955844
"Atlantis_00A","DSGC",2021,0.7278
"Atlantis_00A","DSGC",2022,0.7278
"Atlantis_00A","DSGC",2023,0.7278
"Atlantis_00A","DSGC",2024,0.7278
"Atlantis_00A","DSGC",2025,0.7278
"Atlantis_00A","DSGC",2026,0.7278
"Atlantis_00A","DSGC",2027,0.7278
"Atlantis_00A","DSGC",2028,0.7278
"Atlantis_00A","DSGC",2029,0.7278
"Atlantis_00A","DSGC",2030,0.7278
"Atlantis_00A","DSGC",2031,0
"Atlantis_00A","DSGC",2032,0
"Atlantis_00A","DSGC",2033,0
"Atlantis_00A","DSGC",2034,0
"Atlantis_00A","DSGC",2035,0
"Atlantis_00A","DSGC",2036,0
"Atlantis_00A","DSGC",2037,0
"Atlantis_00A","DSGC",2038,0
"Atlantis_00A","DSGC",2039,2.28943351149878
"Atlantis_00A","DSGC",2040,2.28943351149878
"Atlantis_00A","DSGC",2041,2.28943351149878
"Atlantis_00A","DSGC",2042,2.28943351149878
"Atlantis_00A","DSGC",2043,2.28943351149878
"Atlantis_00A","DSGC",2044,4.96848378343894
"Atlantis_00A","DSGC",2045,4.96848378343894
"Atlantis_00A","DSGC",2046,4.96848378343894
"Atlantis_00A","DSGC",2047,4.96848378343894
"Atlantis_00A","DSGC",2048,4.96848378343894
"Atlantis_00A","DSGC",2049,4.96848378343894
"Atlantis_00A","DSGC",2050,4.96848378343894
"Atlantis_00A","DSGC",2051,4.96848378343894
"Atlantis_00A","DSGC",2052,4.96848378343894
"Atlantis_00A","DSGC",2053,4.96848378343894
"Atlantis_00A","DSGC",2054,4.96848378343894
"Atlantis_00A","DSGC",2055,4.96848378343894
"Atlantis_00A","EXP_HF",2014,0
"Atlantis_00A","EXP_HF",2015,0
"Atlantis_00A","EXP_HF",2016,0
"Atlantis_00A","EXP_HF",2017,0
"Atlantis_00A","EXP_HF",2018,0
"Atlantis_00A","EXP_HF",2019,0
"Atlantis_00A","EXP_HF",2020,0
"Atlantis_00A","EXP_HF",2021,0
"Atlantis_00A","EXP_HF",2022,0
"Atlantis_00A","EXP_HF",2023,0
"Atlantis_00A","EXP_HF",2024,0
"Atlantis_00A","EXP_HF",2025,0
"Atlantis_00A","EXP_HF",2026,0
"Atlantis_00A","EXP_HF",2027,0
"Atlantis_00A","EXP_HF",2028,0
"Atlantis_00A","EXP_HF",2029,0
"Atlantis_00A","EXP_HF",2030,0
"Atlantis_00A","EXP_HF",2031,0
"Atlantis_00A","EXP_HF",2032,0
"Atlantis_00A","EXP_HF",2033,0
"Atlantis_00A","EXP_HF",2034,0
"Atlantis_00A","EXP_HF",2035,0
"Atlantis_00A","EXP_HF",2036,0
"Atlantis_00A","EXP_HF",2037,0
"Atlantis_00A","EXP_HF",2038,0
"Atlantis_00A","EXP_HF",2039,0
"Atlantis_00A","EXP_HF",2040,0
"Atlantis_00A","EXP_HF",2041,0
"Atlantis_00A","EXP_HF",2042,0
"Atlantis_00A","EXP_HF",2043,0
"Atlantis_00A","EXP_HF",2044,0
"Atlantis_00A","EXP_HF",2045,0
"Atlantis_00A","EXP_HF",2046,0
"Atlantis_00A","EXP_HF",2047,0
"Atlantis_00A","EXP_HF",2048,0
"Atlantis_00A","EXP_HF",2049,0
"Atlantis_00A","EXP_HF",2050,0
"Atlantis_00A","EXP_HF",2051,0
"Atlantis_00A","EXP_HF",2052,0
"Atlantis_00A","EXP_HF",2053,0
"Atlantis_00A","EXP_HF",2054,0
"Atlantis_00A","EXP_HF",2055,0
"Atlantis_00A","EXP_NG",2014,0
"Atlantis_00A","EXP_NG",2015,0
"Atlantis_00A","EXP_NG",2016,0
"Atlantis_00A","EXP_NG",2017,0
"Atlantis_00A","EXP_NG",2018,0
"Atlantis_00A","EXP_NG",2019,0
"Atlantis_00A","EXP_NG",2020,0
"Atlantis_00A","EXP_NG",2021,0
"Atlantis_00A","EXP_NG",2022,0
"Atlantis_00A","EXP_NG",2023,0
"Atlantis_00A","EXP_NG",2024,0
"Atlantis_00A","EXP_NG",2025,0
"Atlantis_00A","EXP_NG",2026,0
"Atlantis_00A","EXP_NG",2027,0
"Atlantis_00A","EXP_NG",2028,0
"Atlantis_00A","EXP_NG",2029,0
"Atlantis_00A","EXP_NG",2030,0
"Atlantis_00A","EXP_NG",2031,0
"Atlantis_00A","EXP_NG",2032,0
"Atlantis_00A","EXP_NG",2033,0
"Atlantis_00A","EXP_NG",2034,0
"Atlantis_00A","EXP_NG",2035,0
"Atlantis_00A","EXP_NG",2036,0
"Atlantis_00A","EXP_NG",2037,0
"Atlantis_00A","EXP_NG",2038,0
"Atlantis_00A","EXP_NG",2039,0
"Atlantis_00A","EXP_NG",2040,0
"Atlantis_00A","EXP_NG",2041,0
"Atlantis_00A","EXP_NG",2042,0
"Atlantis_00A","EXP_NG",2043,0
"Atlantis_00A","EXP_NG",2044,0
"Atlantis_00A","EXP_NG",2045,0
"Atlantis_00A","EXP_NG",2046,0
"Atlantis_00A","EXP_NG",2047,0
"Atlantis_00A","EXP_NG",2048,0
"Atlantis_00A","EXP_NG",2049,0
"Atlantis_00A","EXP_NG",2050,0
"Atlantis_00A","EXP_NG",2051,0
"Atlantis_00A","EXP_NG",2052,0
"Atlantis_00A","EXP_NG",2053,0
"Atlantis_00A","EXP_NG",2054,0
"Atlantis_00A","EXP_NG",2055,0
"Atlantis_00A","GT_FC",2014,0
"Atlantis_00A","GT_FC",2015,0
"Atlantis_00A","GT_FC",2016,0
"Atlantis_00A","GT_FC",2017,0
"Atlantis_00A","GT_FC",2018,0
"Atlantis_00A","GT_FC",2019,0
"Atlantis_00A","GT_FC",2020,0
"Atlantis_00A","GT_FC",2021,0
"Atlantis_00A","GT_FC",2022,0
"Atlantis_00A","GT_FC",2023,0
"Atlantis_00A","GT_FC",2024,0
"Atlantis_00A","GT_FC",2025,0
"Atlantis_00A","GT_FC",2026,0
"Atlantis_00A","GT_FC",2027,0
"Atlantis_00A","GT_FC",2028,0
"Atlantis_00A","GT_FC",2029,0
"Atlantis_00A","GT_FC",2030,0
"Atlantis_00A","GT_FC",2031,0
"Atlantis_00A","GT_FC",2032,0
"Atlantis_00A","GT_FC",2033,0
"Atlantis_00A","GT_FC",2034,0
"Atlantis_00A","GT_FC",2035,0
"Atlantis_00A","GT_FC",2036,0
"Atlantis_00A","GT_FC",2037,0
"Atlantis_00A","GT_FC",2038,0
"Atlantis_00A","GT_FC",2039,0
"Atlantis_00A","GT_FC",2040,0
"Atlantis_00A","GT_FC",2041,0
"Atlantis_00A","GT_FC",2042,0
"Atlantis_00A","GT_FC",2043,0
"Atlantis_00A","GT_FC",2044,0
"Atlantis_00A","GT_FC",2045,0
"Atlantis_00A","GT_FC",2046,0
"Atlantis_00A","GT_FC",2047,0
"Atlantis_00A","GT_FC",2048,0
"Atlantis_00A","GT_FC",2049,0
"Atlantis_00A","GT_FC",2050,0
"Atlantis_00A","GT_FC",2051,0
"Atlantis_00A","GT_FC",2052,0
"Atlantis_00A","GT_FC",2053,0
"Atlantis_00A","GT_FC",2054,0
"Atlantis_00A","GT_FC",2055,0
"Atlantis_00A","HF_IMP",2014,0
"Atlantis_00A","HF_IMP",2015,0
"Atlantis_00A","HF_IMP",2016,0
"Atlantis_00A","HF_IMP",2017,0
"Atlantis_00A","HF_IMP",2018,0
"Atlantis_00A","HF_IMP",2019,0
"Atlantis_00A","HF_IMP",2020,0
"Atlantis_00A","HF_IMP",2021,0
"Atlantis_00A","HF_IMP",2022,0
"Atlantis_00A","HF_IMP",2023,0
"Atlantis_00A","HF_IMP",2024,0
"Atlantis_00A","HF_IMP",2025,0
"Atlantis_00A","HF_IMP",2026,0
"Atlantis_00A","HF_IMP",2027,0
"Atlantis_00A","HF_IMP",2028,0
"Atlantis_00A","HF_IMP",2029,0
"Atlantis_00A","HF_IMP",2030,0
"Atlantis_00A","HF_IMP",2031,0
"Atlantis_00A","HF_IMP",2032,0
"Atlantis_00A","HF_IMP",2033,0
"Atlantis_00A","HF_IMP",2034,0
"Atlantis_00A","HF_IMP",2035,0
"Atlantis_00A","HF_IMP",2036,0
"Atlantis_00A","HF_IMP",2037,0
"Atlantis_00A","HF_IMP",2038,0
"Atlantis_00A","HF_IMP",2039,0
"Atlantis_00A","HF_IMP",2040,0
"Atlantis_00A","HF_IMP",2041,0
"Atlantis_00A","HF_IMP",2042,0
"Atlantis_00A","HF_IMP",2043,0
"Atlantis_00A","HF_IMP",2044,0
"Atlantis_00A","HF_IMP",2045,0
"Atlantis_00A","HF_IMP",2046,0
"Atlantis_00A","HF_IMP",2047,0
"Atlantis_00A","HF_IMP",2048,0
"Atlantis_00A","HF_IMP",2049,0
"Atlantis_00A","HF_IMP",2050,0
"Atlantis_00A","HF_IMP",2051,0
"Atlantis_00A","HF_IMP",2052,0
"Atlantis_00A","HF_IMP",2053,0
"Atlantis_00A","HF_IMP",2054,0
"Atlantis_00A","HF_IMP",2055,0
"Atlantis_00A","HF_IND",2014,0
"Atlantis_00A","HF_IND",2015,0
"Atlantis_00A","HF_IND",2016,0
"Atlantis_00A","HF_IND",2017,0
"Atlantis_00A","HF_IND",2018,0
"Atlantis_00A","HF_IND",2019,0
"Atlantis_00A","HF_IND",2020,0
"Atlantis_00A","HF_IND",2021,0
"Atlantis_00A","HF_IND",2022,0
"Atlantis_00A","HF_IND",2023,0
"Atlantis_00A","HF_IND",2024,0
"Atlantis_00A","HF_IND",2025,0
"Atlantis_00A","HF_IND",2026,0
"Atlantis_00A","HF_IND",2027,0
"Atlantis_00A","HF_IND",2028,0
"Atlantis_00A","HF_IND",2029,0
"Atlantis_00A","HF_IND",2030,0
"Atlantis_00A","HF_IND",2031,0
"Atlantis_00A","HF_IND",2032,0
"Atlantis_00A","HF_IND",2033,0
"Atlantis_00A","HF_IND",2034,0
"Atlantis_00A","HF_IND",2035,0
"Atlantis_00A","HF_IND",2036,0
"Atlantis_00A","HF_IND",2037,0
"Atlantis_00A","HF_IND",2038,0
"Atlantis_00A","HF_IND",2039,0
"Atlantis_00A","HF_IND",2040,0
"Atlantis_00A","HF_IND",2041,0
"Atlantis_00A","HF_IND",2042,0
"Atlantis_00A","HF_IND",2043,0
"Atlantis_00A","HF_IND",2044,0
"Atlantis_00A","HF_IND",2045,0
"Atlantis_00A","HF_IND",2046,0
"Atlantis_00A","HF_IND",2047,0
"Atlantis_00A","HF_IND",2048,0
"Atlantis_00A","HF_IND",2049,0
"Atlantis_00A","HF_IND",2050,0
"Atlantis_00A","HF_IND",2051,0
"Atlantis_00A","HF_IND",2052,0
"Atlantis_00A","HF_IND",2053,0
"Atlantis_00A","HF_IND",2054,0
"Atlantis_00A","HF_IND",2055,0
"Atlantis_00A","HF_OTH",2014,0
"Atlantis_00A","HF_OTH",2015,0
"Atlantis_00A","HF_OTH",2016,0
"Atlantis_00A","HF_OTH",2017,0
"Atlantis_00A","HF_OTH",2018,0
"Atlantis_00A","HF_OTH",2019,0
"Atlantis_00A","HF_OTH",2020,0
"Atlantis_00A","HF_OTH",2021,0
"Atlantis_00A","HF_OTH",2022,0
"Atlantis_00A","HF_OTH",2023,0
"Atlantis_00A","HF_OTH",2024,0
"Atlantis_00A","HF_OTH",2025,0
"Atlantis_00A","HF_OTH",2026,0
"Atlantis_00A","HF_OTH",2027,0
"Atlantis_00A","HF_OTH",2028,0
"Atlantis_00A","HF_OTH",2029,0
"Atlantis_00A","HF_OTH",2030,0
"Atlantis_00A","HF_OTH",2031,0
"Atlantis_00A","HF_OTH",2032,0
"Atlantis_00A","HF_OTH",2033,0
"Atlantis_00A","HF_OTH",2034,0
"Atlantis_00A","HF_OTH",2035,0
"Atlantis_00A","HF_OTH",2036,0
"Atlantis_00A","HF_OTH",2037,0
"Atlantis_00A","HF_OTH",2038,0
"Atlantis_00A","HF_OTH",2039,0
"Atlantis_00A","HF_OTH",2040,0
"Atlantis_00A","HF_OTH",2041,0
"Atlantis_00A","HF_OTH",2042,0
"Atlantis_00A","HF_OTH",2043,0
"Atlantis_00A","HF_OTH",2044,0
"Atlantis_00A","HF_OTH",2045,0
"Atlantis_00A","HF_OTH",2046,0
"Atlantis_00A","HF_OTH",2047,0
"Atlantis_00A","HF_OTH",2048,0
"Atlantis_00A","HF_OTH",2049,0
"Atlantis_00A","HF_OTH",2050,0
"Atlantis_00A","HF_OTH",2051,0
"Atlantis_00A","HF_OTH",2052,0
"Atlantis_00A","HF_OTH",2053,0
"Atlantis_00A","HF_OTH",2054,0
"Atlantis_00A","HF_OTH",2055,0
"Atlantis_00A","HF_RES",2014,0
"Atlantis_00A","HF_RES",2015,0
"Atlantis_00A","HF_RES",2016,0
"Atlantis_00A","HF_RES",2017,0
"Atlantis_00A","HF_RES",2018,0
"Atlantis_00A","HF_RES",2019,0
"Atlantis_00A","HF_RES",2020,0
"Atlantis_00A","HF_RES",2021,0
"Atlantis_00A","HF_RES",2022,0
"Atlantis_00A","HF_RES",2023,0
"Atlantis_00A","HF_RES",2024,0
"Atlantis_00A","HF_RES",2025,0
"Atlantis_00A","HF_RES",2026,0
"Atlantis_00A","HF_RES",2027,0
"Atlantis_00A","HF_RES",2028,0
"Atlantis_00A","HF_RES",2029,0
"Atlantis_00A","HF_RES",2030,0
"Atlantis_00A","HF_RES",2031,0
"Atlantis_00A","HF_RES",2032,0
"Atlantis_00A","HF_RES",2033,0
"Atlantis_00A","HF_RES",2034,0
"Atlantis_00A","HF_RES",2035,0
"Atlantis_00A","HF_RES",2036,0
"Atlantis_00A","HF_RES",2037,0
"Atlantis_00A","HF_RES",2038,0
"Atlantis_00A","HF_RES",2039,0
"Atlantis_00A","HF_RES",2040,0
"Atlantis_00A","HF_RES",2041,0
"Atlantis_00A","HF_RES",2042,0
"Atlantis_00A","HF_RES",2043,0
"Atlantis_00A","HF_RES",2044,0
"Atlantis_00A","HF_RES",2045,0
"Atlantis_00A","HF_RES",2046,0
"Atlantis_00A","HF_RES",2047,0
"Atlantis_00A","HF_RES",2048,0
"Atlantis_00A","HF_RES",2049,0
"Atlantis_00A","HF_RES",2050,0
"Atlantis_00A","HF_RES",2051,0
"Atlantis_00A","HF_RES",2052,0
"Atlantis_00A","HF_RES",2053,0
"Atlantis_00A","HF_RES",2054,0
"Atlantis_00A","HF_RES",2055,0
"Atlantis_00A","HF_SER",2014,0
"Atlantis_00A","HF_SER",2015,0
"Atlantis_00A","HF_SER",2016,0
"Atlantis_00A","HF_SER",2017,0
"Atlantis_00A","HF_SER",2018,0
"Atlantis_00A","HF_SER",2019,0
"Atlantis_00A","HF_SER",2020,0
"Atlantis_00A","HF_SER",2021,0
"Atlantis_00A","HF_SER",2022,0
"Atlantis_00A","HF_SER",2023,0
"Atlantis_00A","HF_SER",2024,0
"Atlantis_00A","HF_SER",2025,0
"Atlantis_00A","HF_SER",2026,0
"Atlantis_00A","HF_SER",2027,0
"Atlantis_00A","HF_SER",2028,0
"Atlantis_00A","HF_SER",2029,0
"Atlantis_00A","HF_SER",2030,0
"Atlantis_00A","HF_SER",2031,0
"Atlantis_00A","HF_SER",2032,0
"Atlantis_00A","HF_SER",2033,0
"Atlantis_00A","HF_SER",2034,0
"Atlantis_00A","HF_SER",2035,0
"Atlantis_00A","HF_SER",2036,0
"Atlantis_00A","HF_SER",2037,0
"Atlantis_00A","HF_SER",2038,0
"Atlantis_00A","HF_SER",2039,0
"Atlantis_00A","HF_SER",2040,0
"Atlantis_00A","HF_SER",2041,0
"Atlantis_00A","HF_SER",2042,0
"Atlantis_00A","HF_SER",2043,0
"Atlantis_00A","HF_SER",2044,0
"Atlantis_00A","HF_SER",2045,0
"Atlantis_00A","HF_SER",2046,0
"Atlantis_00A","HF_SER",2047,0
"Atlantis_00A","HF_SER",2048,0
"Atlantis_00A","HF_SER",2049,0
"Atlantis_00A","HF_SER",2050,0
"Atlantis_00A","HF_SER",2051,0
"Atlantis_00A","HF_SER",2052,0
"Atlantis_00A","HF_SER",2053,0
"Atlantis_00A","HF_SER",2054,0
"Atlantis_00A","HF_SER",2055,0
"Atlantis_00A","HF_TRA",2014,0
"Atlantis_00A","HF_TRA",2015,0
"Atlantis_00A","HF_TRA",2016,0
"Atlantis_00A","HF_TRA",2017,0
"Atlantis_00A","HF_TRA",2018,0
"Atlantis_00A","HF_TRA",2019,0
"Atlantis_00A","HF_TRA",2020,0
"Atlantis_00A","HF_TRA",2021,0
"Atlantis_00A","HF_TRA",2022,0
"Atlantis_00A","HF_TRA",2023,0
"Atlantis_00A","HF_TRA",2024,0
"Atlantis_00A","HF_TRA",2025,0
"Atlantis_00A","HF_TRA",2026,0
"Atlantis_00A","HF_TRA",2027,0
"Atlantis_00A","HF_TRA",2028,0
"Atlantis_00A","HF_TRA",2029,0
"Atlantis_00A","HF_TRA",2030,0
"Atlantis_00A","HF_TRA",2031,0
"Atlantis_00A","HF_TRA",2032,0
"Atlantis_00A","HF_TRA",2033,0
"Atlantis_00A","HF_TRA",2034,0
"Atlantis_00A","HF_TRA",2035,0
"Atlantis_00A","HF_TRA",2036,0
"Atlantis_00A","HF_TRA",2037,0
"Atlantis_00A","HF_TRA",2038,0
"Atlantis_00A","HF_TRA",2039,0
"Atlantis_00A","HF_TRA",2040,0
"Atlantis_00A","HF_TRA",2041,0
"Atlantis_00A","HF_TRA",2042,0
"Atlantis_00A","HF_TRA",2043,0
"Atlantis_00A","HF_TRA",2044,0
"Atlantis_00A","HF_TRA",2045,0
"Atlantis_00A","HF_TRA",2046,0
"Atlantis_00A","HF_TRA",2047,0
"Atlantis_00A","HF_TRA",2048,0
"Atlantis_00A","HF_TRA",2049,0
"Atlantis_00A","HF_TRA",2050,0
"Atlantis_00A","HF_TRA",2051,0
"Atlantis_00A","HF_TRA",2052,0
"Atlantis_00A","HF_TRA",2053,0
"Atlantis_00A","HF_TRA",2054,0
"Atlantis_00A","HF_TRA",2055,0
"Atlantis_00A","HYDRO_DAM",2014,27.17
"Atlantis_00A","HYDRO_DAM",2015,27.225
"Atlantis_00A","HYDRO_DAM",2016,27.225
"Atlantis_00A","HYDRO_DAM",2017,34.1
"Atlantis_00A","HYDRO_DAM",2018,36.63
"Atlantis_00A","HYDRO_DAM",2019,40.3095
"Atlantis_00A","HYDRO_DAM",2020,43.974
"Atlantis_00A","HYDRO_DAM",2021,43.974
"Atlantis_00A","HYDRO_DAM",2022,43.974
"Atlantis_00A","HYDRO_DAM",2023,43.974
"Atlantis_00A","HYDRO_DAM",2024,43.974
"Atlantis_00A","HYDRO_DAM",2025,43.974
"Atlantis_00A","HYDRO_DAM",2026,43.974
"Atlantis_00A","HYDRO_DAM",2027,43.974
"Atlantis_00A","HYDRO_DAM",2028,43.974
"Atlantis_00A","HYDRO_DAM",2029,43.974
"Atlantis_00A","HYDRO_DAM",2030,51.303
"Atlantis_00A","HYDRO_DAM",2031,91.1717610034843
"Atlantis_00A","HYDRO_DAM",2032,128.399892577591
"Atlantis_00A","HYDRO_DAM",2033,237.646229430786
"Atlantis_00A","HYDRO_DAM",2034,237.646229430786
"Atlantis_00A","HYDRO_DAM",2035,322.027407123507
"Atlantis_00A","HYDRO_DAM",2036,322.027407123507
"Atlantis_00A","HYDRO_DAM",2037,322.027407123507
"Atlantis_00A","HYDRO_DAM",2038,322.027407123507
"Atlantis_00A","HYDRO_DAM",2039,322.027407123507
"Atlantis_00A","HYDRO_DAM",2040,381.418210591502
"Atlantis_00A","HYDRO_DAM",2041,435.576603855312
"Atlantis_00A","HYDRO_DAM",2042,496.67632283911
"Atlantis_00A","HYDRO_DAM",2043,483.469867207327
"Atlantis_00A","HYDRO_DAM",2044,557.793852499026
"Atlantis_00A","HYDRO_DAM",2045,520.607595665758
"Atlantis_00A","HYDRO_DAM",2046,557.793852499026
"Atlantis_00A","HYDRO_DAM",2047,520.607595665758
"Atlantis_00A","HYDRO_DAM",2048,557.793852499026
"Atlantis_00A","HYDRO_DAM",2049,520.607595665758
"Atlantis_00A","HYDRO_DAM",2050,557.793852499026
"Atlantis_00A","HYDRO_DAM",2051,520.607595665758
"Atlantis_00A","HYDRO_DAM",2052,557.605235299678
"Atlantis_00A","HYDRO_DAM",2053,522.672981224571
"Atlantis_00A","HYDRO_DAM",2054,560.006765597754
"Atlantis_00A","HYDRO_DAM",2055,522.672981224571
"Atlantis_00A","HYDRO_MIN",2014,0.133
"Atlantis_00A","HYDRO_MIN",2015,0.133
"Atlantis_00A","HYDRO_MIN",2016,0.133
"Atlantis_00A","HYDRO_MIN",2017,0.133
"Atlantis_00A","HYDRO_MIN",2018,0.133
"Atlantis_00A","HYDRO_MIN",2019,0.133
"Atlantis_00A","HYDRO_MIN",2020,0.133
"Atlantis_00A","HYDRO_MIN",2021,0.133
"Atlantis_00A","HYDRO_MIN",2022,0.133
"Atlantis_00A","HYDRO_MIN",2023,0.133
"Atlantis_00A","HYDRO_MIN",2024,0.133
"Atlantis_00A","HYDRO_MIN",2025,0.133
"Atlantis_00A","HYDRO_MIN",2026,0.133
"Atlantis_00A","HYDRO_MIN",2027,0.133
"Atlantis_00A","HYDRO_MIN",2028,0.133
"Atlantis_00A","HYDRO_MIN",2029,0.133
"Atlantis_00A","HYDRO_MIN",2030,0.1425
"Atlantis_00A","HYDRO_MIN",2031,0.1425
"Atlantis_00A","HYDRO_MIN",2032,0.1425
"Atlantis_00A","HYDRO_MIN",2033,0.1425
"Atlantis_00A","HYDRO_MIN",2034,0.1425
"Atlantis_00A","HYDRO_MIN",2035,0.1425
"Atlantis_00A","HYDRO_MIN",2036,0.1425
"Atlantis_00A","HYDRO_MIN",2037,0.1425
"Atlantis_00A","HYDRO_MIN",2038,0.1425
"Atlantis_00A","HYDRO_MIN",2039,0.1425
"Atlantis_00A","HYDRO_MIN",2040,0.152
"Atlantis_00A","HYDRO_MIN",2041,0.1425
"Atlantis_00A","HYDRO_MIN",2042,0.152
"Atlantis_00A","HYDRO_MIN",2043,0.1425
"Atlantis_00A","HYDRO_MIN",2044,0.152
"Atlantis_00A","HYDRO_MIN",2045,0.1425
"Atlantis_00A","HYDRO_MIN",2046,0.152
"Atlantis_00A","HYDRO_MIN",2047,0.1425
"Atlantis_00A","HYDRO_MIN",2048,0.152
"Atlantis_00A","HYDRO_MIN",2049,0.1425
"Atlantis_00A","HYDRO_MIN",2050,0.152
"Atlantis_00A","HYDRO_MIN",2051,0
"Atlantis_00A","HYDRO_MIN",2052,0
"Atlantis_00A","HYDRO_MIN",2053,0
"Atlantis_00A","HYDRO_MIN",2054,0
"Atlantis_00A","HYDRO_MIN",2055,0
"Atlantis_00A","NG_IMP",2014,42.0131078099629
"Atlantis_00A","NG_IMP",2015,43.2207155010193
"Atlantis_00A","NG_IMP",2016,44.9048561263289
"Atlantis_00A","NG_IMP",2017,44.9048561263289
"Atlantis_00A","NG_IMP",2018,44.9048561263289
"Atlantis_00A","NG_IMP",2019,44.9048561263289
"Atlantis_00A","NG_IMP",2020,44.9048561263289
"Atlantis_00A","NG_IMP",2021,45.6430455699969
"Atlantis_00A","NG_IMP",2022,48.2398440342266
"Atlantis_00A","NG_IMP",2023,48.2398440342266
"Atlantis_00A","NG_IMP",2024,49.127191655682
"Atlantis_00A","NG_IMP",2025,50.4936392194617
"Atlantis_00A","NG_IMP",2026,57.8039165546353
"Atlantis_00A","NG_IMP",2027,63.3575412919824
"Atlantis_00A","NG_IMP",2028,69.8045881825122
"Atlantis_00A","NG_IMP",2029,69.8045881825122
"Atlantis_00A","NG_IMP",2030,69.8045881825122
"Atlantis_00A","NG_IMP",2031,69.8045881825122
"Atlantis_00A","NG_IMP",2032,69.8045881825122
"Atlantis_00A","NG_IMP",2033,69.8045881825122
"Atlantis_00A","NG_IMP",2034,69.8045881825122
"Atlantis_00A","NG_IMP",2035,69.8045881825122
"Atlantis_00A","NG_IMP",2036,69.8045881825122
"Atlantis_00A","NG_IMP",2037,69.8045881825122
"Atlantis_00A","NG_IMP",2038,69.8045881825122
"Atlantis_00A","NG_IMP",2039,69.8045881825122
"Atlantis_00A","NG_IMP",2040,69.8045881825122
"Atlantis_00A","NG_IMP",2041,69.8045881825122
"Atlantis_00A","NG_IMP",2042,69.8045881825122
"Atlantis_00A","NG_IMP",2043,69.8045881825122
"Atlantis_00A","NG_IMP",2044,50.4131325906809
"Atlantis_00A","NG_IMP",2045,49.2055248996245
"Atlantis_00A","NG_IMP",2046,47.5213842743149
"Atlantis_00A","NG_IMP",2047,47.5213842743149
"Atlantis_00A","NG_IMP",2048,47.5213842743149
"Atlantis_00A","NG_IMP",2049,47.5213842743149
"Atlantis_00A","NG_IMP",2050,47.5213842743149
"Atlantis_00A","NG_IMP",2051,46.7831948306469
"Atlantis_00A","NG_IMP",2052,44.1863963664172
"Atlantis_00A","NG_IMP",2053,44.1863963664172
"Atlantis_00A","NG_IMP",2054,43.2990487449618
"Atlantis_00A","NG_IMP",2055,41.9326011811822
"Atlantis_00A","NG_IND",2014,0
"Atlantis_00A","NG_IND",2015,0
"Atlantis_00A","NG_IND",2016,0
"Atlantis_00A","NG_IND",2017,0
"Atlantis_00A","NG_IND",2018,0
"Atlantis_00A","NG_IND",2019,0
"Atlantis_00A","NG_IND",2020,0
"Atlantis_00A","NG_IND",2021,0
"Atlantis_00A","NG_IND",2022,0
"Atlantis_00A","NG_IND",2023,0
"Atlantis_00A","NG_IND",2024,0
"Atlantis_00A","NG_IND",2025,0
"Atlantis_00A","NG_IND",2026,0
"Atlantis_00A","NG_IND",2027,0
"Atlantis_00A","NG_IND",2028,0
"Atlantis_00A","NG_IND",2029,0
"Atlantis_00A","NG_IND",2030,0
"Atlantis_00A","NG_IND",2031,0
"Atlantis_00A","NG_IND",2032,0
"Atlantis_00A","NG_IND",2033,0
"Atlantis_00A","NG_IND",2034,0
"Atlantis_00A","NG_IND",2035,0
"Atlantis_00A","NG_IND",2036,0
"Atlantis_00A","NG_IND",2037,0
"Atlantis_00A","NG_IND",2038,0
"Atlantis_00A","NG_IND",2039,0
"Atlantis_00A","NG_IND",2040,0
"Atlantis_00A","NG_IND",2041,0
"Atlantis_00A","NG_IND",2042,0
"Atlantis_00A","NG_IND",2043,0
"Atlantis_00A","NG_IND",2044,0
"Atlantis_00A","NG_IND",2045,0
"Atlantis_00A","NG_IND",2046,0
"Atlantis_00A","NG_IND",2047,0
"Atlantis_00A","NG_IND",2048,0
"Atlantis_00A","NG_IND",2049,0
"Atlantis_00A","NG_IND",2050,0
"Atlantis_00A","NG_IND",2051,0
"Atlantis_00A","NG_IND",2052,0
"Atlantis_00A","NG_IND",2053,0
"Atlantis_00A","NG_IND",2054,0
"Atlantis_00A","NG_IND",2055,0
"Atlantis_00A","NG_OTH",2014,0
"Atlantis_00A","NG_OTH",2015,0
"Atlantis_00A","NG_OTH",2016,0
"Atlantis_00A","NG_OTH",2017,0
"Atlantis_00A","NG_OTH",2018,0
"Atlantis_00A","NG_OTH",2019,0
"Atlantis_00A","NG_OTH",2020,0
"Atlantis_00A","NG_OTH",2021,0
"Atlantis_00A","NG_OTH",2022,0
"Atlantis_00A","NG_OTH",2023,0
"Atlantis_00A","NG_OTH",2024,0
"Atlantis_00A","NG_OTH",2025,0
"Atlantis_00A","NG_OTH",2026,0
"Atlantis_00A","NG_OTH",2027,0
"Atlantis_00A","NG_OTH",2028,0
"Atlantis_00A","NG_OTH",2029,0
"Atlantis_00A","NG_OTH",2030,0
"Atlantis_00A","NG_OTH",2031,0
"Atlantis_00A","NG_OTH",2032,0
"Atlantis_00A","NG_OTH",2033,0
"Atlantis_00A","NG_OTH",2034,0
"Atlantis_00A","NG_OTH",2035,0
"Atlantis_00A","NG_OTH",2036,0
"Atlantis_00A","NG_OTH",2037,0
"Atlantis_00A","NG_OTH",2038,0
"Atlantis_00A","NG_OTH",2039,0
"Atlantis_00A","NG_OTH",2040,0
"Atlantis_00A","NG_OTH",2041,0
"Atlantis_00A","NG_OTH",2042,0
"Atlantis_00A","NG_OTH",2043,0
"Atlantis_00A","NG_OTH",2044,0
"Atlantis_00A","NG_OTH",2045,0
"Atlantis_00A","NG_OTH",2046,0
"Atlantis_00A","NG_OTH",2047,0
"Atlantis_00A","NG_OTH",2048,0
"Atlantis_00A","NG_OTH",2049,0
"Atlantis_00A","NG_OTH",2050,0
"Atlantis_00A","NG_OTH",2051,0
"Atlantis_00A","NG_OTH",2052,0
"Atlantis_00A","NG_OTH",2053,0
"Atlantis_00A","NG_OTH",2054,0
"Atlantis_00A","NG_OTH",2055,0
"Atlantis_00A","NG_RES",2014,0
"Atlantis_00A","NG_RES",2015,0
"Atlantis_00A","NG_RES",2016,0
"Atlantis_00A","NG_RES",2017,0
"Atlantis_00A","NG_RES",2018,0
"Atlantis_00A","NG_RES",2019,0
"Atlantis_00A","NG_RES",2020,0
"Atlantis_00A","NG_RES",2021,0
"Atlantis_00A","NG_RES",2022,0
"Atlantis_00A","NG_RES",2023,0
"Atlantis_00A","NG_RES",2024,0
"Atlantis_00A","NG_RES",2025,0
"Atlantis_00A","NG_RES",2026,0
"Atlantis_00A","NG_RES",2027,0
"Atlantis_00A","NG_RES",2028,0
"Atlantis_00A","NG_RES",2029,0
"Atlantis_00A","NG_RES",2030,0
"Atlantis_00A","NG_RES",2031,0
"Atlantis_00A","NG_RES",2032,0
"Atlantis_00A","NG_RES",2033,0
"Atlantis_00A","NG_RES",2034,0
"Atlantis_00A","NG_RES",2035,0
"Atlantis_00A","NG_RES",2036,0
"Atlantis_00A","NG_RES",2037,0
"Atlantis_00A","NG_RES",2038,0
"Atlantis_00A","NG_RES",2039,0
"Atlantis_00A","NG_RES",2040,0
"Atlantis_00A","NG_RES",2041,0
"Atlantis_00A","NG_RES",2042,0
"Atlantis_00A","NG_RES",2043,0
"Atlantis_00A","NG_RES",2044,0
"Atlantis_00A","NG_RES",2045,0
"Atlantis_00A","NG_RES",2046,0
"Atlantis_00A","NG_RES",2047,0
"Atlantis_00A","NG_RES",2048,0
"Atlantis_00A","NG_RES",2049,0
"Atlantis_00A","NG_RES",2050,0
"Atlantis_00A","NG_RES",2051,0
"Atlantis_00A","NG_RES",2052,0
"Atlantis_00A","NG_RES",2053,0
"Atlantis_00A","NG_RES",2054,0
"Atlantis_00A","NG_RES",2055,0
"Atlantis_00A","NG_SER",2014,0
"Atlantis_00A","NG_SER",2015,0
"Atlantis_00A","NG_SER",2016,0
"Atlantis_00A","NG_SER",2017,0
"Atlantis_00A","NG_SER",2018,0
"Atlantis_00A","NG_SER",2019,0
"Atlantis_00A","NG_SER",2020,0
"Atlantis_00A","NG_SER",2021,0
"Atlantis_00A","NG_SER",2022,0
"Atlantis_00A","NG_SER",2023,0
"Atlantis_00A","NG_SER",2024,0
"Atlantis_00A","NG_SER",2025,0
"Atlantis_00A","NG_SER",2026,0
"Atlantis_00A","NG_SER",2027,0
"Atlantis_00A","NG_SER",2028,0
"Atlantis_00A","NG_SER",2029,0
"Atlantis_00A","NG_SER",2030,0
"Atlantis_00A","NG_SER",2031,0
"Atlantis_00A","NG_SER",2032,0
"Atlantis_00A","NG_SER",2033,0
"Atlantis_00A","NG_SER",2034,0
"Atlantis_00A","NG_SER",2035,0
"Atlantis_00A","NG_SER",2036,0
"Atlantis_00A","NG_SER",2037,0
"Atlantis_00A","NG_SER",2038,0
"Atlantis_00A","NG_SER",2039,0
"Atlantis_00A","NG_SER",2040,0
"Atlantis_00A","NG_SER",2041,0
"Atlantis_00A","NG_SER",2042,0
"Atlantis_00A","NG_SER",2043,0
"Atlantis_00A","NG_SER",2044,0
"Atlantis_00A","NG_SER",2045,0
"Atlantis_00A","NG_SER",2046,0
"Atlantis_00A","NG_SER",2047,0
"Atlantis_00A","NG_SER",2048,0
"Atlantis_00A","NG_SER",2049,0
"Atlantis_00A","NG_SER",2050,0
"Atlantis_00A","NG_SER",2051,0
"Atlantis_00A","NG_SER",2052,0
"Atlantis_00A","NG_SER",2053,0
"Atlantis_00A","NG_SER",2054,0
"Atlantis_00A","NG_SER",2055,0
"Atlantis_00A","NG_TRA",2014,0
"Atlantis_00A","NG_TRA",2015,0
"Atlantis_00A","NG_TRA",2016,0
"Atlantis_00A","NG_TRA",2017,0
"Atlantis_00A","NG_TRA",2018,0
"Atlantis_00A","NG_TRA",2019,0
"Atlantis_00A","NG_TRA",2020,0
"Atlantis_00A","NG_TRA",2021,0
"Atlantis_00A","NG_TRA",2022,0
"Atlantis_00A","NG_TRA",2023,0
"Atlantis_00A","NG_TRA",2024,0
"Atlantis_00A","NG_TRA",2025,0
"Atlantis_00A","NG_TRA",2026,0
"Atlantis_00A","NG_TRA",2027,0
"Atlantis_00A","NG_TRA",2028,0
"Atlantis_00A","NG_TRA",2029,0
"Atlantis_00A","NG_TRA",2030,0
"Atlantis_00A","NG_TRA",2031,0
"Atlantis_00A","NG_TRA",2032,0
"Atlantis_00A","NG_TRA",2033,0
"Atlantis_00A","NG_TRA",2034,0
"Atlantis_00A","NG_TRA",2035,0
"Atlantis_00A","NG_TRA",2036,0
"Atlantis_00A","NG_TRA",2037,0
"Atlantis_00A","NG_TRA",2038,0
"Atlantis_00A","NG_TRA",2039,0
"Atlantis_00A","NG_TRA",2040,0
"Atlantis_00A","NG_TRA",2041,0
"Atlantis_00A","NG_TRA",2042,0
"Atlantis_00A","NG_TRA",2043,0
"Atlantis_00A","NG_TRA",2044,0
"Atlantis_00A","NG_TRA",2045,0
"Atlantis_00A","NG_TRA",2046,0
"Atlantis_00A","NG_TRA",2047,0
"Atlantis_00A","NG_TRA",2048,0
"Atlantis_00A","NG_TRA",2049,0
"Atlantis_00A","NG_TRA",2050,0
"Atlantis_00A","NG_TRA",2051,0
"Atlantis_00A","NG_TRA",2052,0
"Atlantis_00A","NG_TRA",2053,0
"Atlantis_00A","NG_TRA",2054,0
"Atlantis_00A","NG_TRA",2055,0
"Atlantis_00A","NGCC",2014,33.92
"Atlantis_00A","NGCC",2015,33.92
"Atlantis_00A","NGCC",2016,32.9325
"Atlantis_00A","NGCC",2017,32.9325
"Atlantis_00A","NGCC",2018,32.345
"Atlantis_00A","NGCC",2019,32.345
"Atlantis_00A","NGCC",2020,32.345
"Atlantis_00A","NGCC",2021,31.82
"Atlantis_00A","NGCC",2022,31.82
"Atlantis_00A","NGCC",2023,41.2825
"Atlantis_00A","NGCC",2024,41.2825
"Atlantis_00A","NGCC",2025,41.2825
"Atlantis_00A","NGCC",2026,41.2825
"Atlantis_00A","NGCC",2027,41.2825
"Atlantis_00A","NGCC",2028,41.2825
"Atlantis_00A","NGCC",2029,41.2825
"Atlantis_00A","NGCC",2030,41.2825
"Atlantis_00A","NGCC",2031,30.6575
"Atlantis_00A","NGCC",2032,30.6575
"Atlantis_00A","NGCC",2033,19.4325
"Atlantis_00A","NGCC",2034,19.4325
"Atlantis_00A","NGCC",2035,19.4325
"Atlantis_00A","NGCC",2036,19.4325
"Atlantis_00A","NGCC",2037,19.4325
"Atlantis_00A","NGCC",2038,19.4325
"Atlantis_00A","NGCC",2039,22.0420975035021
"Atlantis_00A","NGCC",2040,22.0420975035021
"Atlantis_00A","NGCC",2041,2.60959750350211
"Atlantis_00A","NGCC",2042,2.60959750350211
"Atlantis_00A","NGCC",2043,2.60959750350211
"Atlantis_00A","NGCC",2044,2.60959750350211
"Atlantis_00A","NGCC",2045,2.60959750350211
"Atlantis_00A","NGCC",2046,2.60959750350211
"Atlantis_00A","NGCC",2047,2.60959750350211
"Atlantis_00A","NGCC",2048,2.60959750350211
"Atlantis_00A","NGCC",2049,2.60959750350211
"Atlantis_00A","NGCC",2050,2.60959750350211
"Atlantis_00A","NGCC",2051,2.60959750350211
"Atlantis_00A","NGCC",2052,2.60959750350211
"Atlantis_00A","NGCC",2053,2.60959750350211
"Atlantis_00A","NGCC",2054,2.60959750350211
"Atlantis_00A","NGCC",2055,2.60959750350211
"Atlantis_00A","NGSC",2014,7.66
"Atlantis_00A","NGSC",2015,7.66
"Atlantis_00A","NGSC",2016,7.66
"Atlantis_00A","NGSC",2017,7.66
"Atlantis_00A","NGSC",2018,7.66
"Atlantis_00A","NGSC",2019,7.66
"Atlantis_00A","NGSC",2020,7.66
"Atlantis_00A","NGSC",2021,7.66
"Atlantis_00A","NGSC",2022,7.66
"Atlantis_00A","NGSC",2023,16.04
"Atlantis_00A","NGSC",2024,16.04
"Atlantis_00A","NGSC",2025,16.04
"Atlantis_00A","NGSC",2026,16.04
"Atlantis_00A","NGSC",2027,16.04
"Atlantis_00A","NGSC",2028,16.04
"Atlantis_00A","NGSC",2029,16.04
"Atlantis_00A","NGSC",2030,21.340628897286
"Atlantis_00A","NGSC",2031,26.9824987911378
"Atlantis_00A","NGSC",2032,26.9824987911378
"Atlantis_00A","NGSC",2033,16.4314258195898
"Atlantis_00A","NGSC",2034,16.4314258195898
"Atlantis_00A","NGSC",2035,16.4314258195898
"Atlantis_00A","NGSC",2036,16.4314258195898
"Atlantis_00A","NGSC",2037,26.3347824861975
"Atlantis_00A","NGSC",2038,35.6311592280777
"Atlantis_00A","NGSC",2039,41.2054916227324
"Atlantis_00A","NGSC",2040,41.2054916227324
"Atlantis_00A","NGSC",2041,41.2054916227324
"Atlantis_00A","NGSC",2042,41.2054916227324
"Atlantis_00A","NGSC",2043,41.2054916227324
"Atlantis_00A","NGSC",2044,41.2054916227324
"Atlantis_00A","NGSC",2045,41.2054916227324
"Atlantis_00A","NGSC",2046,41.2054916227324
"Atlantis_00A","NGSC",2047,41.2054916227324
"Atlantis_00A","NGSC",2048,41.2054916227324
"Atlantis_00A","NGSC",2049,41.6306032383792
"Atlantis_00A","NGSC",2050,45.6957714184626
"Atlantis_00A","NGSC",2051,49.1273128028922
"Atlantis_00A","NGSC",2052,52.0341165283733
"Atlantis_00A","NGSC",2053,54.3194782838931
"Atlantis_00A","NGSC",2054,57.7274623563709
"Atlantis_00A","NGSC",2055,60.8300935627946
"Atlantis_00A","PV_ROF",2014,0
"Atlantis_00A","PV_ROF",2015,0
"Atlantis_00A","PV_ROF",2016,0
"Atlantis_00A","PV_ROF",2017,0
"Atlantis_00A","PV_ROF",2018,0
"Atlantis_00A","PV_ROF",2019,0
"Atlantis_00A","PV_ROF",2020,0
"Atlantis_00A","PV_ROF",2021,0
"Atlantis_00A","PV_ROF",2022,0
"Atlantis_00A","PV_ROF",2023,0
"Atlantis_00A","PV_ROF",2024,0
"Atlantis_00A","PV_ROF",2025,0
"Atlantis_00A","PV_ROF",2026,0
"Atlantis_00A","PV_ROF",2027,0
"Atlantis_00A","PV_ROF",2028,0
"Atlantis_00A","PV_ROF",2029,0
"Atlantis_00A","PV_ROF",2030,0
"Atlantis_00A","PV_ROF",2031,0
"Atlantis_00A","PV_ROF",2032,0
"Atlantis_00A","PV_ROF",2033,0
"Atlantis_00A","PV_ROF",2034,0
"Atlantis_00A","PV_ROF",2035,0
"Atlantis_00A","PV_ROF",2036,0
"Atlantis_00A","PV_ROF",2037,0
"Atlantis_00A","PV_ROF",2038,0
"Atlantis_00A","PV_ROF",2039,0
"Atlantis_00A","PV_ROF",2040,0
"Atlantis_00A","PV_ROF",2041,0
"Atlantis_00A","PV_ROF",2042,0
"Atlantis_00A","PV_ROF",2043,0
"Atlantis_00A","PV_ROF",2044,0
"Atlantis_00A","PV_ROF",2045,0
"Atlantis_00A","PV_ROF",2046,0
"Atlantis_00A","PV_ROF",2047,0
"Atlantis_00A","PV_ROF",2048,0
"Atlantis_00A","PV_ROF",2049,0
"Atlantis_00A","PV_ROF",2050,0
"Atlantis_00A","PV_ROF",2051,0
"Atlantis_00A","PV_ROF",2052,0
"Atlantis_00A","PV_ROF",2053,0
"Atlantis_00A","PV_ROF",2054,0
"Atlantis_00A","PV_ROF",2055,0
"Atlantis_00A","PV_UTL",2014,0
"Atlantis_00A","PV_UTL",2015,0.286
"Atlantis_00A","PV_UTL",2016,0.286
"Atlantis_00A","PV_UTL",2017,0.286
"Atlantis_00A","PV_UTL",2018,0.286
"Atlantis_00A","PV_UTL",2019,0.286
"Atlantis_00A","PV_UTL",2020,0.286
"Atlantis_00A","PV_UTL",2021,0.26
"Atlantis_00A","PV_UTL",2022,0.26
"Atlantis_00A","PV_UTL",2023,3.3344
"Atlantis_00A","PV_UTL",2024,3.3344
"Atlantis_00A","PV_UTL",2025,3.3344
"Atlantis_00A","PV_UTL",2026,3.3344
"Atlantis_00A","PV_UTL",2027,3.3344
"Atlantis_00A","PV_UTL",2028,3.3344
"Atlantis_00A","PV_UTL",2029,24.4798914806925
"Atlantis_00A","PV_UTL",2030,49.0521737922741
"Atlantis_00A","PV_UTL",2031,51.4209939727786
"Atlantis_00A","PV_UTL",2032,59.1321576630548
"Atlantis_00A","PV_UTL",2033,59.1321576630548
"Atlantis_00A","PV_UTL",2034,67.3011268584632
"Atlantis_00A","PV_UTL",2035,69.1720421862632
"Atlantis_00A","PV_UTL",2036,65.8376421862632
"Atlantis_00A","PV_UTL",2037,65.8376421862632
"Atlantis_00A","PV_UTL",2038,65.8376421862632
"Atlantis_00A","PV_UTL",2039,65.8376421862632
"Atlantis_00A","PV_UTL",2040,65.8376421862632
"Atlantis_00A","PV_UTL",2041,65.8376421862632
"Atlantis_00A","PV_UTL",2042,65.8376421862632
"Atlantis_00A","PV_UTL",2043,65.8376421862632
"Atlantis_00A","PV_UTL",2044,65.8376421862632
"Atlantis_00A","PV_UTL",2045,65.8376421862632
"Atlantis_00A","PV_UTL",2046,65.8376421862632
"Atlantis_00A","PV_UTL",2047,65.8376421862632
"Atlantis_00A","PV_UTL",2048,65.8376421862632
"Atlantis_00A","PV_UTL",2049,65.8376421862632
"Atlantis_00A","PV_UTL",2050,65.8376421862632
"Atlantis_00A","PV_UTL",2051,65.8376421862632
"Atlantis_00A","PV_UTL",2052,65.8376421862632
"Atlantis_00A","PV_UTL",2053,65.8376421862632
"Atlantis_00A","PV_UTL",2054,57.8045961821245
"Atlantis_00A","PV_UTL",2055,53.4545562093878
"Atlantis_00A","TRANS",2014,0
"Atlantis_00A","TRANS",2015,0
"Atlantis_00A","TRANS",2016,0
"Atlantis_00A","TRANS",2017,0
"Atlantis_00A","TRANS",2018,0
"Atlantis_00A","TRANS",2019,0
"Atlantis_00A","TRANS",2020,0
"Atlantis_00A","TRANS",2021,0
"Atlantis_00A","TRANS",2022,0
"Atlantis_00A","TRANS",2023,0
"Atlantis_00A","TRANS",2024,0
"Atlantis_00A","TRANS",2025,0
"Atlantis_00A","TRANS",2026,0
"Atlantis_00A","TRANS",2027,0
"Atlantis_00A","TRANS",2028,0
"Atlantis_00A","TRANS",2029,0
"Atlantis_00A","TRANS",2030,0
"Atlantis_00A","TRANS",2031,0
"Atlantis_00A","TRANS",2032,0
"Atlantis_00A","TRANS",2033,0
"Atlantis_00A","TRANS",2034,0
"Atlantis_00A","TRANS",2035,0
"Atlantis_00A","TRANS",2036,0
"Atlantis_00A","TRANS",2037,0
"Atlantis_00A","TRANS",2038,0
"Atlantis_00A","TRANS",2039,0
"Atlantis_00A","TRANS",2040,0
"Atlantis_00A","TRANS",2041,0
"Atlantis_00A","TRANS",2042,0
"Atlantis_00A","TRANS",2043,0
"Atlantis_00A","TRANS",2044,0
"Atlantis_00A","TRANS",2045,0
"Atlantis_00A","TRANS",2046,0
"Atlantis_00A","TRANS",2047,0
"Atlantis_00A","TRANS",2048,0
"Atlantis_00A","TRANS",2049,0
"Atlantis_00A","TRANS",2050,0
"Atlantis_00A","TRANS",2051,0
"Atlantis_00A","TRANS",2052,0
"Atlantis_00A","TRANS",2053,0
"Atlantis_00A","TRANS",2054,0
"Atlantis_00A","TRANS",2055,0
"Atlantis_00A","WIND",2014,0.114
"Atlantis_00A","WIND",2015,0.114
"Atlantis_00A","WIND",2016,0.114
"Atlantis_00A","WIND",2017,0.114
"Atlantis_00A","WIND",2018,0.114
"Atlantis_00A","WIND",2019,0.114
"Atlantis_00A","WIND",2020,0.114
"Atlantis_00A","WIND",2021,0.114
"Atlantis_00A","WIND",2022,0.114
"Atlantis_00A","WIND",2023,4.9932
"Atlantis_00A","WIND",2024,4.9932
"Atlantis_00A","WIND",2025,4.9932
"Atlantis_00A","WIND",2026,4.9932
"Atlantis_00A","WIND",2027,4.9932
"Atlantis_00A","WIND",2028,4.9932
"Atlantis_00A","WIND",2029,4.9932
"Atlantis_00A","WIND",2030,4.7304
"Atlantis_00A","WIND",2031,4.7304
"Atlantis_00A","WIND",2032,4.7304
"Atlantis_00A","WIND",2033,64.8645810593491
"Atlantis_00A","WIND",2034,208.05047805823
"Atlantis_00A","WIND",2035,237.71960012697
"Atlantis_00A","WIND",2036,237.71960012697
"Atlantis_00A","WIND",2037,237.71960012697
"Atlantis_00A","WIND",2038,237.71960012697
"Atlantis_00A","WIND",2039,237.71960012697
"Atlantis_00A","WIND",2040,237.71960012697
"Atlantis_00A","WIND",2041,233.09720012697
"Atlantis_00A","WIND",2042,233.09720012697
"Atlantis_00A","WIND",2043,255.857229438202
"Atlantis_00A","WIND",2044,296.502945508739
"Atlantis_00A","WIND",2045,348.377335126664
"Atlantis_00A","WIND",2046,398.935981273403
"Atlantis_00A","WIND",2047,448.6082343524
"Atlantis_00A","WIND",2048,499.22671089367
"Atlantis_00A","WIND",2049,566.472829892225
"Atlantis_00A","WIND",2050,566.472829892225
"Atlantis_00A","WIND",2051,576.707169778518
"Atlantis_00A","WIND",2052,595.838127152031
"Atlantis_00A","WIND",2053,615.346323175386
"Atlantis_00A","WIND",2054,637.897401435886
"Atlantis_00A","WIND",2055,659.602937235288
