r,t,y,TotalCapacityAnnual
"Atlantis_00A","BM_IMP",2014,38.37976144
"Atlantis_00A","BM_IMP",2015,36.39976144
"Atlantis_00A","BM_IMP",2016,38.30976144
"Atlantis_00A","BM_IMP",2017,40.29976144
"Atlantis_00A","BM_IMP",2018,40.02976144
"Atlantis_00A","BM_IMP",2019,34.59976144
"Atlantis_00A","BM_IMP",2020,38.03976144
"Atlantis_00A","BM_IMP",2021,30.33976144
"Atlantis_00A","BM_IMP",2022,31.30976144
"Atlantis_00A","BM_IMP",2023,30.56399690592
"Atlantis_00A","BM_IMP",2024,31.1807320332
"Atlantis_00A","BM_IMP",2025,31.4707320332
"Atlantis_00A","BM_IMP",2026,32.1507320332
"Atlantis_00A","BM_IMP",2027,32.8307320332
"Atlantis_00A","BM_IMP",2028,32.4926789972
"Atlantis_00A","BM_IMP",2029,33.1826789972
"Atlantis_00A","BM_IMP",2030,33.8626789972
"Atlantis_00A","BM_IMP",2031,34.5526789972
"Atlantis_00A","BM_IMP",2032,35.2326789972
"Atlantis_00A","BM_IMP",2033,35.9126789972
"Atlantis_00A","BM_IMP",2034,36.5926789972
"Atlantis_00A","BM_IMP",2035,37.2726789972
"Atlantis_00A","BM_IMP",2036,32.79
"Atlantis_00A","BM_IMP",2037,33.47
"Atlantis_00A","BM_IMP",2038,34.1600000000001
"Atlantis_00A","BM_IMP",2039,34.83
"Atlantis_00A","BM_IMP",2040,35.51
"Atlantis_00A","BM_IMP",2041,36.19
"Atlantis_00A","BM_IMP",2042,36.87
"Atlantis_00A","BM_IMP",2043,37.56
"Atlantis_00A","BM_IMP",2044,38.24
"Atlantis_00A","BM_IMP",2045,38.93
"Atlantis_00A","BM_IMP",2046,39.6
"Atlantis_00A","BM_IMP",2047,40.29
"Atlantis_00A","BM_IMP",2048,40.97
"Atlantis_00A","BM_IMP",2049,41.65
"Atlantis_00A","BM_IMP",2050,42.34
"Atlantis_00A","BM_IMP",2051,43.03
"Atlantis_00A","BM_IMP",2052,43.71
"Atlantis_00A","BM_IMP",2053,44.39
"Atlantis_00A","BM_IMP",2054,45.08
"Atlantis_00A","BM_IMP",2055,45.76
"Atlantis_00A","BM_IND",2014,25.65
"Atlantis_00A","BM_IND",2015,24.75
"Atlantis_00A","BM_IND",2016,26.64
"Atlantis_00A","BM_IND",2017,28.92
"Atlantis_00A","BM_IND",2018,28.6
"Atlantis_00A","BM_IND",2019,24.64528944
"Atlantis_00A","BM_IND",2020,27.22
"Atlantis_00A","BM_IND",2021,20.75528944
"Atlantis_00A","BM_IND",2022,21.66
"Atlantis_00A","BM_IND",2023,21.89
"Atlantis_00A","BM_IND",2024,22.1533401086286
"Atlantis_00A","BM_IND",2025,22.7919115372
"Atlantis_00A","BM_IND",2026,23.1690543943429
"Atlantis_00A","BM_IND",2027,23.9633401086286
"Atlantis_00A","BM_IND",2028,24.7
"Atlantis_00A","BM_IND",2029,25.48
"Atlantis_00A","BM_IND",2030,26.2737417240572
"Atlantis_00A","BM_IND",2031,27.0665988669143
"Atlantis_00A","BM_IND",2032,27.8608845812
"Atlantis_00A","BM_IND",2033,28.6551702954857
"Atlantis_00A","BM_IND",2034,29.4494560097714
"Atlantis_00A","BM_IND",2035,30.2437417240571
"Atlantis_00A","BM_IND",2036,30.94
"Atlantis_00A","BM_IND",2037,31.72
"Atlantis_00A","BM_IND",2038,32.5
"Atlantis_00A","BM_IND",2039,33.27
"Atlantis_00A","BM_IND",2040,34.05
"Atlantis_00A","BM_IND",2041,34.83
"Atlantis_00A","BM_IND",2042,35.61
"Atlantis_00A","BM_IND",2043,36.39
"Atlantis_00A","BM_IND",2044,37.17
"Atlantis_00A","BM_IND",2045,37.95
"Atlantis_00A","BM_IND",2046,38.73
"Atlantis_00A","BM_IND",2047,39.51
"Atlantis_00A","BM_IND",2048,40.29
"Atlantis_00A","BM_IND",2049,41.07
"Atlantis_00A","BM_IND",2050,41.85
"Atlantis_00A","BM_IND",2051,42.64
"Atlantis_00A","BM_IND",2052,43.42
"Atlantis_00A","BM_IND",2053,44.2
"Atlantis_00A","BM_IND",2054,44.98
"Atlantis_00A","BM_IND",2055,45.76
"Atlantis_00A","BM_RES",2014,5.96528944
"Atlantis_00A","BM_RES",2015,4.88528944
"Atlantis_00A","BM_RES",2016,4.90528944
"Atlantis_00A","BM_RES",2017,4.61528943999999
"Atlantis_00A","BM_RES",2018,4.66528944
"Atlantis_00A","BM_RES",2019,3.19
"Atlantis_00A","BM_RES",2020,4.05528944000001
"Atlantis_00A","BM_RES",2021,2.82
"Atlantis_00A","BM_RES",2022,2.88528944
"Atlantis_00A","BM_RES",2023,2.91517640992
"Atlantis_00A","BM_RES",2024,3.26857142857143
"Atlantis_00A","BM_RES",2025,2.92
"Atlantis_00A","BM_RES",2026,3.22285714285714
"Atlantis_00A","BM_RES",2027,3.10857142857143
"Atlantis_00A","BM_RES",2028,2.9808845812
"Atlantis_00A","BM_RES",2029,2.8908845812
"Atlantis_00A","BM_RES",2030,2.77714285714286
"Atlantis_00A","BM_RES",2031,2.67428571428571
"Atlantis_00A","BM_RES",2032,2.56
"Atlantis_00A","BM_RES",2033,2.44571428571429
"Atlantis_00A","BM_RES",2034,2.33142857142857
"Atlantis_00A","BM_RES",2035,2.21714285714286
"Atlantis_00A","BM_RES",2036,1.85
"Atlantis_00A","BM_RES",2037,1.75
"Atlantis_00A","BM_RES",2038,1.66
"Atlantis_00A","BM_RES",2039,1.56
"Atlantis_00A","BM_RES",2040,1.46
"Atlantis_00A","BM_RES",2041,1.36
"Atlantis_00A","BM_RES",2042,1.26
"Atlantis_00A","BM_RES",2043,1.17
"Atlantis_00A","BM_RES",2044,1.07
"Atlantis_00A","BM_RES",2045,0.979999999999993
"Atlantis_00A","BM_RES",2046,0.87
"Atlantis_00A","BM_RES",2047,0.78
"Atlantis_00A","BM_RES",2048,0.68
"Atlantis_00A","BM_RES",2049,0.58
"Atlantis_00A","BM_RES",2050,0.49
"Atlantis_00A","BM_RES",2051,0.390000000000002
"Atlantis_00A","BM_RES",2052,0.29
"Atlantis_00A","BM_RES",2053,0.19
"Atlantis_00A","BM_RES",2054,0.099999999999995
"Atlantis_00A","BM_RES",2055,0
"Atlantis_00A","BM_SC",2014,0.15
"Atlantis_00A","BM_SC",2015,0.15
"Atlantis_00A","BM_SC",2016,0.15
"Atlantis_00A","BM_SC",2017,0.15
"Atlantis_00A","BM_SC",2018,0.15
"Atlantis_00A","BM_SC",2019,0.15
"Atlantis_00A","BM_SC",2020,0.15
"Atlantis_00A","BM_SC",2021,0.15
"Atlantis_00A","BM_SC",2022,0.15
"Atlantis_00A","BM_SC",2023,0.1277
"Atlantis_00A","BM_SC",2024,0.1277
"Atlantis_00A","BM_SC",2025,0.1277
"Atlantis_00A","BM_SC",2026,0.1277
"Atlantis_00A","BM_SC",2027,0.1277
"Atlantis_00A","BM_SC",2028,0.1067
"Atlantis_00A","BM_SC",2029,0.1067
"Atlantis_00A","BM_SC",2030,0.1067
"Atlantis_00A","BM_SC",2031,0.1067
"Atlantis_00A","BM_SC",2032,0.1067
"Atlantis_00A","BM_SC",2033,0.1067
"Atlantis_00A","BM_SC",2034,0.1067
"Atlantis_00A","BM_SC",2035,0.1067
"Atlantis_00A","BM_SC",2036,0
"Atlantis_00A","BM_SC",2037,0
"Atlantis_00A","BM_SC",2038,0
"Atlantis_00A","BM_SC",2039,0
"Atlantis_00A","BM_SC",2040,0
"Atlantis_00A","BM_SC",2041,0
"Atlantis_00A","BM_SC",2042,0
"Atlantis_00A","BM_SC",2043,0
"Atlantis_00A","BM_SC",2044,0
"Atlantis_00A","BM_SC",2045,0
"Atlantis_00A","BM_SC",2046,0
"Atlantis_00A","BM_SC",2047,0
"Atlantis_00A","BM_SC",2048,0
"Atlantis_00A","BM_SC",2049,0
"Atlantis_00A","BM_SC",2050,0
"Atlantis_00A","BM_SC",2051,0
"Atlantis_00A","BM_SC",2052,0
"Atlantis_00A","BM_SC",2053,0
"Atlantis_00A","BM_SC",2054,0
"Atlantis_00A","BM_SC",2055,0
"Atlantis_00A","CONS_BM",2014,31.61528944
"Atlantis_00A","CONS_BM",2015,29.63528944
"Atlantis_00A","CONS_BM",2016,31.54528944
"Atlantis_00A","CONS_BM",2017,33.53528944
"Atlantis_00A","CONS_BM",2018,33.26528944
"Atlantis_00A","CONS_BM",2019,27.83528944
"Atlantis_00A","CONS_BM",2020,31.27528944
"Atlantis_00A","CONS_BM",2021,23.57528944
"Atlantis_00A","CONS_BM",2022,24.54528944
"Atlantis_00A","CONS_BM",2023,24.80517640992
"Atlantis_00A","CONS_BM",2024,25.4219115372
"Atlantis_00A","CONS_BM",2025,25.7119115372
"Atlantis_00A","CONS_BM",2026,26.3919115372
"Atlantis_00A","CONS_BM",2027,27.0719115372
"Atlantis_00A","CONS_BM",2028,27.6808845812
"Atlantis_00A","CONS_BM",2029,28.3708845812
"Atlantis_00A","CONS_BM",2030,29.0508845812
"Atlantis_00A","CONS_BM",2031,29.7408845812
"Atlantis_00A","CONS_BM",2032,30.4208845812
"Atlantis_00A","CONS_BM",2033,31.1008845812
"Atlantis_00A","CONS_BM",2034,31.7808845812
"Atlantis_00A","CONS_BM",2035,32.4608845812
"Atlantis_00A","CONS_BM",2036,32.79
"Atlantis_00A","CONS_BM",2037,33.47
"Atlantis_00A","CONS_BM",2038,34.1600000000001
"Atlantis_00A","CONS_BM",2039,34.83
"Atlantis_00A","CONS_BM",2040,35.51
"Atlantis_00A","CONS_BM",2041,36.19
"Atlantis_00A","CONS_BM",2042,36.87
"Atlantis_00A","CONS_BM",2043,37.56
"Atlantis_00A","CONS_BM",2044,38.24
"Atlantis_00A","CONS_BM",2045,38.93
"Atlantis_00A","CONS_BM",2046,39.6
"Atlantis_00A","CONS_BM",2047,40.29
"Atlantis_00A","CONS_BM",2048,40.97
"Atlantis_00A","CONS_BM",2049,41.65
"Atlantis_00A","CONS_BM",2050,42.34
"Atlantis_00A","CONS_BM",2051,43.03
"Atlantis_00A","CONS_BM",2052,43.71
"Atlantis_00A","CONS_BM",2053,44.39
"Atlantis_00A","CONS_BM",2054,45.08
"Atlantis_00A","CONS_BM",2055,45.76
"Atlantis_00A","CONS_DS",2014,59.9
"Atlantis_00A","CONS_DS",2015,60.73
"Atlantis_00A","CONS_DS",2016,62.12
"Atlantis_00A","CONS_DS",2017,67.72
"Atlantis_00A","CONS_DS",2018,69.55
"Atlantis_00A","CONS_DS",2019,69.54
"Atlantis_00A","CONS_DS",2020,60.58
"Atlantis_00A","CONS_DS",2021,71.82
"Atlantis_00A","CONS_DS",2022,74.86
"Atlantis_00A","CONS_DS",2023,77.94
"Atlantis_00A","CONS_DS",2024,81.33
"Atlantis_00A","CONS_DS",2025,85.14
"Atlantis_00A","CONS_DS",2026,81.73
"Atlantis_00A","CONS_DS",2027,78.33
"Atlantis_00A","CONS_DS",2028,74.92
"Atlantis_00A","CONS_DS",2029,71.51
"Atlantis_00A","CONS_DS",2030,68.11
"Atlantis_00A","CONS_DS",2031,64.71
"Atlantis_00A","CONS_DS",2032,61.3
"Atlantis_00A","CONS_DS",2033,57.89
"Atlantis_00A","CONS_DS",2034,54.49
"Atlantis_00A","CONS_DS",2035,51.09
"Atlantis_00A","CONS_DS",2036,47.68
"Atlantis_00A","CONS_DS",2037,44.27
"Atlantis_00A","CONS_DS",2038,40.86
"Atlantis_00A","CONS_DS",2039,37.46
"Atlantis_00A","CONS_DS",2040,35.2136603650482
"Atlantis_00A","CONS_DS",2041,30.65
"Atlantis_00A","CONS_DS",2042,28.6259730876572
"Atlantis_00A","CONS_DS",2043,23.83
"Atlantis_00A","CONS_DS",2044,23.36
"Atlantis_00A","CONS_DS",2045,19.4628571428571
"Atlantis_00A","CONS_DS",2046,13.62
"Atlantis_00A","CONS_DS",2047,10.21
"Atlantis_00A","CONS_DS",2048,6.82
"Atlantis_00A","CONS_DS",2049,3.41
"Atlantis_00A","CONS_DS",2050,0
"Atlantis_00A","CONS_DS",2051,0
"Atlantis_00A","CONS_DS",2052,0
"Atlantis_00A","CONS_DS",2053,0
"Atlantis_00A","CONS_DS",2054,0
"Atlantis_00A","CONS_DS",2055,0
"Atlantis_00A","CONS_HF",2014,132.35
"Atlantis_00A","CONS_HF",2015,137.22
"Atlantis_00A","CONS_HF",2016,143.31
"Atlantis_00A","CONS_HF",2017,151.16
"Atlantis_00A","CONS_HF",2018,155.86
"Atlantis_00A","CONS_HF",2019,158.99
"Atlantis_00A","CONS_HF",2020,132.31
"Atlantis_00A","CONS_HF",2021,163.81
"Atlantis_00A","CONS_HF",2022,176.39
"Atlantis_00A","CONS_HF",2023,178.15
"Atlantis_00A","CONS_HF",2024,179.92
"Atlantis_00A","CONS_HF",2025,181.74
"Atlantis_00A","CONS_HF",2026,174.46
"Atlantis_00A","CONS_HF",2027,167.2
"Atlantis_00A","CONS_HF",2028,159.92
"Atlantis_00A","CONS_HF",2029,152.66
"Atlantis_00A","CONS_HF",2030,145.39
"Atlantis_00A","CONS_HF",2031,138.13
"Atlantis_00A","CONS_HF",2032,130.84
"Atlantis_00A","CONS_HF",2033,123.59
"Atlantis_00A","CONS_HF",2034,116.32
"Atlantis_00A","CONS_HF",2035,109.04
"Atlantis_00A","CONS_HF",2036,101.77
"Atlantis_00A","CONS_HF",2037,94.51
"Atlantis_00A","CONS_HF",2038,87.25
"Atlantis_00A","CONS_HF",2039,79.9599999999999
"Atlantis_00A","CONS_HF",2040,72.68
"Atlantis_00A","CONS_HF",2041,65.42
"Atlantis_00A","CONS_HF",2042,58.15
"Atlantis_00A","CONS_HF",2043,50.88
"Atlantis_00A","CONS_HF",2044,43.62
"Atlantis_00A","CONS_HF",2045,36.37
"Atlantis_00A","CONS_HF",2046,29.1
"Atlantis_00A","CONS_HF",2047,21.8
"Atlantis_00A","CONS_HF",2048,14.52
"Atlantis_00A","CONS_HF",2049,7.28
"Atlantis_00A","CONS_HF",2050,0
"Atlantis_00A","CONS_HF",2051,0
"Atlantis_00A","CONS_HF",2052,0
"Atlantis_00A","CONS_HF",2053,0
"Atlantis_00A","CONS_HF",2054,0
"Atlantis_00A","CONS_HF",2055,0
"Atlantis_00A","CONS_NG",2014,62.107048680086
"Atlantis_00A","CONS_NG",2015,63.4675127774402
"Atlantis_00A","CONS_NG",2016,65.0375127774402
"Atlantis_00A","CONS_NG",2017,65.6189922205497
"Atlantis_00A","CONS_NG",2018,67.7013209643164
"Atlantis_00A","CONS_NG",2019,68.1646645413987
"Atlantis_00A","CONS_NG",2020,54.71
"Atlantis_00A","CONS_NG",2021,66.5709800943959
"Atlantis_00A","CONS_NG",2022,70.6109800943958
"Atlantis_00A","CONS_NG",2023,71.9591988254862
"Atlantis_00A","CONS_NG",2024,74.5705453379069
"Atlantis_00A","CONS_NG",2025,76.0605453379068
"Atlantis_00A","CONS_NG",2026,73.4248189199216
"Atlantis_00A","CONS_NG",2027,70.4848189199216
"Atlantis_00A","CONS_NG",2028,67.5458123695216
"Atlantis_00A","CONS_NG",2029,82.4201739918925
"Atlantis_00A","CONS_NG",2030,100.787341487429
"Atlantis_00A","CONS_NG",2031,100.386736701016
"Atlantis_00A","CONS_NG",2032,100.179544396308
"Atlantis_00A","CONS_NG",2033,50.176396871205
"Atlantis_00A","CONS_NG",2034,47.19
"Atlantis_00A","CONS_NG",2035,44.25
"Atlantis_00A","CONS_NG",2036,41.3
"Atlantis_00A","CONS_NG",2037,38.35
"Atlantis_00A","CONS_NG",2038,36.6577977600288
"Atlantis_00A","CONS_NG",2039,36.676749404799
"Atlantis_00A","CONS_NG",2040,33.7028571428571
"Atlantis_00A","CONS_NG",2041,29.1351452327378
"Atlantis_00A","CONS_NG",2042,25.9267097703747
"Atlantis_00A","CONS_NG",2043,22.5438526275175
"Atlantis_00A","CONS_NG",2044,20.2285714285714
"Atlantis_00A","CONS_NG",2045,16.8457142857143
"Atlantis_00A","CONS_NG",2046,13.4971428571429
"Atlantis_00A","CONS_NG",2047,8.84
"Atlantis_00A","CONS_NG",2048,5.89
"Atlantis_00A","CONS_NG",2049,2.95
"Atlantis_00A","CONS_NG",2050,0
"Atlantis_00A","CONS_NG",2051,0
"Atlantis_00A","CONS_NG",2052,0
"Atlantis_00A","CONS_NG",2053,0
"Atlantis_00A","CONS_NG",2054,0
"Atlantis_00A","CONS_NG",2055,0
"Atlantis_00A","DIST_IND",2014,7.50310045473336
"Atlantis_00A","DIST_IND",2015,7.85448532451426
"Atlantis_00A","DIST_IND",2016,7.93716411740389
"Atlantis_00A","DIST_IND",2017,8.00950806118231
"Atlantis_00A","DIST_IND",2018,7.69946258784622
"Atlantis_00A","DIST_IND",2019,8.00950806118231
"Atlantis_00A","DIST_IND",2020,6.90367920628359
"Atlantis_00A","DIST_IND",2021,8.17486564696156
"Atlantis_00A","DIST_IND",2022,8.35055808185201
"Atlantis_00A","DIST_IND",2023,8.52625051674246
"Atlantis_00A","DIST_IND",2024,8.6916081025217
"Atlantis_00A","DIST_IND",2025,8.86730053741215
"Atlantis_00A","DIST_IND",2026,10.9756097560976
"Atlantis_00A","DIST_IND",2027,13.1045886730054
"Atlantis_00A","DIST_IND",2028,15.2128978916908
"Atlantis_00A","DIST_IND",2029,17.3315419594874
"Atlantis_00A","DIST_IND",2030,19.4398511781728
"Atlantis_00A","DIST_IND",2031,21.5688300950806
"Atlantis_00A","DIST_IND",2032,23.677139313766
"Atlantis_00A","DIST_IND",2033,25.7854485324514
"Atlantis_00A","DIST_IND",2034,27.904092600248
"Atlantis_00A","DIST_IND",2035,30.0227366680447
"Atlantis_00A","DIST_IND",2036,32.1413807358413
"Atlantis_00A","DIST_IND",2037,34.2496899545267
"Atlantis_00A","DIST_IND",2038,36.3786688714345
"Atlantis_00A","DIST_IND",2039,38.4869780901199
"Atlantis_00A","DIST_IND",2040,40.5952873088053
"Atlantis_00A","DIST_IND",2041,42.7139313766019
"Atlantis_00A","DIST_IND",2042,44.8325754443985
"Atlantis_00A","DIST_IND",2043,46.9512195121951
"Atlantis_00A","DIST_IND",2044,49.0595287308805
"Atlantis_00A","DIST_IND",2045,51.1885076477884
"Atlantis_00A","DIST_IND",2046,53.2968168664738
"Atlantis_00A","DIST_IND",2047,55.4051260851592
"Atlantis_00A","DIST_IND",2048,57.5237701529558
"Atlantis_00A","DIST_IND",2049,59.6424142207524
"Atlantis_00A","DIST_IND",2050,61.761058288549
"Atlantis_00A","DIST_IND",2051,63.8693675072344
"Atlantis_00A","DIST_IND",2052,65.988011575031
"Atlantis_00A","DIST_IND",2053,68.1066556428276
"Atlantis_00A","DIST_IND",2054,70.214964861513
"Atlantis_00A","DIST_IND",2055,72.3336089293096
"Atlantis_00A","DIST_OTH",2014,3.05911533691608
"Atlantis_00A","DIST_OTH",2015,3.25547747002894
"Atlantis_00A","DIST_OTH",2016,3.35882596114097
"Atlantis_00A","DIST_OTH",2017,3.35882596114097
"Atlantis_00A","DIST_OTH",2018,3.20380322447292
"Atlantis_00A","DIST_OTH",2019,3.17279867713931
"Atlantis_00A","DIST_OTH",2020,2.94543199669285
"Atlantis_00A","DIST_OTH",2021,3.93757751136833
"Atlantis_00A","DIST_OTH",2022,3.98925175692435
"Atlantis_00A","DIST_OTH",2023,4.04092600248037
"Atlantis_00A","DIST_OTH",2024,4.09260024803638
"Atlantis_00A","DIST_OTH",2025,4.14427449359239
"Atlantis_00A","DIST_OTH",2026,4.43365026870608
"Atlantis_00A","DIST_OTH",2027,4.72302604381976
"Atlantis_00A","DIST_OTH",2028,5.02273666804465
"Atlantis_00A","DIST_OTH",2029,5.31211244315833
"Atlantis_00A","DIST_OTH",2030,5.60148821827201
"Atlantis_00A","DIST_OTH",2031,5.8908639933857
"Atlantis_00A","DIST_OTH",2032,6.18023976849938
"Atlantis_00A","DIST_OTH",2033,6.46961554361306
"Atlantis_00A","DIST_OTH",2034,6.76932616783795
"Atlantis_00A","DIST_OTH",2035,7.05870194295163
"Atlantis_00A","DIST_OTH",2036,7.34807771806532
"Atlantis_00A","DIST_OTH",2037,7.637453493179
"Atlantis_00A","DIST_OTH",2038,7.92682926829268
"Atlantis_00A","DIST_OTH",2039,8.22653989251757
"Atlantis_00A","DIST_OTH",2040,8.51591566763125
"Atlantis_00A","DIST_OTH",2041,8.81562629185614
"Atlantis_00A","DIST_OTH",2042,9.10500206696982
"Atlantis_00A","DIST_OTH",2043,9.39437784208351
"Atlantis_00A","DIST_OTH",2044,9.68375361719719
"Atlantis_00A","DIST_OTH",2045,9.97312939231087
"Atlantis_00A","DIST_OTH",2046,10.2728400165358
"Atlantis_00A","DIST_OTH",2047,10.5622157916494
"Atlantis_00A","DIST_OTH",2048,10.8515915667631
"Atlantis_00A","DIST_OTH",2049,11.1409673418768
"Atlantis_00A","DIST_OTH",2050,11.4303431169905
"Atlantis_00A","DIST_OTH",2051,11.7300537412154
"Atlantis_00A","DIST_OTH",2052,12.0194295163291
"Atlantis_00A","DIST_OTH",2053,12.3088052914427
"Atlantis_00A","DIST_OTH",2054,12.5981810665564
"Atlantis_00A","DIST_OTH",2055,12.8875568416701
"Atlantis_00A","DIST_RES",2014,10.438197602315
"Atlantis_00A","DIST_RES",2015,11.1306324927656
"Atlantis_00A","DIST_RES",2016,11.7507234394378
"Atlantis_00A","DIST_RES",2017,11.9987598181067
"Atlantis_00A","DIST_RES",2018,12.3501446878876
"Atlantis_00A","DIST_RES",2019,12.6601901612236
"Atlantis_00A","DIST_RES",2020,13.5593220338983
"Atlantis_00A","DIST_RES",2021,13.5386523356759
"Atlantis_00A","DIST_RES",2022,14.0450599421248
"Atlantis_00A","DIST_RES",2023,14.3861099627945
"Atlantis_00A","DIST_RES",2024,14.7271599834642
"Atlantis_00A","DIST_RES",2025,15.0785448532451
"Atlantis_00A","DIST_RES",2026,17.2281934683754
"Atlantis_00A","DIST_RES",2027,19.3881769326168
"Atlantis_00A","DIST_RES",2028,21.537825547747
"Atlantis_00A","DIST_RES",2029,23.6978090119884
"Atlantis_00A","DIST_RES",2030,25.8474576271186
"Atlantis_00A","DIST_RES",2031,28.0074410913601
"Atlantis_00A","DIST_RES",2032,30.1570897064903
"Atlantis_00A","DIST_RES",2033,32.3170731707317
"Atlantis_00A","DIST_RES",2034,34.4770566349731
"Atlantis_00A","DIST_RES",2035,36.6267052501033
"Atlantis_00A","DIST_RES",2036,38.7763538652336
"Atlantis_00A","DIST_RES",2037,40.936337329475
"Atlantis_00A","DIST_RES",2038,43.0963207937164
"Atlantis_00A","DIST_RES",2039,45.2459694088466
"Atlantis_00A","DIST_RES",2040,47.3956180239768
"Atlantis_00A","DIST_RES",2041,49.5556014882183
"Atlantis_00A","DIST_RES",2042,51.7155849524597
"Atlantis_00A","DIST_RES",2043,53.8652335675899
"Atlantis_00A","DIST_RES",2044,56.0148821827201
"Atlantis_00A","DIST_RES",2045,58.1748656469615
"Atlantis_00A","DIST_RES",2046,60.334849111203
"Atlantis_00A","DIST_RES",2047,62.4844977263332
"Atlantis_00A","DIST_RES",2048,64.6341463414634
"Atlantis_00A","DIST_RES",2049,66.7941298057048
"Atlantis_00A","DIST_RES",2050,68.9541132699463
"Atlantis_00A","DIST_RES",2051,71.1037618850765
"Atlantis_00A","DIST_RES",2052,73.2637453493179
"Atlantis_00A","DIST_RES",2053,75.4133939644481
"Atlantis_00A","DIST_RES",2054,77.5733774286895
"Atlantis_00A","DIST_RES",2055,79.7230260438198
"Atlantis_00A","DIST_SER",2014,6.50062009094667
"Atlantis_00A","DIST_SER",2015,7.02769739561802
"Atlantis_00A","DIST_SER",2016,7.44109136006615
"Atlantis_00A","DIST_SER",2017,7.74080198429103
"Atlantis_00A","DIST_SER",2018,8.10252170318313
"Atlantis_00A","DIST_SER",2019,8.3402232327408
"Atlantis_00A","DIST_SER",2020,7.6477883422902
"Atlantis_00A","DIST_SER",2021,8.89830508474576
"Atlantis_00A","DIST_SER",2022,9.13600661430343
"Atlantis_00A","DIST_SER",2023,9.3840429929723
"Atlantis_00A","DIST_SER",2024,9.64241422075238
"Atlantis_00A","DIST_SER",2025,9.90078544853245
"Atlantis_00A","DIST_SER",2026,10.2108309218685
"Atlantis_00A","DIST_SER",2027,10.5312112443158
"Atlantis_00A","DIST_SER",2028,10.8412567176519
"Atlantis_00A","DIST_SER",2029,11.1409673418768
"Atlantis_00A","DIST_SER",2030,11.4510128152129
"Atlantis_00A","DIST_SER",2031,11.761058288549
"Atlantis_00A","DIST_SER",2032,12.0814386109963
"Atlantis_00A","DIST_SER",2033,12.3914840843324
"Atlantis_00A","DIST_SER",2034,12.7015295576685
"Atlantis_00A","DIST_SER",2035,13.0115750310045
"Atlantis_00A","DIST_SER",2036,13.3216205043406
"Atlantis_00A","DIST_SER",2037,13.6316659776767
"Atlantis_00A","DIST_SER",2038,13.9417114510128
"Atlantis_00A","DIST_SER",2039,14.2517569243489
"Atlantis_00A","DIST_SER",2040,14.561802397685
"Atlantis_00A","DIST_SER",2041,14.8718478710211
"Atlantis_00A","DIST_SER",2042,15.1922281934684
"Atlantis_00A","DIST_SER",2043,15.5022736668045
"Atlantis_00A","DIST_SER",2044,15.8019842910294
"Atlantis_00A","DIST_SER",2045,16.1120297643654
"Atlantis_00A","DIST_SER",2046,16.4220752377015
"Atlantis_00A","DIST_SER",2047,16.7424555601488
"Atlantis_00A","DIST_SER",2048,17.0525010334849
"Atlantis_00A","DIST_SER",2049,17.362546506821
"Atlantis_00A","DIST_SER",2050,17.6725919801571
"Atlantis_00A","DIST_SER",2051,17.9826374534932
"Atlantis_00A","DIST_SER",2052,18.2926829268293
"Atlantis_00A","DIST_SER",2053,18.6027284001654
"Atlantis_00A","DIST_SER",2054,18.9127738735014
"Atlantis_00A","DIST_SER",2055,19.2228193468375
"Atlantis_00A","DIST_TRA",2014,0.010334849111203
"Atlantis_00A","DIST_TRA",2015,0.0310045473336089
"Atlantis_00A","DIST_TRA",2016,0.0310045473336089
"Atlantis_00A","DIST_TRA",2017,0.0516742455560149
"Atlantis_00A","DIST_TRA",2018,0.0826787928896238
"Atlantis_00A","DIST_TRA",2019,0.113683340223233
"Atlantis_00A","DIST_TRA",2020,0.0723439437784208
"Atlantis_00A","DIST_TRA",2021,0.0930136420008268
"Atlantis_00A","DIST_TRA",2022,0.0930136420008268
"Atlantis_00A","DIST_TRA",2023,0.113683340223233
"Atlantis_00A","DIST_TRA",2024,0.144687887556842
"Atlantis_00A","DIST_TRA",2025,0.175692434890451
"Atlantis_00A","DIST_TRA",2026,2.23232740801984
"Atlantis_00A","DIST_TRA",2027,4.88838362959901
"Atlantis_00A","DIST_TRA",2028,8.27821413807358
"Atlantis_00A","DIST_TRA",2029,12.5155022736668
"Atlantis_00A","DIST_TRA",2030,17.7035965274907
"Atlantis_00A","DIST_TRA",2031,23.8941711451013
"Atlantis_00A","DIST_TRA",2032,31.0355518809425
"Atlantis_00A","DIST_TRA",2033,38.9830508474576
"Atlantis_00A","DIST_TRA",2034,47.4782968168665
"Atlantis_00A","DIST_TRA",2035,56.159570070277
"Atlantis_00A","DIST_TRA",2036,64.6444811905746
"Atlantis_00A","DIST_TRA",2037,72.5919801570897
"Atlantis_00A","DIST_TRA",2038,79.733360892931
"Atlantis_00A","DIST_TRA",2039,85.9239355105415
"Atlantis_00A","DIST_TRA",2040,91.1120297643654
"Atlantis_00A","DIST_TRA",2041,95.3493178999587
"Atlantis_00A","DIST_TRA",2042,98.7391484084333
"Atlantis_00A","DIST_TRA",2043,101.395204630012
"Atlantis_00A","DIST_TRA",2044,103.451839603142
"Atlantis_00A","DIST_TRA",2045,105.033071517156
"Atlantis_00A","DIST_TRA",2046,106.231914014055
"Atlantis_00A","DIST_TRA",2047,107.13104588673
"Atlantis_00A","DIST_TRA",2048,107.813145928069
"Atlantis_00A","DIST_TRA",2049,108.319553534518
"Atlantis_00A","DIST_TRA",2050,108.701942951633
"Atlantis_00A","DIST_TRA",2051,108.980983877635
"Atlantis_00A","DIST_TRA",2052,109.187680859859
"Atlantis_00A","DIST_TRA",2053,109.342703596527
"Atlantis_00A","DIST_TRA",2054,109.466721785862
"Atlantis_00A","DIST_TRA",2055,109.611409673419
"Atlantis_00A","DS_IMP",2014,59.9
"Atlantis_00A","DS_IMP",2015,60.73
"Atlantis_00A","DS_IMP",2016,62.12
"Atlantis_00A","DS_IMP",2017,67.72
"Atlantis_00A","DS_IMP",2018,69.55
"Atlantis_00A","DS_IMP",2019,69.54
"Atlantis_00A","DS_IMP",2020,60.58
"Atlantis_00A","DS_IMP",2021,71.82
"Atlantis_00A","DS_IMP",2022,74.86
"Atlantis_00A","DS_IMP",2023,77.94
"Atlantis_00A","DS_IMP",2024,81.33
"Atlantis_00A","DS_IMP",2025,85.14
"Atlantis_00A","DS_IMP",2026,81.73
"Atlantis_00A","DS_IMP",2027,78.33
"Atlantis_00A","DS_IMP",2028,74.92
"Atlantis_00A","DS_IMP",2029,71.51
"Atlantis_00A","DS_IMP",2030,68.11
"Atlantis_00A","DS_IMP",2031,64.71
"Atlantis_00A","DS_IMP",2032,61.3
"Atlantis_00A","DS_IMP",2033,57.89
"Atlantis_00A","DS_IMP",2034,54.49
"Atlantis_00A","DS_IMP",2035,51.09
"Atlantis_00A","DS_IMP",2036,47.68
"Atlantis_00A","DS_IMP",2037,44.27
"Atlantis_00A","DS_IMP",2038,40.86
"Atlantis_00A","DS_IMP",2039,37.46
"Atlantis_00A","DS_IMP",2040,35.2136603650482
"Atlantis_00A","DS_IMP",2041,30.65
"Atlantis_00A","DS_IMP",2042,28.6259730876572
"Atlantis_00A","DS_IMP",2043,23.83
"Atlantis_00A","DS_IMP",2044,42.4331289029706
"Atlantis_00A","DS_IMP",2045,19.9916140752341
"Atlantis_00A","DS_IMP",2046,13.62
"Atlantis_00A","DS_IMP",2047,10.21
"Atlantis_00A","DS_IMP",2048,6.82
"Atlantis_00A","DS_IMP",2049,3.41
"Atlantis_00A","DS_IMP",2050,0
"Atlantis_00A","DS_IMP",2051,0
"Atlantis_00A","DS_IMP",2052,0
"Atlantis_00A","DS_IMP",2053,0
"Atlantis_00A","DS_IMP",2054,0
"Atlantis_00A","DS_IMP",2055,0
"Atlantis_00A","DS_IND",2014,2.32
"Atlantis_00A","DS_IND",2015,2.3
"Atlantis_00A","DS_IND",2016,1.75
"Atlantis_00A","DS_IND",2017,2.52
"Atlantis_00A","DS_IND",2018,2.47
"Atlantis_00A","DS_IND",2019,2.24
"Atlantis_00A","DS_IND",2020,1.57
"Atlantis_00A","DS_IND",2021,2.15
"Atlantis_00A","DS_IND",2022,2.09
"Atlantis_00A","DS_IND",2023,2.02
"Atlantis_00A","DS_IND",2024,1.97
"Atlantis_00A","DS_IND",2025,1.95
"Atlantis_00A","DS_IND",2026,1.87
"Atlantis_00A","DS_IND",2027,1.79
"Atlantis_00A","DS_IND",2028,1.71
"Atlantis_00A","DS_IND",2029,1.63
"Atlantis_00A","DS_IND",2030,1.56
"Atlantis_00A","DS_IND",2031,1.48
"Atlantis_00A","DS_IND",2032,1.4
"Atlantis_00A","DS_IND",2033,1.32
"Atlantis_00A","DS_IND",2034,1.24999999999999
"Atlantis_00A","DS_IND",2035,1.17
"Atlantis_00A","DS_IND",2036,1.09
"Atlantis_00A","DS_IND",2037,1.00999999999999
"Atlantis_00A","DS_IND",2038,0.930000000000001
"Atlantis_00A","DS_IND",2039,0.86
"Atlantis_00A","DS_IND",2040,0.780000000000009
"Atlantis_00A","DS_IND",2041,0.7
"Atlantis_00A","DS_IND",2042,0.62
"Atlantis_00A","DS_IND",2043,0.54
"Atlantis_00A","DS_IND",2044,0.537142857142861
"Atlantis_00A","DS_IND",2045,0.445714285714288
"Atlantis_00A","DS_IND",2046,0.309999999999998
"Atlantis_00A","DS_IND",2047,0.230000000000001
"Atlantis_00A","DS_IND",2048,0.16
"Atlantis_00A","DS_IND",2049,0.0800000000000007
"Atlantis_00A","DS_IND",2050,0
"Atlantis_00A","DS_IND",2051,0
"Atlantis_00A","DS_IND",2052,0
"Atlantis_00A","DS_IND",2053,0
"Atlantis_00A","DS_IND",2054,0
"Atlantis_00A","DS_IND",2055,0
"Atlantis_00A","DS_OTH",2014,5.03999999999999
"Atlantis_00A","DS_OTH",2015,5.01000000000002
"Atlantis_00A","DS_OTH",2016,5.06
"Atlantis_00A","DS_OTH",2017,5.35
"Atlantis_00A","DS_OTH",2018,5.78
"Atlantis_00A","DS_OTH",2019,5.95
"Atlantis_00A","DS_OTH",2020,6.07
"Atlantis_00A","DS_OTH",2021,6.31
"Atlantis_00A","DS_OTH",2022,6.53
"Atlantis_00A","DS_OTH",2023,6.75
"Atlantis_00A","DS_OTH",2024,6.97
"Atlantis_00A","DS_OTH",2025,7.19000000000001
"Atlantis_00A","DS_OTH",2026,6.90000000000002
"Atlantis_00A","DS_OTH",2027,6.62
"Atlantis_00A","DS_OTH",2028,6.32999999999999
"Atlantis_00A","DS_OTH",2029,6.04
"Atlantis_00A","DS_OTH",2030,5.75
"Atlantis_00A","DS_OTH",2031,5.46999999999998
"Atlantis_00A","DS_OTH",2032,5.18
"Atlantis_00A","DS_OTH",2033,4.89
"Atlantis_00A","DS_OTH",2034,4.6
"Atlantis_00A","DS_OTH",2035,4.32
"Atlantis_00A","DS_OTH",2036,4.03
"Atlantis_00A","DS_OTH",2037,3.74
"Atlantis_00A","DS_OTH",2038,3.45
"Atlantis_00A","DS_OTH",2039,3.16
"Atlantis_00A","DS_OTH",2040,2.88
"Atlantis_00A","DS_OTH",2041,2.59
"Atlantis_00A","DS_OTH",2042,2.3
"Atlantis_00A","DS_OTH",2043,2.01
"Atlantis_00A","DS_OTH",2044,1.97714285714286
"Atlantis_00A","DS_OTH",2045,1.64571428571429
"Atlantis_00A","DS_OTH",2046,1.15
"Atlantis_00A","DS_OTH",2047,0.86
"Atlantis_00A","DS_OTH",2048,0.58
"Atlantis_00A","DS_OTH",2049,0.29
"Atlantis_00A","DS_OTH",2050,0
"Atlantis_00A","DS_OTH",2051,0
"Atlantis_00A","DS_OTH",2052,0
"Atlantis_00A","DS_OTH",2053,0
"Atlantis_00A","DS_OTH",2054,0
"Atlantis_00A","DS_OTH",2055,0
"Atlantis_00A","DS_TRA",2014,52.54
"Atlantis_00A","DS_TRA",2015,53.42
"Atlantis_00A","DS_TRA",2016,55.31
"Atlantis_00A","DS_TRA",2017,59.85
"Atlantis_00A","DS_TRA",2018,61.3
"Atlantis_00A","DS_TRA",2019,61.35
"Atlantis_00A","DS_TRA",2020,52.94
"Atlantis_00A","DS_TRA",2021,63.36
"Atlantis_00A","DS_TRA",2022,66.24
"Atlantis_00A","DS_TRA",2023,69.17
"Atlantis_00A","DS_TRA",2024,72.39
"Atlantis_00A","DS_TRA",2025,76
"Atlantis_00A","DS_TRA",2026,72.96
"Atlantis_00A","DS_TRA",2027,69.92
"Atlantis_00A","DS_TRA",2028,66.88
"Atlantis_00A","DS_TRA",2029,63.84
"Atlantis_00A","DS_TRA",2030,60.8
"Atlantis_00A","DS_TRA",2031,57.76
"Atlantis_00A","DS_TRA",2032,54.72
"Atlantis_00A","DS_TRA",2033,51.68
"Atlantis_00A","DS_TRA",2034,48.64
"Atlantis_00A","DS_TRA",2035,45.6
"Atlantis_00A","DS_TRA",2036,42.56
"Atlantis_00A","DS_TRA",2037,39.52
"Atlantis_00A","DS_TRA",2038,36.48
"Atlantis_00A","DS_TRA",2039,33.44
"Atlantis_00A","DS_TRA",2040,31.5536603650482
"Atlantis_00A","DS_TRA",2041,27.36
"Atlantis_00A","DS_TRA",2042,25.7059730876572
"Atlantis_00A","DS_TRA",2043,21.28
"Atlantis_00A","DS_TRA",2044,20.8457142857143
"Atlantis_00A","DS_TRA",2045,17.3714285714286
"Atlantis_00A","DS_TRA",2046,12.16
"Atlantis_00A","DS_TRA",2047,9.12
"Atlantis_00A","DS_TRA",2048,6.08
"Atlantis_00A","DS_TRA",2049,3.04
"Atlantis_00A","DS_TRA",2050,0
"Atlantis_00A","DS_TRA",2051,0
"Atlantis_00A","DS_TRA",2052,0
"Atlantis_00A","DS_TRA",2053,0
"Atlantis_00A","DS_TRA",2054,0
"Atlantis_00A","DS_TRA",2055,0
"Atlantis_00A","DSGC",2014,0.0394
"Atlantis_00A","DSGC",2015,0.0394
"Atlantis_00A","DSGC",2016,0.0394
"Atlantis_00A","DSGC",2017,0.0394
"Atlantis_00A","DSGC",2018,0.0394
"Atlantis_00A","DSGC",2019,0.0394
"Atlantis_00A","DSGC",2020,0.0394
"Atlantis_00A","DSGC",2021,0.03
"Atlantis_00A","DSGC",2022,0.03
"Atlantis_00A","DSGC",2023,0.03
"Atlantis_00A","DSGC",2024,0.03
"Atlantis_00A","DSGC",2025,0.03
"Atlantis_00A","DSGC",2026,0.03
"Atlantis_00A","DSGC",2027,0.03
"Atlantis_00A","DSGC",2028,0.03
"Atlantis_00A","DSGC",2029,0.03
"Atlantis_00A","DSGC",2030,0.03
"Atlantis_00A","DSGC",2031,0
"Atlantis_00A","DSGC",2032,0
"Atlantis_00A","DSGC",2033,0
"Atlantis_00A","DSGC",2034,0
"Atlantis_00A","DSGC",2035,0
"Atlantis_00A","DSGC",2036,0
"Atlantis_00A","DSGC",2037,0
"Atlantis_00A","DSGC",2038,0
"Atlantis_00A","DSGC",2039,0.0943707135819777
"Atlantis_00A","DSGC",2040,0.0943707135819777
"Atlantis_00A","DSGC",2041,0.0943707135819777
"Atlantis_00A","DSGC",2042,0.0943707135819777
"Atlantis_00A","DSGC",2043,0.0943707135819777
"Atlantis_00A","DSGC",2044,0.204801474997483
"Atlantis_00A","DSGC",2045,0.204801474997483
"Atlantis_00A","DSGC",2046,0.204801474997483
"Atlantis_00A","DSGC",2047,0.204801474997483
"Atlantis_00A","DSGC",2048,0.204801474997483
"Atlantis_00A","DSGC",2049,0.204801474997483
"Atlantis_00A","DSGC",2050,0.204801474997483
"Atlantis_00A","DSGC",2051,0.204801474997483
"Atlantis_00A","DSGC",2052,0.204801474997483
"Atlantis_00A","DSGC",2053,0.204801474997483
"Atlantis_00A","DSGC",2054,0.204801474997483
"Atlantis_00A","DSGC",2055,0.204801474997483
"Atlantis_00A","EXP_HF",2014,0
"Atlantis_00A","EXP_HF",2015,0
"Atlantis_00A","EXP_HF",2016,0
"Atlantis_00A","EXP_HF",2017,0
"Atlantis_00A","EXP_HF",2018,0
"Atlantis_00A","EXP_HF",2019,0
"Atlantis_00A","EXP_HF",2020,0
"Atlantis_00A","EXP_HF",2021,0
"Atlantis_00A","EXP_HF",2022,0
"Atlantis_00A","EXP_HF",2023,0
"Atlantis_00A","EXP_HF",2024,0
"Atlantis_00A","EXP_HF",2025,0
"Atlantis_00A","EXP_HF",2026,0
"Atlantis_00A","EXP_HF",2027,0
"Atlantis_00A","EXP_HF",2028,0
"Atlantis_00A","EXP_HF",2029,0
"Atlantis_00A","EXP_HF",2030,0
"Atlantis_00A","EXP_HF",2031,0
"Atlantis_00A","EXP_HF",2032,0
"Atlantis_00A","EXP_HF",2033,0
"Atlantis_00A","EXP_HF",2034,0
"Atlantis_00A","EXP_HF",2035,0
"Atlantis_00A","EXP_HF",2036,0
"Atlantis_00A","EXP_HF",2037,0
"Atlantis_00A","EXP_HF",2038,0
"Atlantis_00A","EXP_HF",2039,0
"Atlantis_00A","EXP_HF",2040,0
"Atlantis_00A","EXP_HF",2041,0
"Atlantis_00A","EXP_HF",2042,0
"Atlantis_00A","EXP_HF",2043,0
"Atlantis_00A","EXP_HF",2044,0
"Atlantis_00A","EXP_HF",2045,0
"Atlantis_00A","EXP_HF",2046,0
"Atlantis_00A","EXP_HF",2047,0
"Atlantis_00A","EXP_HF",2048,0
"Atlantis_00A","EXP_HF",2049,0
"Atlantis_00A","EXP_HF",2050,0
"Atlantis_00A","EXP_HF",2051,0
"Atlantis_00A","EXP_HF",2052,0
"Atlantis_00A","EXP_HF",2053,0
"Atlantis_00A","EXP_HF",2054,0
"Atlantis_00A","EXP_HF",2055,0
"Atlantis_00A","EXP_NG",2014,0
"Atlantis_00A","EXP_NG",2015,0
"Atlantis_00A","EXP_NG",2016,0
"Atlantis_00A","EXP_NG",2017,0
"Atlantis_00A","EXP_NG",2018,0
"Atlantis_00A","EXP_NG",2019,0
"Atlantis_00A","EXP_NG",2020,0
"Atlantis_00A","EXP_NG",2021,0
"Atlantis_00A","EXP_NG",2022,0
"Atlantis_00A","EXP_NG",2023,0
"Atlantis_00A","EXP_NG",2024,0
"Atlantis_00A","EXP_NG",2025,0
"Atlantis_00A","EXP_NG",2026,0
"Atlantis_00A","EXP_NG",2027,0
"Atlantis_00A","EXP_NG",2028,0
"Atlantis_00A","EXP_NG",2029,0
"Atlantis_00A","EXP_NG",2030,0
"Atlantis_00A","EXP_NG",2031,0
"Atlantis_00A","EXP_NG",2032,0
"Atlantis_00A","EXP_NG",2033,0
"Atlantis_00A","EXP_NG",2034,0
"Atlantis_00A","EXP_NG",2035,0
"Atlantis_00A","EXP_NG",2036,0
"Atlantis_00A","EXP_NG",2037,0
"Atlantis_00A","EXP_NG",2038,0
"Atlantis_00A","EXP_NG",2039,0
"Atlantis_00A","EXP_NG",2040,0
"Atlantis_00A","EXP_NG",2041,0
"Atlantis_00A","EXP_NG",2042,0
"Atlantis_00A","EXP_NG",2043,0
"Atlantis_00A","EXP_NG",2044,0
"Atlantis_00A","EXP_NG",2045,0
"Atlantis_00A","EXP_NG",2046,0
"Atlantis_00A","EXP_NG",2047,0
"Atlantis_00A","EXP_NG",2048,0
"Atlantis_00A","EXP_NG",2049,0
"Atlantis_00A","EXP_NG",2050,0
"Atlantis_00A","EXP_NG",2051,0
"Atlantis_00A","EXP_NG",2052,0
"Atlantis_00A","EXP_NG",2053,0
"Atlantis_00A","EXP_NG",2054,0
"Atlantis_00A","EXP_NG",2055,0
"Atlantis_00A","GT_FC",2014,0
"Atlantis_00A","GT_FC",2015,0
"Atlantis_00A","GT_FC",2016,0
"Atlantis_00A","GT_FC",2017,0
"Atlantis_00A","GT_FC",2018,0
"Atlantis_00A","GT_FC",2019,0
"Atlantis_00A","GT_FC",2020,0
"Atlantis_00A","GT_FC",2021,0
"Atlantis_00A","GT_FC",2022,0
"Atlantis_00A","GT_FC",2023,0
"Atlantis_00A","GT_FC",2024,0
"Atlantis_00A","GT_FC",2025,0
"Atlantis_00A","GT_FC",2026,0
"Atlantis_00A","GT_FC",2027,0
"Atlantis_00A","GT_FC",2028,0
"Atlantis_00A","GT_FC",2029,0
"Atlantis_00A","GT_FC",2030,0
"Atlantis_00A","GT_FC",2031,0
"Atlantis_00A","GT_FC",2032,0
"Atlantis_00A","GT_FC",2033,0
"Atlantis_00A","GT_FC",2034,0
"Atlantis_00A","GT_FC",2035,0
"Atlantis_00A","GT_FC",2036,0
"Atlantis_00A","GT_FC",2037,0
"Atlantis_00A","GT_FC",2038,0
"Atlantis_00A","GT_FC",2039,0
"Atlantis_00A","GT_FC",2040,0
"Atlantis_00A","GT_FC",2041,0
"Atlantis_00A","GT_FC",2042,0
"Atlantis_00A","GT_FC",2043,0
"Atlantis_00A","GT_FC",2044,0
"Atlantis_00A","GT_FC",2045,0
"Atlantis_00A","GT_FC",2046,0
"Atlantis_00A","GT_FC",2047,0
"Atlantis_00A","GT_FC",2048,0
"Atlantis_00A","GT_FC",2049,0
"Atlantis_00A","GT_FC",2050,0
"Atlantis_00A","GT_FC",2051,0
"Atlantis_00A","GT_FC",2052,0
"Atlantis_00A","GT_FC",2053,0
"Atlantis_00A","GT_FC",2054,0
"Atlantis_00A","GT_FC",2055,0
"Atlantis_00A","HF_IMP",2014,132.35
"Atlantis_00A","HF_IMP",2015,137.22
"Atlantis_00A","HF_IMP",2016,143.31
"Atlantis_00A","HF_IMP",2017,151.16
"Atlantis_00A","HF_IMP",2018,155.86
"Atlantis_00A","HF_IMP",2019,158.99
"Atlantis_00A","HF_IMP",2020,132.31
"Atlantis_00A","HF_IMP",2021,163.81
"Atlantis_00A","HF_IMP",2022,176.39
"Atlantis_00A","HF_IMP",2023,178.15
"Atlantis_00A","HF_IMP",2024,179.92
"Atlantis_00A","HF_IMP",2025,181.74
"Atlantis_00A","HF_IMP",2026,174.46
"Atlantis_00A","HF_IMP",2027,167.2
"Atlantis_00A","HF_IMP",2028,159.92
"Atlantis_00A","HF_IMP",2029,152.66
"Atlantis_00A","HF_IMP",2030,145.39
"Atlantis_00A","HF_IMP",2031,138.13
"Atlantis_00A","HF_IMP",2032,130.84
"Atlantis_00A","HF_IMP",2033,123.59
"Atlantis_00A","HF_IMP",2034,116.32
"Atlantis_00A","HF_IMP",2035,109.04
"Atlantis_00A","HF_IMP",2036,101.77
"Atlantis_00A","HF_IMP",2037,94.51
"Atlantis_00A","HF_IMP",2038,87.25
"Atlantis_00A","HF_IMP",2039,79.9599999999999
"Atlantis_00A","HF_IMP",2040,72.68
"Atlantis_00A","HF_IMP",2041,65.4200000000001
"Atlantis_00A","HF_IMP",2042,58.15
"Atlantis_00A","HF_IMP",2043,50.88
"Atlantis_00A","HF_IMP",2044,43.62
"Atlantis_00A","HF_IMP",2045,36.37
"Atlantis_00A","HF_IMP",2046,29.1
"Atlantis_00A","HF_IMP",2047,21.8
"Atlantis_00A","HF_IMP",2048,14.52
"Atlantis_00A","HF_IMP",2049,7.28
"Atlantis_00A","HF_IMP",2050,0
"Atlantis_00A","HF_IMP",2051,0
"Atlantis_00A","HF_IMP",2052,0
"Atlantis_00A","HF_IMP",2053,0
"Atlantis_00A","HF_IMP",2054,0
"Atlantis_00A","HF_IMP",2055,0
"Atlantis_00A","HF_IND",2014,8.41000000000001
"Atlantis_00A","HF_IND",2015,8.03999999999999
"Atlantis_00A","HF_IND",2016,7.23999999999999
"Atlantis_00A","HF_IND",2017,6.91000000000001
"Atlantis_00A","HF_IND",2018,6.42000000000002
"Atlantis_00A","HF_IND",2019,7.68000000000001
"Atlantis_00A","HF_IND",2020,4.19
"Atlantis_00A","HF_IND",2021,4.04000000000001
"Atlantis_00A","HF_IND",2022,3.98000000000001
"Atlantis_00A","HF_IND",2023,4.03999999999999
"Atlantis_00A","HF_IND",2024,4.1
"Atlantis_00A","HF_IND",2025,4.15999999999997
"Atlantis_00A","HF_IND",2026,3.99000000000001
"Atlantis_00A","HF_IND",2027,3.81999999999999
"Atlantis_00A","HF_IND",2028,3.65
"Atlantis_00A","HF_IND",2029,3.47999999999998
"Atlantis_00A","HF_IND",2030,3.31
"Atlantis_00A","HF_IND",2031,3.17999999999997
"Atlantis_00A","HF_IND",2032,3.01000000000001
"Atlantis_00A","HF_IND",2033,2.83999999999998
"Atlantis_00A","HF_IND",2034,2.66999999999999
"Atlantis_00A","HF_IND",2035,2.5
"Atlantis_00A","HF_IND",2036,2.33
"Atlantis_00A","HF_IND",2037,2.16000000000001
"Atlantis_00A","HF_IND",2038,2.00000000000003
"Atlantis_00A","HF_IND",2039,1.83000000000001
"Atlantis_00A","HF_IND",2040,1.66000000000001
"Atlantis_00A","HF_IND",2041,1.48999999999999
"Atlantis_00A","HF_IND",2042,1.31999999999998
"Atlantis_00A","HF_IND",2043,1.15
"Atlantis_00A","HF_IND",2044,1.01999999999999
"Atlantis_00A","HF_IND",2045,0.850000000000007
"Atlantis_00A","HF_IND",2046,0.680000000000016
"Atlantis_00A","HF_IND",2047,0.510000000000007
"Atlantis_00A","HF_IND",2048,0.339999999999997
"Atlantis_00A","HF_IND",2049,0.170000000000002
"Atlantis_00A","HF_IND",2050,0
"Atlantis_00A","HF_IND",2051,0
"Atlantis_00A","HF_IND",2052,0
"Atlantis_00A","HF_IND",2053,0
"Atlantis_00A","HF_IND",2054,0
"Atlantis_00A","HF_IND",2055,0
"Atlantis_00A","HF_OTH",2014,0
"Atlantis_00A","HF_OTH",2015,0
"Atlantis_00A","HF_OTH",2016,0
"Atlantis_00A","HF_OTH",2017,0
"Atlantis_00A","HF_OTH",2018,0
"Atlantis_00A","HF_OTH",2019,0
"Atlantis_00A","HF_OTH",2020,0
"Atlantis_00A","HF_OTH",2021,0
"Atlantis_00A","HF_OTH",2022,0
"Atlantis_00A","HF_OTH",2023,0
"Atlantis_00A","HF_OTH",2024,0
"Atlantis_00A","HF_OTH",2025,0
"Atlantis_00A","HF_OTH",2026,0
"Atlantis_00A","HF_OTH",2027,0
"Atlantis_00A","HF_OTH",2028,0
"Atlantis_00A","HF_OTH",2029,0
"Atlantis_00A","HF_OTH",2030,0
"Atlantis_00A","HF_OTH",2031,0
"Atlantis_00A","HF_OTH",2032,0
"Atlantis_00A","HF_OTH",2033,0
"Atlantis_00A","HF_OTH",2034,0
"Atlantis_00A","HF_OTH",2035,0
"Atlantis_00A","HF_OTH",2036,0
"Atlantis_00A","HF_OTH",2037,0
"Atlantis_00A","HF_OTH",2038,0
"Atlantis_00A","HF_OTH",2039,0
"Atlantis_00A","HF_OTH",2040,0
"Atlantis_00A","HF_OTH",2041,0
"Atlantis_00A","HF_OTH",2042,0
"Atlantis_00A","HF_OTH",2043,0
"Atlantis_00A","HF_OTH",2044,0
"Atlantis_00A","HF_OTH",2045,0
"Atlantis_00A","HF_OTH",2046,0
"Atlantis_00A","HF_OTH",2047,0
"Atlantis_00A","HF_OTH",2048,0
"Atlantis_00A","HF_OTH",2049,0
"Atlantis_00A","HF_OTH",2050,0
"Atlantis_00A","HF_OTH",2051,0
"Atlantis_00A","HF_OTH",2052,0
"Atlantis_00A","HF_OTH",2053,0
"Atlantis_00A","HF_OTH",2054,0
"Atlantis_00A","HF_OTH",2055,0
"Atlantis_00A","HF_RES",2014,19.14
"Atlantis_00A","HF_RES",2015,19.71
"Atlantis_00A","HF_RES",2016,20.04
"Atlantis_00A","HF_RES",2017,20.09
"Atlantis_00A","HF_RES",2018,20.82
"Atlantis_00A","HF_RES",2019,21.06
"Atlantis_00A","HF_RES",2020,20.09
"Atlantis_00A","HF_RES",2021,22.23
"Atlantis_00A","HF_RES",2022,22.86
"Atlantis_00A","HF_RES",2023,22.58
"Atlantis_00A","HF_RES",2024,22.31
"Atlantis_00A","HF_RES",2025,22.04
"Atlantis_00A","HF_RES",2026,21.16
"Atlantis_00A","HF_RES",2027,20.28
"Atlantis_00A","HF_RES",2028,19.4
"Atlantis_00A","HF_RES",2029,18.52
"Atlantis_00A","HF_RES",2030,17.64
"Atlantis_00A","HF_RES",2031,16.75
"Atlantis_00A","HF_RES",2032,15.86
"Atlantis_00A","HF_RES",2033,14.98
"Atlantis_00A","HF_RES",2034,14.1
"Atlantis_00A","HF_RES",2035,13.22
"Atlantis_00A","HF_RES",2036,12.34
"Atlantis_00A","HF_RES",2037,11.46
"Atlantis_00A","HF_RES",2038,10.58
"Atlantis_00A","HF_RES",2039,9.7
"Atlantis_00A","HF_RES",2040,8.82
"Atlantis_00A","HF_RES",2041,7.94
"Atlantis_00A","HF_RES",2042,7.06
"Atlantis_00A","HF_RES",2043,6.18
"Atlantis_00A","HF_RES",2044,5.28
"Atlantis_00A","HF_RES",2045,4.4
"Atlantis_00A","HF_RES",2046,3.52
"Atlantis_00A","HF_RES",2047,2.64
"Atlantis_00A","HF_RES",2048,1.76
"Atlantis_00A","HF_RES",2049,0.88
"Atlantis_00A","HF_RES",2050,0
"Atlantis_00A","HF_RES",2051,0
"Atlantis_00A","HF_RES",2052,0
"Atlantis_00A","HF_RES",2053,0
"Atlantis_00A","HF_RES",2054,0
"Atlantis_00A","HF_RES",2055,0
"Atlantis_00A","HF_SER",2014,0.530000000000002
"Atlantis_00A","HF_SER",2015,0.53
"Atlantis_00A","HF_SER",2016,0.57
"Atlantis_00A","HF_SER",2017,0.590000000000001
"Atlantis_00A","HF_SER",2018,0.540000000000006
"Atlantis_00A","HF_SER",2019,0.59
"Atlantis_00A","HF_SER",2020,0.43
"Atlantis_00A","HF_SER",2021,0.68
"Atlantis_00A","HF_SER",2022,0.78
"Atlantis_00A","HF_SER",2023,0.79
"Atlantis_00A","HF_SER",2024,0.79
"Atlantis_00A","HF_SER",2025,0.8
"Atlantis_00A","HF_SER",2026,0.76
"Atlantis_00A","HF_SER",2027,0.73
"Atlantis_00A","HF_SER",2028,0.69
"Atlantis_00A","HF_SER",2029,0.67
"Atlantis_00A","HF_SER",2030,0.64
"Atlantis_00A","HF_SER",2031,0.6
"Atlantis_00A","HF_SER",2032,0.56
"Atlantis_00A","HF_SER",2033,0.55
"Atlantis_00A","HF_SER",2034,0.51
"Atlantis_00A","HF_SER",2035,0.47
"Atlantis_00A","HF_SER",2036,0.44
"Atlantis_00A","HF_SER",2037,0.419999999999997
"Atlantis_00A","HF_SER",2038,0.380000000000001
"Atlantis_00A","HF_SER",2039,0.35
"Atlantis_00A","HF_SER",2040,0.31
"Atlantis_00A","HF_SER",2041,0.289999999999981
"Atlantis_00A","HF_SER",2042,0.250000000000004
"Atlantis_00A","HF_SER",2043,0.220000000000001
"Atlantis_00A","HF_SER",2044,0.179999999999994
"Atlantis_00A","HF_SER",2045,0.160000000000003
"Atlantis_00A","HF_SER",2046,0.130000000000014
"Atlantis_00A","HF_SER",2047,0.0900000000000084
"Atlantis_00A","HF_SER",2048,0.0499999999999965
"Atlantis_00A","HF_SER",2049,0.0400000000000012
"Atlantis_00A","HF_SER",2050,0
"Atlantis_00A","HF_SER",2051,0
"Atlantis_00A","HF_SER",2052,0
"Atlantis_00A","HF_SER",2053,0
"Atlantis_00A","HF_SER",2054,0
"Atlantis_00A","HF_SER",2055,0
"Atlantis_00A","HF_TRA",2014,104.27
"Atlantis_00A","HF_TRA",2015,108.94
"Atlantis_00A","HF_TRA",2016,115.46
"Atlantis_00A","HF_TRA",2017,123.57
"Atlantis_00A","HF_TRA",2018,128.08
"Atlantis_00A","HF_TRA",2019,129.66
"Atlantis_00A","HF_TRA",2020,107.6
"Atlantis_00A","HF_TRA",2021,136.86
"Atlantis_00A","HF_TRA",2022,148.77
"Atlantis_00A","HF_TRA",2023,150.74
"Atlantis_00A","HF_TRA",2024,152.72
"Atlantis_00A","HF_TRA",2025,154.74
"Atlantis_00A","HF_TRA",2026,148.55
"Atlantis_00A","HF_TRA",2027,142.37
"Atlantis_00A","HF_TRA",2028,136.18
"Atlantis_00A","HF_TRA",2029,129.99
"Atlantis_00A","HF_TRA",2030,123.8
"Atlantis_00A","HF_TRA",2031,117.6
"Atlantis_00A","HF_TRA",2032,111.41
"Atlantis_00A","HF_TRA",2033,105.22
"Atlantis_00A","HF_TRA",2034,99.04
"Atlantis_00A","HF_TRA",2035,92.85
"Atlantis_00A","HF_TRA",2036,86.66
"Atlantis_00A","HF_TRA",2037,80.47
"Atlantis_00A","HF_TRA",2038,74.29
"Atlantis_00A","HF_TRA",2039,68.08
"Atlantis_00A","HF_TRA",2040,61.89
"Atlantis_00A","HF_TRA",2041,55.7
"Atlantis_00A","HF_TRA",2042,49.52
"Atlantis_00A","HF_TRA",2043,43.33
"Atlantis_00A","HF_TRA",2044,37.14
"Atlantis_00A","HF_TRA",2045,30.96
"Atlantis_00A","HF_TRA",2046,24.77
"Atlantis_00A","HF_TRA",2047,18.56
"Atlantis_00A","HF_TRA",2048,12.37
"Atlantis_00A","HF_TRA",2049,6.19
"Atlantis_00A","HF_TRA",2050,0
"Atlantis_00A","HF_TRA",2051,0
"Atlantis_00A","HF_TRA",2052,0
"Atlantis_00A","HF_TRA",2053,0
"Atlantis_00A","HF_TRA",2054,0
"Atlantis_00A","HF_TRA",2055,0
"Atlantis_00A","HYDRO_DAM",2014,0.494
"Atlantis_00A","HYDRO_DAM",2015,0.495
"Atlantis_00A","HYDRO_DAM",2016,0.495
"Atlantis_00A","HYDRO_DAM",2017,0.62
"Atlantis_00A","HYDRO_DAM",2018,0.666
"Atlantis_00A","HYDRO_DAM",2019,0.7329
"Atlantis_00A","HYDRO_DAM",2020,0.7329
"Atlantis_00A","HYDRO_DAM",2021,0.7329
"Atlantis_00A","HYDRO_DAM",2022,0.7329
"Atlantis_00A","HYDRO_DAM",2023,0.7329
"Atlantis_00A","HYDRO_DAM",2024,0.7329
"Atlantis_00A","HYDRO_DAM",2025,0.7329
"Atlantis_00A","HYDRO_DAM",2026,0.7329
"Atlantis_00A","HYDRO_DAM",2027,0.7329
"Atlantis_00A","HYDRO_DAM",2028,0.7329
"Atlantis_00A","HYDRO_DAM",2029,0.7329
"Atlantis_00A","HYDRO_DAM",2030,0.7329
"Atlantis_00A","HYDRO_DAM",2031,1.3024537286212
"Atlantis_00A","HYDRO_DAM",2032,1.83428417967987
"Atlantis_00A","HYDRO_DAM",2033,3.39494613472552
"Atlantis_00A","HYDRO_DAM",2034,3.39494613472552
"Atlantis_00A","HYDRO_DAM",2035,4.60039153033582
"Atlantis_00A","HYDRO_DAM",2036,4.60039153033582
"Atlantis_00A","HYDRO_DAM",2037,4.60039153033582
"Atlantis_00A","HYDRO_DAM",2038,4.60039153033582
"Atlantis_00A","HYDRO_DAM",2039,4.60039153033582
"Atlantis_00A","HYDRO_DAM",2040,5.08557614122003
"Atlantis_00A","HYDRO_DAM",2041,6.22252291221875
"Atlantis_00A","HYDRO_DAM",2042,6.62235097118814
"Atlantis_00A","HYDRO_DAM",2043,6.9067123886761
"Atlantis_00A","HYDRO_DAM",2044,7.43725136665368
"Atlantis_00A","HYDRO_DAM",2045,7.43725136665368
"Atlantis_00A","HYDRO_DAM",2046,7.43725136665368
"Atlantis_00A","HYDRO_DAM",2047,7.43725136665368
"Atlantis_00A","HYDRO_DAM",2048,7.43725136665368
"Atlantis_00A","HYDRO_DAM",2049,7.43725136665368
"Atlantis_00A","HYDRO_DAM",2050,7.43725136665368
"Atlantis_00A","HYDRO_DAM",2051,7.43725136665368
"Atlantis_00A","HYDRO_DAM",2052,7.43473647066237
"Atlantis_00A","HYDRO_DAM",2053,7.46675687463672
"Atlantis_00A","HYDRO_DAM",2054,7.46675687463672
"Atlantis_00A","HYDRO_DAM",2055,7.46675687463672
"Atlantis_00A","HYDRO_MIN",2014,0.0019
"Atlantis_00A","HYDRO_MIN",2015,0.0019
"Atlantis_00A","HYDRO_MIN",2016,0.0019
"Atlantis_00A","HYDRO_MIN",2017,0.0019
"Atlantis_00A","HYDRO_MIN",2018,0.0019
"Atlantis_00A","HYDRO_MIN",2019,0.0019
"Atlantis_00A","HYDRO_MIN",2020,0.0019
"Atlantis_00A","HYDRO_MIN",2021,0.0019
"Atlantis_00A","HYDRO_MIN",2022,0.0019
"Atlantis_00A","HYDRO_MIN",2023,0.0019
"Atlantis_00A","HYDRO_MIN",2024,0.0019
"Atlantis_00A","HYDRO_MIN",2025,0.0019
"Atlantis_00A","HYDRO_MIN",2026,0.0019
"Atlantis_00A","HYDRO_MIN",2027,0.0019
"Atlantis_00A","HYDRO_MIN",2028,0.0019
"Atlantis_00A","HYDRO_MIN",2029,0.0019
"Atlantis_00A","HYDRO_MIN",2030,0.0019
"Atlantis_00A","HYDRO_MIN",2031,0.0019
"Atlantis_00A","HYDRO_MIN",2032,0.0019
"Atlantis_00A","HYDRO_MIN",2033,0.0019
"Atlantis_00A","HYDRO_MIN",2034,0.0019
"Atlantis_00A","HYDRO_MIN",2035,0.0019
"Atlantis_00A","HYDRO_MIN",2036,0.0019
"Atlantis_00A","HYDRO_MIN",2037,0.0019
"Atlantis_00A","HYDRO_MIN",2038,0.0019
"Atlantis_00A","HYDRO_MIN",2039,0.0019
"Atlantis_00A","HYDRO_MIN",2040,0.0019
"Atlantis_00A","HYDRO_MIN",2041,0.0019
"Atlantis_00A","HYDRO_MIN",2042,0.0019
"Atlantis_00A","HYDRO_MIN",2043,0.0019
"Atlantis_00A","HYDRO_MIN",2044,0.0019
"Atlantis_00A","HYDRO_MIN",2045,0.0019
"Atlantis_00A","HYDRO_MIN",2046,0.0019
"Atlantis_00A","HYDRO_MIN",2047,0.0019
"Atlantis_00A","HYDRO_MIN",2048,0.0019
"Atlantis_00A","HYDRO_MIN",2049,0.0019
"Atlantis_00A","HYDRO_MIN",2050,0.0019
"Atlantis_00A","HYDRO_MIN",2051,0
"Atlantis_00A","HYDRO_MIN",2052,0
"Atlantis_00A","HYDRO_MIN",2053,0
"Atlantis_00A","HYDRO_MIN",2054,0
"Atlantis_00A","HYDRO_MIN",2055,0
"Atlantis_00A","NG_IMP",2014,93.3624617999176
"Atlantis_00A","NG_IMP",2015,96.0460344467097
"Atlantis_00A","NG_IMP",2016,99.7885691696198
"Atlantis_00A","NG_IMP",2017,99.7885691696198
"Atlantis_00A","NG_IMP",2018,99.7885691696198
"Atlantis_00A","NG_IMP",2019,99.7885691696198
"Atlantis_00A","NG_IMP",2020,99.7885691696198
"Atlantis_00A","NG_IMP",2021,101.428990155549
"Atlantis_00A","NG_IMP",2022,107.199653409392
"Atlantis_00A","NG_IMP",2023,107.199653409392
"Atlantis_00A","NG_IMP",2024,109.171537012627
"Atlantis_00A","NG_IMP",2025,112.208087154359
"Atlantis_00A","NG_IMP",2026,128.45314789919
"Atlantis_00A","NG_IMP",2027,140.794536204405
"Atlantis_00A","NG_IMP",2028,155.121307072249
"Atlantis_00A","NG_IMP",2029,155.121307072249
"Atlantis_00A","NG_IMP",2030,155.121307072249
"Atlantis_00A","NG_IMP",2031,155.121307072249
"Atlantis_00A","NG_IMP",2032,155.121307072249
"Atlantis_00A","NG_IMP",2033,155.121307072249
"Atlantis_00A","NG_IMP",2034,155.121307072249
"Atlantis_00A","NG_IMP",2035,155.121307072249
"Atlantis_00A","NG_IMP",2036,155.121307072249
"Atlantis_00A","NG_IMP",2037,155.121307072249
"Atlantis_00A","NG_IMP",2038,155.121307072249
"Atlantis_00A","NG_IMP",2039,155.121307072249
"Atlantis_00A","NG_IMP",2040,155.121307072249
"Atlantis_00A","NG_IMP",2041,155.121307072249
"Atlantis_00A","NG_IMP",2042,155.121307072249
"Atlantis_00A","NG_IMP",2043,155.121307072249
"Atlantis_00A","NG_IMP",2044,112.029183534847
"Atlantis_00A","NG_IMP",2045,109.345610888054
"Atlantis_00A","NG_IMP",2046,105.603076165144
"Atlantis_00A","NG_IMP",2047,105.603076165144
"Atlantis_00A","NG_IMP",2048,105.603076165144
"Atlantis_00A","NG_IMP",2049,105.603076165144
"Atlantis_00A","NG_IMP",2050,105.603076165144
"Atlantis_00A","NG_IMP",2051,103.962655179215
"Atlantis_00A","NG_IMP",2052,98.1919919253717
"Atlantis_00A","NG_IMP",2053,98.1919919253717
"Atlantis_00A","NG_IMP",2054,96.2201083221374
"Atlantis_00A","NG_IMP",2055,93.1835581804048
"Atlantis_00A","NG_IND",2014,31.94
"Atlantis_00A","NG_IND",2015,32.04
"Atlantis_00A","NG_IND",2016,33.4075127774402
"Atlantis_00A","NG_IND",2017,31.52
"Atlantis_00A","NG_IND",2018,31.44
"Atlantis_00A","NG_IND",2019,31.2115950063814
"Atlantis_00A","NG_IND",2020,27.3
"Atlantis_00A","NG_IND",2021,32.1943134277292
"Atlantis_00A","NG_IND",2022,33.4911813543086
"Atlantis_00A","NG_IND",2023,33.51
"Atlantis_00A","NG_IND",2024,34.15
"Atlantis_00A","NG_IND",2025,34.8
"Atlantis_00A","NG_IND",2026,34.8128897239962
"Atlantis_00A","NG_IND",2027,33.4228897239963
"Atlantis_00A","NG_IND",2028,31.7751765527555
"Atlantis_00A","NG_IND",2029,39.3782692299877
"Atlantis_00A","NG_IND",2030,51.6007757956272
"Atlantis_00A","NG_IND",2031,52.9
"Atlantis_00A","NG_IND",2032,51.906612209048
"Atlantis_00A","NG_IND",2033,23.6700000000001
"Atlantis_00A","NG_IND",2034,22.27
"Atlantis_00A","NG_IND",2035,20.88
"Atlantis_00A","NG_IND",2036,19.49
"Atlantis_00A","NG_IND",2037,18.1
"Atlantis_00A","NG_IND",2038,16.7
"Atlantis_00A","NG_IND",2039,17.0996065476562
"Atlantis_00A","NG_IND",2040,15.9085714285714
"Atlantis_00A","NG_IND",2041,13.1122880898807
"Atlantis_00A","NG_IND",2042,11.6867097703746
"Atlantis_00A","NG_IND",2043,10.0867097703746
"Atlantis_00A","NG_IND",2044,9.54285714285714
"Atlantis_00A","NG_IND",2045,7.95428571428571
"Atlantis_00A","NG_IND",2046,6.36571428571428
"Atlantis_00A","NG_IND",2047,4.17
"Atlantis_00A","NG_IND",2048,2.78
"Atlantis_00A","NG_IND",2049,1.39
"Atlantis_00A","NG_IND",2050,0
"Atlantis_00A","NG_IND",2051,0
"Atlantis_00A","NG_IND",2052,0
"Atlantis_00A","NG_IND",2053,0
"Atlantis_00A","NG_IND",2054,0
"Atlantis_00A","NG_IND",2055,0
"Atlantis_00A","NG_OTH",2014,0
"Atlantis_00A","NG_OTH",2015,0
"Atlantis_00A","NG_OTH",2016,0
"Atlantis_00A","NG_OTH",2017,0
"Atlantis_00A","NG_OTH",2018,0
"Atlantis_00A","NG_OTH",2019,0
"Atlantis_00A","NG_OTH",2020,0
"Atlantis_00A","NG_OTH",2021,0
"Atlantis_00A","NG_OTH",2022,0
"Atlantis_00A","NG_OTH",2023,0
"Atlantis_00A","NG_OTH",2024,0
"Atlantis_00A","NG_OTH",2025,0
"Atlantis_00A","NG_OTH",2026,0
"Atlantis_00A","NG_OTH",2027,0
"Atlantis_00A","NG_OTH",2028,0
"Atlantis_00A","NG_OTH",2029,0
"Atlantis_00A","NG_OTH",2030,0
"Atlantis_00A","NG_OTH",2031,0
"Atlantis_00A","NG_OTH",2032,0
"Atlantis_00A","NG_OTH",2033,0
"Atlantis_00A","NG_OTH",2034,0
"Atlantis_00A","NG_OTH",2035,0
"Atlantis_00A","NG_OTH",2036,0
"Atlantis_00A","NG_OTH",2037,0
"Atlantis_00A","NG_OTH",2038,0
"Atlantis_00A","NG_OTH",2039,0
"Atlantis_00A","NG_OTH",2040,0
"Atlantis_00A","NG_OTH",2041,0
"Atlantis_00A","NG_OTH",2042,0
"Atlantis_00A","NG_OTH",2043,0
"Atlantis_00A","NG_OTH",2044,0
"Atlantis_00A","NG_OTH",2045,0
"Atlantis_00A","NG_OTH",2046,0
"Atlantis_00A","NG_OTH",2047,0
"Atlantis_00A","NG_OTH",2048,0
"Atlantis_00A","NG_OTH",2049,0
"Atlantis_00A","NG_OTH",2050,0
"Atlantis_00A","NG_OTH",2051,0
"Atlantis_00A","NG_OTH",2052,0
"Atlantis_00A","NG_OTH",2053,0
"Atlantis_00A","NG_OTH",2054,0
"Atlantis_00A","NG_OTH",2055,0
"Atlantis_00A","NG_RES",2014,4.33692263038733
"Atlantis_00A","NG_RES",2015,4.99306508160945
"Atlantis_00A","NG_RES",2016,5.04
"Atlantis_00A","NG_RES",2017,5.9038048031642
"Atlantis_00A","NG_RES",2018,5.89711203219041
"Atlantis_00A","NG_RES",2019,6.71164096358868
"Atlantis_00A","NG_RES",2020,7.25
"Atlantis_00A","NG_RES",2021,6.95
"Atlantis_00A","NG_RES",2022,7.39
"Atlantis_00A","NG_RES",2023,8.39633944007819
"Atlantis_00A","NG_RES",2024,9.8951900678009
"Atlantis_00A","NG_RES",2025,10.1051900678009
"Atlantis_00A","NG_RES",2026,7.68
"Atlantis_00A","NG_RES",2027,7.36
"Atlantis_00A","NG_RES",2028,7.04
"Atlantis_00A","NG_RES",2029,8.96
"Atlantis_00A","NG_RES",2030,7.31428571428572
"Atlantis_00A","NG_RES",2031,6.10847891609542
"Atlantis_00A","NG_RES",2032,7.68
"Atlantis_00A","NG_RES",2033,5.44
"Atlantis_00A","NG_RES",2034,5.12
"Atlantis_00A","NG_RES",2035,4.81
"Atlantis_00A","NG_RES",2036,4.48
"Atlantis_00A","NG_RES",2037,4.16
"Atlantis_00A","NG_RES",2038,4.38857142857143
"Atlantis_00A","NG_RES",2039,4.02285714285714
"Atlantis_00A","NG_RES",2040,3.65714285714286
"Atlantis_00A","NG_RES",2041,3.29142857142857
"Atlantis_00A","NG_RES",2042,2.92571428571429
"Atlantis_00A","NG_RES",2043,2.56
"Atlantis_00A","NG_RES",2044,2.19428571428571
"Atlantis_00A","NG_RES",2045,1.82857142857143
"Atlantis_00A","NG_RES",2046,1.46285714285714
"Atlantis_00A","NG_RES",2047,0.96
"Atlantis_00A","NG_RES",2048,0.64
"Atlantis_00A","NG_RES",2049,0.32
"Atlantis_00A","NG_RES",2050,0
"Atlantis_00A","NG_RES",2051,0
"Atlantis_00A","NG_RES",2052,0
"Atlantis_00A","NG_RES",2053,0
"Atlantis_00A","NG_RES",2054,0
"Atlantis_00A","NG_RES",2055,0
"Atlantis_00A","NG_SER",2014,1.69
"Atlantis_00A","NG_SER",2015,1.78
"Atlantis_00A","NG_SER",2016,1.93
"Atlantis_00A","NG_SER",2017,2.05
"Atlantis_00A","NG_SER",2018,2.50285714285714
"Atlantis_00A","NG_SER",2019,2.57142857142857
"Atlantis_00A","NG_SER",2020,1.72999999999999
"Atlantis_00A","NG_SER",2021,2.94666666666667
"Atlantis_00A","NG_SER",2022,3.76
"Atlantis_00A","NG_SER",2023,3.75285938540803
"Atlantis_00A","NG_SER",2024,3.48
"Atlantis_00A","NG_SER",2025,3.79535527010585
"Atlantis_00A","NG_SER",2026,3.43
"Atlantis_00A","NG_SER",2027,3.3
"Atlantis_00A","NG_SER",2028,3.45608434948073
"Atlantis_00A","NG_SER",2029,3.42857142857143
"Atlantis_00A","NG_SER",2030,3.28
"Atlantis_00A","NG_SER",2031,2.72
"Atlantis_00A","NG_SER",2032,3.42666666666667
"Atlantis_00A","NG_SER",2033,2.44
"Atlantis_00A","NG_SER",2034,2.29
"Atlantis_00A","NG_SER",2035,2.14000000000001
"Atlantis_00A","NG_SER",2036,2.01
"Atlantis_00A","NG_SER",2037,1.86
"Atlantis_00A","NG_SER",2038,1.72
"Atlantis_00A","NG_SER",2039,1.79428571428571
"Atlantis_00A","NG_SER",2040,1.63428571428571
"Atlantis_00A","NG_SER",2041,1.47428571428571
"Atlantis_00A","NG_SER",2042,1.30285714285714
"Atlantis_00A","NG_SER",2043,1.14285714285714
"Atlantis_00A","NG_SER",2044,0.982857142857143
"Atlantis_00A","NG_SER",2045,0.811428571428571
"Atlantis_00A","NG_SER",2046,0.662857142857143
"Atlantis_00A","NG_SER",2047,0.43
"Atlantis_00A","NG_SER",2048,0.28
"Atlantis_00A","NG_SER",2049,0.15
"Atlantis_00A","NG_SER",2050,0
"Atlantis_00A","NG_SER",2051,0
"Atlantis_00A","NG_SER",2052,0
"Atlantis_00A","NG_SER",2053,0
"Atlantis_00A","NG_SER",2054,0
"Atlantis_00A","NG_SER",2055,0
"Atlantis_00A","NG_TRA",2014,24.1401260496987
"Atlantis_00A","NG_TRA",2015,24.6544476958307
"Atlantis_00A","NG_TRA",2016,24.66
"Atlantis_00A","NG_TRA",2017,26.1451874173855
"Atlantis_00A","NG_TRA",2018,27.8613517892688
"Atlantis_00A","NG_TRA",2019,27.67
"Atlantis_00A","NG_TRA",2020,18.43
"Atlantis_00A","NG_TRA",2021,24.48
"Atlantis_00A","NG_TRA",2022,25.9697987400872
"Atlantis_00A","NG_TRA",2023,26.3
"Atlantis_00A","NG_TRA",2024,27.0453552701058
"Atlantis_00A","NG_TRA",2025,27.36
"Atlantis_00A","NG_TRA",2026,27.5019291959254
"Atlantis_00A","NG_TRA",2027,26.4019291959254
"Atlantis_00A","NG_TRA",2028,25.2745514672854
"Atlantis_00A","NG_TRA",2029,30.6533333333333
"Atlantis_00A","NG_TRA",2030,38.5922799775161
"Atlantis_00A","NG_TRA",2031,38.6582577849205
"Atlantis_00A","NG_TRA",2032,37.1662655205937
"Atlantis_00A","NG_TRA",2033,18.6263968712049
"Atlantis_00A","NG_TRA",2034,17.51
"Atlantis_00A","NG_TRA",2035,16.42
"Atlantis_00A","NG_TRA",2036,15.32
"Atlantis_00A","NG_TRA",2037,14.23
"Atlantis_00A","NG_TRA",2038,13.8492263314573
"Atlantis_00A","NG_TRA",2039,13.76
"Atlantis_00A","NG_TRA",2040,12.5028571428571
"Atlantis_00A","NG_TRA",2041,11.2571428571429
"Atlantis_00A","NG_TRA",2042,10.0114285714286
"Atlantis_00A","NG_TRA",2043,8.75428571428571
"Atlantis_00A","NG_TRA",2044,7.50857142857143
"Atlantis_00A","NG_TRA",2045,6.25142857142857
"Atlantis_00A","NG_TRA",2046,5.00571428571428
"Atlantis_00A","NG_TRA",2047,3.28
"Atlantis_00A","NG_TRA",2048,2.19
"Atlantis_00A","NG_TRA",2049,1.09
"Atlantis_00A","NG_TRA",2050,0
"Atlantis_00A","NG_TRA",2051,0
"Atlantis_00A","NG_TRA",2052,0
"Atlantis_00A","NG_TRA",2053,0
"Atlantis_00A","NG_TRA",2054,0
"Atlantis_00A","NG_TRA",2055,0
"Atlantis_00A","NGCC",2014,1.3568
"Atlantis_00A","NGCC",2015,1.3568
"Atlantis_00A","NGCC",2016,1.3173
"Atlantis_00A","NGCC",2017,1.3173
"Atlantis_00A","NGCC",2018,1.2938
"Atlantis_00A","NGCC",2019,1.2938
"Atlantis_00A","NGCC",2020,1.2938
"Atlantis_00A","NGCC",2021,1.2728
"Atlantis_00A","NGCC",2022,1.2728
"Atlantis_00A","NGCC",2023,1.6513
"Atlantis_00A","NGCC",2024,1.6513
"Atlantis_00A","NGCC",2025,1.6513
"Atlantis_00A","NGCC",2026,1.6513
"Atlantis_00A","NGCC",2027,1.6513
"Atlantis_00A","NGCC",2028,1.6513
"Atlantis_00A","NGCC",2029,1.6513
"Atlantis_00A","NGCC",2030,1.6513
"Atlantis_00A","NGCC",2031,1.2263
"Atlantis_00A","NGCC",2032,1.2263
"Atlantis_00A","NGCC",2033,0.7773
"Atlantis_00A","NGCC",2034,0.7773
"Atlantis_00A","NGCC",2035,0.7773
"Atlantis_00A","NGCC",2036,0.7773
"Atlantis_00A","NGCC",2037,0.7773
"Atlantis_00A","NGCC",2038,0.7773
"Atlantis_00A","NGCC",2039,0.881683900140084
"Atlantis_00A","NGCC",2040,0.881683900140084
"Atlantis_00A","NGCC",2041,0.104383900140084
"Atlantis_00A","NGCC",2042,0.104383900140084
"Atlantis_00A","NGCC",2043,0.104383900140084
"Atlantis_00A","NGCC",2044,0.104383900140084
"Atlantis_00A","NGCC",2045,0.104383900140084
"Atlantis_00A","NGCC",2046,0.104383900140084
"Atlantis_00A","NGCC",2047,0.104383900140084
"Atlantis_00A","NGCC",2048,0.104383900140084
"Atlantis_00A","NGCC",2049,0.104383900140084
"Atlantis_00A","NGCC",2050,0.104383900140084
"Atlantis_00A","NGCC",2051,0.104383900140084
"Atlantis_00A","NGCC",2052,0.104383900140084
"Atlantis_00A","NGCC",2053,0.104383900140084
"Atlantis_00A","NGCC",2054,0.104383900140084
"Atlantis_00A","NGCC",2055,0.104383900140084
"Atlantis_00A","NGSC",2014,0.383
"Atlantis_00A","NGSC",2015,0.383
"Atlantis_00A","NGSC",2016,0.383
"Atlantis_00A","NGSC",2017,0.383
"Atlantis_00A","NGSC",2018,0.383
"Atlantis_00A","NGSC",2019,0.383
"Atlantis_00A","NGSC",2020,0.383
"Atlantis_00A","NGSC",2021,0.383
"Atlantis_00A","NGSC",2022,0.383
"Atlantis_00A","NGSC",2023,0.802
"Atlantis_00A","NGSC",2024,0.802
"Atlantis_00A","NGSC",2025,0.802
"Atlantis_00A","NGSC",2026,0.802
"Atlantis_00A","NGSC",2027,0.802
"Atlantis_00A","NGSC",2028,0.802
"Atlantis_00A","NGSC",2029,0.802
"Atlantis_00A","NGSC",2030,1.0670314448643
"Atlantis_00A","NGSC",2031,1.34912493955689
"Atlantis_00A","NGSC",2032,1.34912493955689
"Atlantis_00A","NGSC",2033,0.82157129097949
"Atlantis_00A","NGSC",2034,0.82157129097949
"Atlantis_00A","NGSC",2035,0.82157129097949
"Atlantis_00A","NGSC",2036,0.82157129097949
"Atlantis_00A","NGSC",2037,1.31673912430988
"Atlantis_00A","NGSC",2038,1.78155796140388
"Atlantis_00A","NGSC",2039,2.06027458113662
"Atlantis_00A","NGSC",2040,2.06027458113662
"Atlantis_00A","NGSC",2041,2.06027458113662
"Atlantis_00A","NGSC",2042,2.06027458113662
"Atlantis_00A","NGSC",2043,2.06027458113662
"Atlantis_00A","NGSC",2044,2.06027458113662
"Atlantis_00A","NGSC",2045,2.06027458113662
"Atlantis_00A","NGSC",2046,2.06027458113662
"Atlantis_00A","NGSC",2047,2.06027458113662
"Atlantis_00A","NGSC",2048,2.06027458113662
"Atlantis_00A","NGSC",2049,2.08153016191896
"Atlantis_00A","NGSC",2050,2.28478857092313
"Atlantis_00A","NGSC",2051,2.45636564014461
"Atlantis_00A","NGSC",2052,2.60170582641866
"Atlantis_00A","NGSC",2053,2.71597391419466
"Atlantis_00A","NGSC",2054,2.88637311781855
"Atlantis_00A","NGSC",2055,3.04150467813973
"Atlantis_00A","PV_ROF",2014,0
"Atlantis_00A","PV_ROF",2015,0
"Atlantis_00A","PV_ROF",2016,0
"Atlantis_00A","PV_ROF",2017,0
"Atlantis_00A","PV_ROF",2018,0
"Atlantis_00A","PV_ROF",2019,0
"Atlantis_00A","PV_ROF",2020,0
"Atlantis_00A","PV_ROF",2021,0
"Atlantis_00A","PV_ROF",2022,0
"Atlantis_00A","PV_ROF",2023,0
"Atlantis_00A","PV_ROF",2024,0
"Atlantis_00A","PV_ROF",2025,0
"Atlantis_00A","PV_ROF",2026,0
"Atlantis_00A","PV_ROF",2027,0
"Atlantis_00A","PV_ROF",2028,0
"Atlantis_00A","PV_ROF",2029,0
"Atlantis_00A","PV_ROF",2030,0
"Atlantis_00A","PV_ROF",2031,0
"Atlantis_00A","PV_ROF",2032,0
"Atlantis_00A","PV_ROF",2033,0
"Atlantis_00A","PV_ROF",2034,0
"Atlantis_00A","PV_ROF",2035,0
"Atlantis_00A","PV_ROF",2036,0
"Atlantis_00A","PV_ROF",2037,0
"Atlantis_00A","PV_ROF",2038,0
"Atlantis_00A","PV_ROF",2039,0
"Atlantis_00A","PV_ROF",2040,0
"Atlantis_00A","PV_ROF",2041,0
"Atlantis_00A","PV_ROF",2042,0
"Atlantis_00A","PV_ROF",2043,0
"Atlantis_00A","PV_ROF",2044,0
"Atlantis_00A","PV_ROF",2045,0
"Atlantis_00A","PV_ROF",2046,0
"Atlantis_00A","PV_ROF",2047,0
"Atlantis_00A","PV_ROF",2048,0
"Atlantis_00A","PV_ROF",2049,0
"Atlantis_00A","PV_ROF",2050,0
"Atlantis_00A","PV_ROF",2051,0
"Atlantis_00A","PV_ROF",2052,0
"Atlantis_00A","PV_ROF",2053,0
"Atlantis_00A","PV_ROF",2054,0
"Atlantis_00A","PV_ROF",2055,0
"Atlantis_00A","PV_UTL",2014,0
"Atlantis_00A","PV_UTL",2015,0.013
"Atlantis_00A","PV_UTL",2016,0.013
"Atlantis_00A","PV_UTL",2017,0.013
"Atlantis_00A","PV_UTL",2018,0.013
"Atlantis_00A","PV_UTL",2019,0.013
"Atlantis_00A","PV_UTL",2020,0.013
"Atlantis_00A","PV_UTL",2021,0.013
"Atlantis_00A","PV_UTL",2022,0.013
"Atlantis_00A","PV_UTL",2023,0.16672
"Atlantis_00A","PV_UTL",2024,0.16672
"Atlantis_00A","PV_UTL",2025,0.16672
"Atlantis_00A","PV_UTL",2026,0.16672
"Atlantis_00A","PV_UTL",2027,0.16672
"Atlantis_00A","PV_UTL",2028,0.16672
"Atlantis_00A","PV_UTL",2029,1.22399457403462
"Atlantis_00A","PV_UTL",2030,2.4526086896137
"Atlantis_00A","PV_UTL",2031,2.57104969863893
"Atlantis_00A","PV_UTL",2032,2.95660788315274
"Atlantis_00A","PV_UTL",2033,2.95660788315274
"Atlantis_00A","PV_UTL",2034,3.36505634292316
"Atlantis_00A","PV_UTL",2035,3.45860210931316
"Atlantis_00A","PV_UTL",2036,3.29188210931316
"Atlantis_00A","PV_UTL",2037,3.29188210931316
"Atlantis_00A","PV_UTL",2038,3.29188210931316
"Atlantis_00A","PV_UTL",2039,3.29188210931316
"Atlantis_00A","PV_UTL",2040,3.29188210931316
"Atlantis_00A","PV_UTL",2041,3.29188210931316
"Atlantis_00A","PV_UTL",2042,3.29188210931316
"Atlantis_00A","PV_UTL",2043,3.29188210931316
"Atlantis_00A","PV_UTL",2044,3.29188210931316
"Atlantis_00A","PV_UTL",2045,3.29188210931316
"Atlantis_00A","PV_UTL",2046,3.29188210931316
"Atlantis_00A","PV_UTL",2047,3.29188210931316
"Atlantis_00A","PV_UTL",2048,3.29188210931316
"Atlantis_00A","PV_UTL",2049,3.29188210931316
"Atlantis_00A","PV_UTL",2050,3.29188210931316
"Atlantis_00A","PV_UTL",2051,3.29188210931316
"Atlantis_00A","PV_UTL",2052,3.29188210931316
"Atlantis_00A","PV_UTL",2053,3.29188210931316
"Atlantis_00A","PV_UTL",2054,2.89022980910623
"Atlantis_00A","PV_UTL",2055,2.67272781046939
"Atlantis_00A","TRANS",2014,28.8772628676628
"Atlantis_00A","TRANS",2015,29.7515203394196
"Atlantis_00A","TRANS",2016,30.9898552247993
"Atlantis_00A","TRANS",2017,31.6405057577955
"Atlantis_00A","TRANS",2018,31.9238535705518
"Atlantis_00A","TRANS",2019,32.7948857356918
"Atlantis_00A","TRANS",2020,31.6090226674892
"Atlantis_00A","TRANS",2021,35.1771062355325
"Atlantis_00A","TRANS",2022,36.1635763984621
"Atlantis_00A","TRANS",2023,37.0136198367312
"Atlantis_00A","TRANS",2024,37.8741576384358
"Atlantis_00A","TRANS",2025,38.7556841670111
"Atlantis_00A","TRANS",2026,45.7764133053081
"Atlantis_00A","TRANS",2027,53.4477929766011
"Atlantis_00A","TRANS",2028,61.8327893615028
"Atlantis_00A","TRANS",2029,71.078323548109
"Atlantis_00A","TRANS",2030,81.2788448073386
"Atlantis_00A","TRANS",2031,92.5288024101103
"Atlantis_00A","TRANS",2032,104.72325272207
"Atlantis_00A","TRANS",2033,117.736263381992
"Atlantis_00A","TRANS",2034,131.326464030863
"Atlantis_00A","TRANS",2035,145.084574494701
"Atlantis_00A","TRANS",2036,158.643292053265
"Atlantis_00A","TRANS",2037,171.656302713187
"Atlantis_00A","TRANS",2038,183.871741752018
"Atlantis_00A","TRANS",2039,195.100710627919
"Atlantis_00A","TRANS",2040,205.301231887148
"Atlantis_00A","TRANS",2041,214.567754800626
"Atlantis_00A","TRANS",2042,222.973739912398
"Atlantis_00A","TRANS",2043,230.613636493385
"Atlantis_00A","TRANS",2044,237.623871268246
"Atlantis_00A","TRANS",2045,244.19334277882
"Atlantis_00A","TRANS",2046,250.364028478848
"Atlantis_00A","TRANS",2047,256.219883275813
"Atlantis_00A","TRANS",2048,261.855356440634
"Atlantis_00A","TRANS",2049,267.322919790489
"Atlantis_00A","TRANS",2050,272.664550779118
"Atlantis_00A","TRANS",2051,277.890743769958
"Atlantis_00A","TRANS",2052,283.053970580185
"Atlantis_00A","TRANS",2053,288.1542312098
"Atlantis_00A","TRANS",2054,293.223008749109
"Atlantis_00A","TRANS",2055,298.312775015288
"Atlantis_00A","WIND",2014,0.003
"Atlantis_00A","WIND",2015,0.003
"Atlantis_00A","WIND",2016,0.003
"Atlantis_00A","WIND",2017,0.003
"Atlantis_00A","WIND",2018,0.003
"Atlantis_00A","WIND",2019,0.003
"Atlantis_00A","WIND",2020,0.003
"Atlantis_00A","WIND",2021,0.003
"Atlantis_00A","WIND",2022,0.003
"Atlantis_00A","WIND",2023,0.1314
"Atlantis_00A","WIND",2024,0.1314
"Atlantis_00A","WIND",2025,0.1314
"Atlantis_00A","WIND",2026,0.1314
"Atlantis_00A","WIND",2027,0.1314
"Atlantis_00A","WIND",2028,0.1314
"Atlantis_00A","WIND",2029,0.1314
"Atlantis_00A","WIND",2030,0.1314
"Atlantis_00A","WIND",2031,0.1314
"Atlantis_00A","WIND",2032,0.1314
"Atlantis_00A","WIND",2033,1.80179391831525
"Atlantis_00A","WIND",2034,5.77917994606193
"Atlantis_00A","WIND",2035,6.60332222574917
"Atlantis_00A","WIND",2036,6.60332222574917
"Atlantis_00A","WIND",2037,6.60332222574917
"Atlantis_00A","WIND",2038,6.60332222574917
"Atlantis_00A","WIND",2039,6.60332222574917
"Atlantis_00A","WIND",2040,6.60332222574917
"Atlantis_00A","WIND",2041,6.47492222574917
"Atlantis_00A","WIND",2042,6.47492222574917
"Atlantis_00A","WIND",2043,7.10714526217226
"Atlantis_00A","WIND",2044,8.23619293079829
"Atlantis_00A","WIND",2045,9.67714819796289
"Atlantis_00A","WIND",2046,11.0815550353723
"Atlantis_00A","WIND",2047,12.4613398431222
"Atlantis_00A","WIND",2048,13.8674086359353
"Atlantis_00A","WIND",2049,15.7353563858952
"Atlantis_00A","WIND",2050,15.7353563858952
"Atlantis_00A","WIND",2051,16.0196436049588
"Atlantis_00A","WIND",2052,16.5510590875564
"Atlantis_00A","WIND",2053,17.0929534215385
"Atlantis_00A","WIND",2054,17.7193722621079
"Atlantis_00A","WIND",2055,18.3223038120913
