r,t,y,NewCapacity
"Atlantis_00A","BM_IMP",2014,38.37976144
"Atlantis_00A","BM_IMP",2015,36.39976144
"Atlantis_00A","BM_IMP",2016,38.30976144
"Atlantis_00A","BM_IMP",2017,40.29976144
"Atlantis_00A","BM_IMP",2018,40.02976144
"Atlantis_00A","BM_IMP",2019,34.59976144
"Atlantis_00A","BM_IMP",2020,38.03976144
"Atlantis_00A","BM_IMP",2021,30.33976144
"Atlantis_00A","BM_IMP",2022,31.30976144
"Atlantis_00A","BM_IMP",2023,30.56399690592
"Atlantis_00A","BM_IMP",2024,31.1807320332
"Atlantis_00A","BM_IMP",2025,31.4707320332
"Atlantis_00A","BM_IMP",2026,31.7607320332
"Atlantis_00A","BM_IMP",2027,32.0607320332
"Atlantis_00A","BM_IMP",2028,31.3526789972
"Atlantis_00A","BM_IMP",2029,31.6626789972
"Atlantis_00A","BM_IMP",2030,31.8726789972
"Atlantis_00A","BM_IMP",2031,31.8726789972
"Atlantis_00A","BM_IMP",2032,31.8826789972
"Atlantis_00A","BM_IMP",2033,31.8826789972
"Atlantis_00A","BM_IMP",2034,31.8826789972
"Atlantis_00A","BM_IMP",2035,31.8926789972
"Atlantis_00A","BM_IMP",2036,27.19
"Atlantis_00A","BM_IMP",2037,27.66
"Atlantis_00A","BM_IMP",2038,28.15
"Atlantis_00A","BM_IMP",2039,28.65
"Atlantis_00A","BM_IMP",2040,29.08
"Atlantis_00A","BM_IMP",2041,29.25
"Atlantis_00A","BM_IMP",2042,29.43
"Atlantis_00A","BM_IMP",2043,29.6
"Atlantis_00A","BM_IMP",2044,29.78
"Atlantis_00A","BM_IMP",2045,29.96
"Atlantis_00A","BM_IMP",2046,30.14
"Atlantis_00A","BM_IMP",2047,30.32
"Atlantis_00A","BM_IMP",2048,30.52
"Atlantis_00A","BM_IMP",2049,30.71
"Atlantis_00A","BM_IMP",2050,30.82
"Atlantis_00A","BM_IMP",2051,31.01
"Atlantis_00A","BM_IMP",2052,31.2
"Atlantis_00A","BM_IMP",2053,31.4
"Atlantis_00A","BM_IMP",2054,31.59
"Atlantis_00A","BM_IMP",2055,31.79
"Atlantis_00A","BM_IND",2014,25.65
"Atlantis_00A","BM_IND",2015,24.75
"Atlantis_00A","BM_IND",2016,26.64
"Atlantis_00A","BM_IND",2017,29.05528944
"Atlantis_00A","BM_IND",2018,28.6
"Atlantis_00A","BM_IND",2019,24.51
"Atlantis_00A","BM_IND",2020,27.22
"Atlantis_00A","BM_IND",2021,20.62
"Atlantis_00A","BM_IND",2022,21.79528944
"Atlantis_00A","BM_IND",2023,22.00517640992
"Atlantis_00A","BM_IND",2024,22.1533401086286
"Atlantis_00A","BM_IND",2025,22.3747686800571
"Atlantis_00A","BM_IND",2026,23.0319115372
"Atlantis_00A","BM_IND",2027,22.84
"Atlantis_00A","BM_IND",2028,23.08
"Atlantis_00A","BM_IND",2029,23.33
"Atlantis_00A","BM_IND",2030,23.8708845812
"Atlantis_00A","BM_IND",2031,23.51
"Atlantis_00A","BM_IND",2032,23.51
"Atlantis_00A","BM_IND",2033,23.51
"Atlantis_00A","BM_IND",2034,23.51
"Atlantis_00A","BM_IND",2035,23.51
"Atlantis_00A","BM_IND",2036,23.97
"Atlantis_00A","BM_IND",2037,24.43
"Atlantis_00A","BM_IND",2038,24.91
"Atlantis_00A","BM_IND",2039,25.4
"Atlantis_00A","BM_IND",2040,25.81
"Atlantis_00A","BM_IND",2041,26
"Atlantis_00A","BM_IND",2042,26.2
"Atlantis_00A","BM_IND",2043,26.39
"Atlantis_00A","BM_IND",2044,26.59
"Atlantis_00A","BM_IND",2045,26.79
"Atlantis_00A","BM_IND",2046,26.99
"Atlantis_00A","BM_IND",2047,27.19
"Atlantis_00A","BM_IND",2048,27.4
"Atlantis_00A","BM_IND",2049,27.61
"Atlantis_00A","BM_IND",2050,27.75
"Atlantis_00A","BM_IND",2051,27.95
"Atlantis_00A","BM_IND",2052,28.16
"Atlantis_00A","BM_IND",2053,28.38
"Atlantis_00A","BM_IND",2054,28.59
"Atlantis_00A","BM_IND",2055,28.81
"Atlantis_00A","BM_RES",2014,5.96528944
"Atlantis_00A","BM_RES",2015,4.88528944
"Atlantis_00A","BM_RES",2016,4.90528944
"Atlantis_00A","BM_RES",2017,4.48
"Atlantis_00A","BM_RES",2018,4.66528944
"Atlantis_00A","BM_RES",2019,3.32528944
"Atlantis_00A","BM_RES",2020,4.05528943999999
"Atlantis_00A","BM_RES",2021,2.95528943999999
"Atlantis_00A","BM_RES",2022,2.75
"Atlantis_00A","BM_RES",2023,2.79999999999999
"Atlantis_00A","BM_RES",2024,3.26857142857144
"Atlantis_00A","BM_RES",2025,3.33714285714285
"Atlantis_00A","BM_RES",2026,2.97
"Atlantis_00A","BM_RES",2027,3.4619115372
"Atlantis_00A","BM_RES",2028,3.4608845812
"Atlantis_00A","BM_RES",2029,3.52088458119999
"Atlantis_00A","BM_RES",2030,3.19
"Atlantis_00A","BM_RES",2031,3.5508845812
"Atlantis_00A","BM_RES",2032,3.56088458120001
"Atlantis_00A","BM_RES",2033,3.5608845812
"Atlantis_00A","BM_RES",2034,3.5608845812
"Atlantis_00A","BM_RES",2035,3.5708845812
"Atlantis_00A","BM_RES",2036,3.22
"Atlantis_00A","BM_RES",2037,3.23
"Atlantis_00A","BM_RES",2038,3.24
"Atlantis_00A","BM_RES",2039,3.25
"Atlantis_00A","BM_RES",2040,3.27
"Atlantis_00A","BM_RES",2041,3.25
"Atlantis_00A","BM_RES",2042,3.23
"Atlantis_00A","BM_RES",2043,3.21
"Atlantis_00A","BM_RES",2044,3.19
"Atlantis_00A","BM_RES",2045,3.17
"Atlantis_00A","BM_RES",2046,3.15
"Atlantis_00A","BM_RES",2047,3.13
"Atlantis_00A","BM_RES",2048,3.12
"Atlantis_00A","BM_RES",2049,3.1
"Atlantis_00A","BM_RES",2050,3.07
"Atlantis_00A","BM_RES",2051,3.06
"Atlantis_00A","BM_RES",2052,3.04
"Atlantis_00A","BM_RES",2053,3.02
"Atlantis_00A","BM_RES",2054,3
"Atlantis_00A","BM_RES",2055,2.98
"Atlantis_00A","BM_SC",2014,0
"Atlantis_00A","BM_SC",2015,0
"Atlantis_00A","BM_SC",2016,0
"Atlantis_00A","BM_SC",2017,0
"Atlantis_00A","BM_SC",2018,0
"Atlantis_00A","BM_SC",2019,0
"Atlantis_00A","BM_SC",2020,0
"Atlantis_00A","BM_SC",2021,0
"Atlantis_00A","BM_SC",2022,0
"Atlantis_00A","BM_SC",2023,0
"Atlantis_00A","BM_SC",2024,0
"Atlantis_00A","BM_SC",2025,0
"Atlantis_00A","BM_SC",2026,0
"Atlantis_00A","BM_SC",2027,0
"Atlantis_00A","BM_SC",2028,0
"Atlantis_00A","BM_SC",2029,0
"Atlantis_00A","BM_SC",2030,0
"Atlantis_00A","BM_SC",2031,0
"Atlantis_00A","BM_SC",2032,0
"Atlantis_00A","BM_SC",2033,0
"Atlantis_00A","BM_SC",2034,0
"Atlantis_00A","BM_SC",2035,0
"Atlantis_00A","BM_SC",2036,0
"Atlantis_00A","BM_SC",2037,0
"Atlantis_00A","BM_SC",2038,0
"Atlantis_00A","BM_SC",2039,0
"Atlantis_00A","BM_SC",2040,0
"Atlantis_00A","BM_SC",2041,0
"Atlantis_00A","BM_SC",2042,0
"Atlantis_00A","BM_SC",2043,0
"Atlantis_00A","BM_SC",2044,0
"Atlantis_00A","BM_SC",2045,0
"Atlantis_00A","BM_SC",2046,0
"Atlantis_00A","BM_SC",2047,0
"Atlantis_00A","BM_SC",2048,0
"Atlantis_00A","BM_SC",2049,0
"Atlantis_00A","BM_SC",2050,0
"Atlantis_00A","BM_SC",2051,0
"Atlantis_00A","BM_SC",2052,0
"Atlantis_00A","BM_SC",2053,0
"Atlantis_00A","BM_SC",2054,0
"Atlantis_00A","BM_SC",2055,0
"Atlantis_00A","CONS_BM",2014,31.61528944
"Atlantis_00A","CONS_BM",2015,29.63528944
"Atlantis_00A","CONS_BM",2016,31.54528944
"Atlantis_00A","CONS_BM",2017,33.53528944
"Atlantis_00A","CONS_BM",2018,33.26528944
"Atlantis_00A","CONS_BM",2019,27.83528944
"Atlantis_00A","CONS_BM",2020,31.27528944
"Atlantis_00A","CONS_BM",2021,23.57528944
"Atlantis_00A","CONS_BM",2022,24.54528944
"Atlantis_00A","CONS_BM",2023,24.80517640992
"Atlantis_00A","CONS_BM",2024,25.4219115372
"Atlantis_00A","CONS_BM",2025,25.7119115372
"Atlantis_00A","CONS_BM",2026,26.0019115372
"Atlantis_00A","CONS_BM",2027,26.3019115372
"Atlantis_00A","CONS_BM",2028,26.5408845812
"Atlantis_00A","CONS_BM",2029,26.8508845812
"Atlantis_00A","CONS_BM",2030,27.0608845812
"Atlantis_00A","CONS_BM",2031,27.0608845812
"Atlantis_00A","CONS_BM",2032,27.0708845812
"Atlantis_00A","CONS_BM",2033,27.0708845812
"Atlantis_00A","CONS_BM",2034,27.0708845812
"Atlantis_00A","CONS_BM",2035,27.0808845812
"Atlantis_00A","CONS_BM",2036,27.19
"Atlantis_00A","CONS_BM",2037,27.66
"Atlantis_00A","CONS_BM",2038,28.15
"Atlantis_00A","CONS_BM",2039,28.65
"Atlantis_00A","CONS_BM",2040,29.08
"Atlantis_00A","CONS_BM",2041,29.25
"Atlantis_00A","CONS_BM",2042,29.43
"Atlantis_00A","CONS_BM",2043,29.6
"Atlantis_00A","CONS_BM",2044,29.78
"Atlantis_00A","CONS_BM",2045,29.96
"Atlantis_00A","CONS_BM",2046,30.14
"Atlantis_00A","CONS_BM",2047,30.32
"Atlantis_00A","CONS_BM",2048,30.52
"Atlantis_00A","CONS_BM",2049,30.71
"Atlantis_00A","CONS_BM",2050,30.82
"Atlantis_00A","CONS_BM",2051,31.01
"Atlantis_00A","CONS_BM",2052,31.2
"Atlantis_00A","CONS_BM",2053,31.4
"Atlantis_00A","CONS_BM",2054,31.59
"Atlantis_00A","CONS_BM",2055,31.79
"Atlantis_00A","CONS_DS",2014,59.9
"Atlantis_00A","CONS_DS",2015,60.73
"Atlantis_00A","CONS_DS",2016,62.12
"Atlantis_00A","CONS_DS",2017,67.72
"Atlantis_00A","CONS_DS",2018,69.55
"Atlantis_00A","CONS_DS",2019,69.54
"Atlantis_00A","CONS_DS",2020,60.58
"Atlantis_00A","CONS_DS",2021,71.82
"Atlantis_00A","CONS_DS",2022,74.86
"Atlantis_00A","CONS_DS",2023,77.94
"Atlantis_00A","CONS_DS",2024,81.33
"Atlantis_00A","CONS_DS",2025,85.14
"Atlantis_00A","CONS_DS",2026,89.26
"Atlantis_00A","CONS_DS",2027,92.61
"Atlantis_00A","CONS_DS",2028,93.1299999999999
"Atlantis_00A","CONS_DS",2029,95.74
"Atlantis_00A","CONS_DS",2030,98.14
"Atlantis_00A","CONS_DS",2031,100.07
"Atlantis_00A","CONS_DS",2032,102.3
"Atlantis_00A","CONS_DS",2033,104.62
"Atlantis_00A","CONS_DS",2034,107.17
"Atlantis_00A","CONS_DS",2035,110.09
"Atlantis_00A","CONS_DS",2036,112.86
"Atlantis_00A","CONS_DS",2037,115.63
"Atlantis_00A","CONS_DS",2038,118.68
"Atlantis_00A","CONS_DS",2039,121.78
"Atlantis_00A","CONS_DS",2040,124.87
"Atlantis_00A","CONS_DS",2041,126.72
"Atlantis_00A","CONS_DS",2042,129.12
"Atlantis_00A","CONS_DS",2043,131.5
"Atlantis_00A","CONS_DS",2044,133.87
"Atlantis_00A","CONS_DS",2045,136.26
"Atlantis_00A","CONS_DS",2046,138.75
"Atlantis_00A","CONS_DS",2047,141.39
"Atlantis_00A","CONS_DS",2048,144.19
"Atlantis_00A","CONS_DS",2049,146.83
"Atlantis_00A","CONS_DS",2050,149.48
"Atlantis_00A","CONS_DS",2051,152.02
"Atlantis_00A","CONS_DS",2052,154.49
"Atlantis_00A","CONS_DS",2053,209.2
"Atlantis_00A","CONS_DS",2054,254.784
"Atlantis_00A","CONS_DS",2055,258.4
"Atlantis_00A","CONS_HF",2014,132.35
"Atlantis_00A","CONS_HF",2015,137.22
"Atlantis_00A","CONS_HF",2016,143.31
"Atlantis_00A","CONS_HF",2017,151.16
"Atlantis_00A","CONS_HF",2018,155.86
"Atlantis_00A","CONS_HF",2019,158.99
"Atlantis_00A","CONS_HF",2020,132.31
"Atlantis_00A","CONS_HF",2021,163.81
"Atlantis_00A","CONS_HF",2022,176.39
"Atlantis_00A","CONS_HF",2023,178.15
"Atlantis_00A","CONS_HF",2024,179.92
"Atlantis_00A","CONS_HF",2025,181.74
"Atlantis_00A","CONS_HF",2026,183.58
"Atlantis_00A","CONS_HF",2027,185.46
"Atlantis_00A","CONS_HF",2028,187.37
"Atlantis_00A","CONS_HF",2029,189.32
"Atlantis_00A","CONS_HF",2030,190.43
"Atlantis_00A","CONS_HF",2031,192.88
"Atlantis_00A","CONS_HF",2032,195.39
"Atlantis_00A","CONS_HF",2033,197.94
"Atlantis_00A","CONS_HF",2034,200.54
"Atlantis_00A","CONS_HF",2035,202.71
"Atlantis_00A","CONS_HF",2036,204.52
"Atlantis_00A","CONS_HF",2037,206.37
"Atlantis_00A","CONS_HF",2038,208.23
"Atlantis_00A","CONS_HF",2039,210.13
"Atlantis_00A","CONS_HF",2040,211.8
"Atlantis_00A","CONS_HF",2041,212.4
"Atlantis_00A","CONS_HF",2042,213.02
"Atlantis_00A","CONS_HF",2043,213.62
"Atlantis_00A","CONS_HF",2044,214.25
"Atlantis_00A","CONS_HF",2045,214.87
"Atlantis_00A","CONS_HF",2046,215.48
"Atlantis_00A","CONS_HF",2047,216.1
"Atlantis_00A","CONS_HF",2048,216.73
"Atlantis_00A","CONS_HF",2049,217.36
"Atlantis_00A","CONS_HF",2050,217.86
"Atlantis_00A","CONS_HF",2051,218.49
"Atlantis_00A","CONS_HF",2052,250.434285714286
"Atlantis_00A","CONS_HF",2053,293.026666666667
"Atlantis_00A","CONS_HF",2054,293.893333333333
"Atlantis_00A","CONS_HF",2055,294.76
"Atlantis_00A","CONS_NG",2014,62.107048680086
"Atlantis_00A","CONS_NG",2015,63.4675127774402
"Atlantis_00A","CONS_NG",2016,65.0375127774402
"Atlantis_00A","CONS_NG",2017,65.6189922205497
"Atlantis_00A","CONS_NG",2018,67.7013209643164
"Atlantis_00A","CONS_NG",2019,68.1646645413987
"Atlantis_00A","CONS_NG",2020,54.71
"Atlantis_00A","CONS_NG",2021,66.5709800943959
"Atlantis_00A","CONS_NG",2022,70.6109800943959
"Atlantis_00A","CONS_NG",2023,71.9591988254861
"Atlantis_00A","CONS_NG",2024,74.5705453379068
"Atlantis_00A","CONS_NG",2025,76.0605453379068
"Atlantis_00A","CONS_NG",2026,77.8848189199215
"Atlantis_00A","CONS_NG",2027,79.4348189199216
"Atlantis_00A","CONS_NG",2028,85.0712272353148
"Atlantis_00A","CONS_NG",2029,90.4513093548509
"Atlantis_00A","CONS_NG",2030,83.2146282068353
"Atlantis_00A","CONS_NG",2031,85.5758576835377
"Atlantis_00A","CONS_NG",2032,87.9226967041667
"Atlantis_00A","CONS_NG",2033,86.6592322857413
"Atlantis_00A","CONS_NG",2034,88.8428000585497
"Atlantis_00A","CONS_NG",2035,90.9163740240151
"Atlantis_00A","CONS_NG",2036,100.739766638743
"Atlantis_00A","CONS_NG",2037,103.467637465703
"Atlantis_00A","CONS_NG",2038,106.232420049622
"Atlantis_00A","CONS_NG",2039,108.581986500411
"Atlantis_00A","CONS_NG",2040,103.117083961396
"Atlantis_00A","CONS_NG",2041,103.244865692634
"Atlantis_00A","CONS_NG",2042,103.778248369913
"Atlantis_00A","CONS_NG",2043,104.302241131751
"Atlantis_00A","CONS_NG",2044,114.416064877737
"Atlantis_00A","CONS_NG",2045,114.620078716269
"Atlantis_00A","CONS_NG",2046,114.79939759708
"Atlantis_00A","CONS_NG",2047,115.041743902769
"Atlantis_00A","CONS_NG",2048,115.231759178863
"Atlantis_00A","CONS_NG",2049,115.436738713273
"Atlantis_00A","CONS_NG",2050,116.316145158794
"Atlantis_00A","CONS_NG",2051,116.826772395766
"Atlantis_00A","CONS_NG",2052,116.854953337539
"Atlantis_00A","CONS_NG",2053,112.338855824005
"Atlantis_00A","CONS_NG",2054,114.883069734304
"Atlantis_00A","CONS_NG",2055,115.335278495145
"Atlantis_00A","DIST_IND",2014,7.50310045473336
"Atlantis_00A","DIST_IND",2015,7.85448532451426
"Atlantis_00A","DIST_IND",2016,7.93716411740389
"Atlantis_00A","DIST_IND",2017,8.00950806118231
"Atlantis_00A","DIST_IND",2018,7.69946258784622
"Atlantis_00A","DIST_IND",2019,8.00950806118231
"Atlantis_00A","DIST_IND",2020,6.90367920628359
"Atlantis_00A","DIST_IND",2021,8.17486564696156
"Atlantis_00A","DIST_IND",2022,8.35055808185201
"Atlantis_00A","DIST_IND",2023,8.52625051674246
"Atlantis_00A","DIST_IND",2024,8.6916081025217
"Atlantis_00A","DIST_IND",2025,8.86730053741215
"Atlantis_00A","DIST_IND",2026,9.04299297230261
"Atlantis_00A","DIST_IND",2027,9.22902025630426
"Atlantis_00A","DIST_IND",2028,9.41504754030591
"Atlantis_00A","DIST_IND",2029,9.60107482430756
"Atlantis_00A","DIST_IND",2030,9.69408846630839
"Atlantis_00A","DIST_IND",2031,9.82844150475403
"Atlantis_00A","DIST_IND",2032,9.97312939231087
"Atlantis_00A","DIST_IND",2033,10.1178172798677
"Atlantis_00A","DIST_IND",2034,10.2521703183134
"Atlantis_00A","DIST_IND",2035,10.3761885076478
"Atlantis_00A","DIST_IND",2036,13.7350144687888
"Atlantis_00A","DIST_IND",2037,13.9623811492352
"Atlantis_00A","DIST_IND",2038,14.1897478296817
"Atlantis_00A","DIST_IND",2039,14.4274493592394
"Atlantis_00A","DIST_IND",2040,11.1099627945432
"Atlantis_00A","DIST_IND",2041,11.2443158329888
"Atlantis_00A","DIST_IND",2042,11.3890037205457
"Atlantis_00A","DIST_IND",2043,11.5233567589913
"Atlantis_00A","DIST_IND",2044,11.6680446465482
"Atlantis_00A","DIST_IND",2045,11.812732534105
"Atlantis_00A","DIST_IND",2046,11.9574204216618
"Atlantis_00A","DIST_IND",2047,12.1021083092187
"Atlantis_00A","DIST_IND",2048,12.2467961967755
"Atlantis_00A","DIST_IND",2049,12.4018189334436
"Atlantis_00A","DIST_IND",2050,12.474162877222
"Atlantis_00A","DIST_IND",2051,12.62918561389
"Atlantis_00A","DIST_IND",2052,12.7842083505581
"Atlantis_00A","DIST_IND",2053,12.9392310872261
"Atlantis_00A","DIST_IND",2054,13.0942538238942
"Atlantis_00A","DIST_IND",2055,13.2596114096734
"Atlantis_00A","DIST_OTH",2014,3.05911533691608
"Atlantis_00A","DIST_OTH",2015,3.25547747002894
"Atlantis_00A","DIST_OTH",2016,3.35882596114097
"Atlantis_00A","DIST_OTH",2017,3.35882596114097
"Atlantis_00A","DIST_OTH",2018,3.20380322447292
"Atlantis_00A","DIST_OTH",2019,3.17279867713931
"Atlantis_00A","DIST_OTH",2020,2.94543199669285
"Atlantis_00A","DIST_OTH",2021,3.93757751136833
"Atlantis_00A","DIST_OTH",2022,3.98925175692435
"Atlantis_00A","DIST_OTH",2023,4.04092600248037
"Atlantis_00A","DIST_OTH",2024,4.09260024803638
"Atlantis_00A","DIST_OTH",2025,4.14427449359239
"Atlantis_00A","DIST_OTH",2026,4.19594873914841
"Atlantis_00A","DIST_OTH",2027,4.25795783381563
"Atlantis_00A","DIST_OTH",2028,4.28896238114924
"Atlantis_00A","DIST_OTH",2029,4.36130632492766
"Atlantis_00A","DIST_OTH",2030,4.43365026870608
"Atlantis_00A","DIST_OTH",2031,4.5059942124845
"Atlantis_00A","DIST_OTH",2032,4.57833815626292
"Atlantis_00A","DIST_OTH",2033,4.64034725093014
"Atlantis_00A","DIST_OTH",2034,4.69202149648615
"Atlantis_00A","DIST_OTH",2035,4.74369574204217
"Atlantis_00A","DIST_OTH",2036,4.79536998759818
"Atlantis_00A","DIST_OTH",2037,4.8573790822654
"Atlantis_00A","DIST_OTH",2038,4.89871847871021
"Atlantis_00A","DIST_OTH",2039,4.91938817693262
"Atlantis_00A","DIST_OTH",2040,4.94005787515502
"Atlantis_00A","DIST_OTH",2041,4.96072757337743
"Atlantis_00A","DIST_OTH",2042,4.97106242248863
"Atlantis_00A","DIST_OTH",2043,4.99173212071104
"Atlantis_00A","DIST_OTH",2044,5.01240181893344
"Atlantis_00A","DIST_OTH",2045,5.03307151715585
"Atlantis_00A","DIST_OTH",2046,5.05374121537826
"Atlantis_00A","DIST_OTH",2047,5.06407606448946
"Atlantis_00A","DIST_OTH",2048,5.08474576271186
"Atlantis_00A","DIST_OTH",2049,5.10541546093427
"Atlantis_00A","DIST_OTH",2050,5.12608515915668
"Atlantis_00A","DIST_OTH",2051,5.13642000826788
"Atlantis_00A","DIST_OTH",2052,5.15708970649028
"Atlantis_00A","DIST_OTH",2053,5.17775940471269
"Atlantis_00A","DIST_OTH",2054,5.1984291029351
"Atlantis_00A","DIST_OTH",2055,5.2190988011575
"Atlantis_00A","DIST_RES",2014,10.438197602315
"Atlantis_00A","DIST_RES",2015,11.1306324927656
"Atlantis_00A","DIST_RES",2016,11.7507234394378
"Atlantis_00A","DIST_RES",2017,11.9987598181067
"Atlantis_00A","DIST_RES",2018,12.3501446878876
"Atlantis_00A","DIST_RES",2019,12.6601901612236
"Atlantis_00A","DIST_RES",2020,13.5593220338983
"Atlantis_00A","DIST_RES",2021,13.5386523356759
"Atlantis_00A","DIST_RES",2022,14.0450599421248
"Atlantis_00A","DIST_RES",2023,14.3861099627945
"Atlantis_00A","DIST_RES",2024,14.7271599834642
"Atlantis_00A","DIST_RES",2025,15.0785448532451
"Atlantis_00A","DIST_RES",2026,15.4402645721373
"Atlantis_00A","DIST_RES",2027,15.8123191401406
"Atlantis_00A","DIST_RES",2028,16.1947085572551
"Atlantis_00A","DIST_RES",2029,16.5874328234808
"Atlantis_00A","DIST_RES",2030,16.7424555601488
"Atlantis_00A","DIST_RES",2031,17.1765192228193
"Atlantis_00A","DIST_RES",2032,17.6312525837123
"Atlantis_00A","DIST_RES",2033,18.0859859446052
"Atlantis_00A","DIST_RES",2034,18.5613890037205
"Atlantis_00A","DIST_RES",2035,18.9231087226126
"Atlantis_00A","DIST_RES",2036,19.4708557255064
"Atlantis_00A","DIST_RES",2037,20.0289375775114
"Atlantis_00A","DIST_RES",2038,20.5973542786275
"Atlantis_00A","DIST_RES",2039,21.1864406779661
"Atlantis_00A","DIST_RES",2040,21.6308391897478
"Atlantis_00A","DIST_RES",2041,22.25093013642
"Atlantis_00A","DIST_RES",2042,22.8813559322034
"Atlantis_00A","DIST_RES",2043,23.5324514262092
"Atlantis_00A","DIST_RES",2044,24.2042166184374
"Atlantis_00A","DIST_RES",2045,24.896651508888
"Atlantis_00A","DIST_RES",2046,25.609756097561
"Atlantis_00A","DIST_RES",2047,26.3331955353452
"Atlantis_00A","DIST_RES",2048,27.087639520463
"Atlantis_00A","DIST_RES",2049,27.8627532038032
"Atlantis_00A","DIST_RES",2050,27.800744109136
"Atlantis_00A","DIST_RES",2051,28.5965274906986
"Atlantis_00A","DIST_RES",2052,29.4129805704837
"Atlantis_00A","DIST_RES",2053,30.2501033484911
"Atlantis_00A","DIST_RES",2054,31.107895824721
"Atlantis_00A","DIST_RES",2055,31.9966928482844
"Atlantis_00A","DIST_SER",2014,6.50062009094667
"Atlantis_00A","DIST_SER",2015,7.02769739561802
"Atlantis_00A","DIST_SER",2016,7.44109136006615
"Atlantis_00A","DIST_SER",2017,7.74080198429103
"Atlantis_00A","DIST_SER",2018,8.10252170318313
"Atlantis_00A","DIST_SER",2019,8.3402232327408
"Atlantis_00A","DIST_SER",2020,7.6477883422902
"Atlantis_00A","DIST_SER",2021,8.89830508474576
"Atlantis_00A","DIST_SER",2022,9.13600661430343
"Atlantis_00A","DIST_SER",2023,9.3840429929723
"Atlantis_00A","DIST_SER",2024,9.64241422075238
"Atlantis_00A","DIST_SER",2025,9.90078544853245
"Atlantis_00A","DIST_SER",2026,10.1591566763125
"Atlantis_00A","DIST_SER",2027,10.438197602315
"Atlantis_00A","DIST_SER",2028,10.5312112443158
"Atlantis_00A","DIST_SER",2029,10.7275733774287
"Atlantis_00A","DIST_SER",2030,10.9239355105415
"Atlantis_00A","DIST_SER",2031,11.1306324927656
"Atlantis_00A","DIST_SER",2032,11.3373294749897
"Atlantis_00A","DIST_SER",2033,11.5130219098801
"Atlantis_00A","DIST_SER",2034,11.6680446465482
"Atlantis_00A","DIST_SER",2035,11.8230673832162
"Atlantis_00A","DIST_SER",2036,11.9884249689955
"Atlantis_00A","DIST_SER",2037,12.1537825547747
"Atlantis_00A","DIST_SER",2038,12.2881355932203
"Atlantis_00A","DIST_SER",2039,12.4018189334436
"Atlantis_00A","DIST_SER",2040,12.5155022736668
"Atlantis_00A","DIST_SER",2041,12.62918561389
"Atlantis_00A","DIST_SER",2042,12.7532038032245
"Atlantis_00A","DIST_SER",2043,12.8668871434477
"Atlantis_00A","DIST_SER",2044,12.9805704836709
"Atlantis_00A","DIST_SER",2045,13.1045886730054
"Atlantis_00A","DIST_SER",2046,13.2182720132286
"Atlantis_00A","DIST_SER",2047,13.342290202563
"Atlantis_00A","DIST_SER",2048,13.4146341463415
"Atlantis_00A","DIST_SER",2049,13.5386523356759
"Atlantis_00A","DIST_SER",2050,13.6626705250103
"Atlantis_00A","DIST_SER",2051,13.7866887143448
"Atlantis_00A","DIST_SER",2052,13.9107069036792
"Atlantis_00A","DIST_SER",2053,14.0450599421248
"Atlantis_00A","DIST_SER",2054,14.1690781314593
"Atlantis_00A","DIST_SER",2055,14.3034311699049
"Atlantis_00A","DIST_TRA",2014,0.010334849111203
"Atlantis_00A","DIST_TRA",2015,0.0310045473336089
"Atlantis_00A","DIST_TRA",2016,0.0310045473336089
"Atlantis_00A","DIST_TRA",2017,0.0516742455560149
"Atlantis_00A","DIST_TRA",2018,0.0826787928896238
"Atlantis_00A","DIST_TRA",2019,0.113683340223233
"Atlantis_00A","DIST_TRA",2020,0.0723439437784208
"Atlantis_00A","DIST_TRA",2021,0.0930136420008268
"Atlantis_00A","DIST_TRA",2022,0.0930136420008268
"Atlantis_00A","DIST_TRA",2023,0.113683340223233
"Atlantis_00A","DIST_TRA",2024,0.144687887556842
"Atlantis_00A","DIST_TRA",2025,0.175692434890451
"Atlantis_00A","DIST_TRA",2026,0.196362133112857
"Atlantis_00A","DIST_TRA",2027,0.227366680446466
"Atlantis_00A","DIST_TRA",2028,0.248036378668871
"Atlantis_00A","DIST_TRA",2029,0.27904092600248
"Atlantis_00A","DIST_TRA",2030,0.299710624224886
"Atlantis_00A","DIST_TRA",2031,0.38238941711451
"Atlantis_00A","DIST_TRA",2032,0.454733360892931
"Atlantis_00A","DIST_TRA",2033,0.558081852004961
"Atlantis_00A","DIST_TRA",2034,0.671765192228194
"Atlantis_00A","DIST_TRA",2035,0.640760644894585
"Atlantis_00A","DIST_TRA",2036,0.733774286895411
"Atlantis_00A","DIST_TRA",2037,0.847457627118644
"Atlantis_00A","DIST_TRA",2038,0.97147581645308
"Atlantis_00A","DIST_TRA",2039,1.11616370400992
"Atlantis_00A","DIST_TRA",2040,1.12649855312112
"Atlantis_00A","DIST_TRA",2041,1.25051674245556
"Atlantis_00A","DIST_TRA",2042,1.37453493179
"Atlantis_00A","DIST_TRA",2043,1.50888797023563
"Atlantis_00A","DIST_TRA",2044,1.63290615957007
"Atlantis_00A","DIST_TRA",2045,1.75692434890451
"Atlantis_00A","DIST_TRA",2046,1.89127738735015
"Atlantis_00A","DIST_TRA",2047,2.01529557668458
"Atlantis_00A","DIST_TRA",2048,2.14964861513022
"Atlantis_00A","DIST_TRA",2049,2.27366680446465
"Atlantis_00A","DIST_TRA",2050,2.40801984291029
"Atlantis_00A","DIST_TRA",2051,2.67672591980157
"Atlantis_00A","DIST_TRA",2052,2.97643654402646
"Atlantis_00A","DIST_TRA",2053,3.31748656469616
"Atlantis_00A","DIST_TRA",2054,3.68954113269946
"Atlantis_00A","DIST_TRA",2055,4.11326994625879
"Atlantis_00A","DS_IMP",2014,59.9
"Atlantis_00A","DS_IMP",2015,60.73
"Atlantis_00A","DS_IMP",2016,62.12
"Atlantis_00A","DS_IMP",2017,67.72
"Atlantis_00A","DS_IMP",2018,69.55
"Atlantis_00A","DS_IMP",2019,69.54
"Atlantis_00A","DS_IMP",2020,60.58
"Atlantis_00A","DS_IMP",2021,71.82
"Atlantis_00A","DS_IMP",2022,74.86
"Atlantis_00A","DS_IMP",2023,77.94
"Atlantis_00A","DS_IMP",2024,81.33
"Atlantis_00A","DS_IMP",2025,85.14
"Atlantis_00A","DS_IMP",2026,89.26
"Atlantis_00A","DS_IMP",2027,92.61
"Atlantis_00A","DS_IMP",2028,93.1299999999999
"Atlantis_00A","DS_IMP",2029,95.74
"Atlantis_00A","DS_IMP",2030,98.14
"Atlantis_00A","DS_IMP",2031,100.07
"Atlantis_00A","DS_IMP",2032,102.3
"Atlantis_00A","DS_IMP",2033,104.62
"Atlantis_00A","DS_IMP",2034,107.17
"Atlantis_00A","DS_IMP",2035,110.09
"Atlantis_00A","DS_IMP",2036,112.86
"Atlantis_00A","DS_IMP",2037,115.63
"Atlantis_00A","DS_IMP",2038,118.68
"Atlantis_00A","DS_IMP",2039,121.78
"Atlantis_00A","DS_IMP",2040,124.87
"Atlantis_00A","DS_IMP",2041,126.72
"Atlantis_00A","DS_IMP",2042,129.12
"Atlantis_00A","DS_IMP",2043,131.5
"Atlantis_00A","DS_IMP",2044,133.87
"Atlantis_00A","DS_IMP",2045,136.26
"Atlantis_00A","DS_IMP",2046,138.75
"Atlantis_00A","DS_IMP",2047,141.39
"Atlantis_00A","DS_IMP",2048,144.19
"Atlantis_00A","DS_IMP",2049,146.83
"Atlantis_00A","DS_IMP",2050,149.48
"Atlantis_00A","DS_IMP",2051,152.02
"Atlantis_00A","DS_IMP",2052,154.49
"Atlantis_00A","DS_IMP",2053,209.2
"Atlantis_00A","DS_IMP",2054,254.784
"Atlantis_00A","DS_IMP",2055,258.4
"Atlantis_00A","DS_IND",2014,2.32
"Atlantis_00A","DS_IND",2015,2.3
"Atlantis_00A","DS_IND",2016,1.75
"Atlantis_00A","DS_IND",2017,2.51999999999999
"Atlantis_00A","DS_IND",2018,2.47
"Atlantis_00A","DS_IND",2019,2.24
"Atlantis_00A","DS_IND",2020,1.57
"Atlantis_00A","DS_IND",2021,2.15
"Atlantis_00A","DS_IND",2022,2.09
"Atlantis_00A","DS_IND",2023,2.02
"Atlantis_00A","DS_IND",2024,1.97000000000001
"Atlantis_00A","DS_IND",2025,1.95
"Atlantis_00A","DS_IND",2026,1.93
"Atlantis_00A","DS_IND",2027,1.79
"Atlantis_00A","DS_IND",2028,1.78
"Atlantis_00A","DS_IND",2029,1.81000000000001
"Atlantis_00A","DS_IND",2030,1.83000000000001
"Atlantis_00A","DS_IND",2031,1.72
"Atlantis_00A","DS_IND",2032,1.69
"Atlantis_00A","DS_IND",2033,1.66
"Atlantis_00A","DS_IND",2034,1.63
"Atlantis_00A","DS_IND",2035,1.6
"Atlantis_00A","DS_IND",2036,1.57
"Atlantis_00A","DS_IND",2037,1.55
"Atlantis_00A","DS_IND",2038,1.50999999999999
"Atlantis_00A","DS_IND",2039,1.46
"Atlantis_00A","DS_IND",2040,1.43
"Atlantis_00A","DS_IND",2041,1.41
"Atlantis_00A","DS_IND",2042,1.37
"Atlantis_00A","DS_IND",2043,1.34
"Atlantis_00A","DS_IND",2044,1.31
"Atlantis_00A","DS_IND",2045,1.27
"Atlantis_00A","DS_IND",2046,1.23999999999999
"Atlantis_00A","DS_IND",2047,1.19999999999999
"Atlantis_00A","DS_IND",2048,1.16999999999999
"Atlantis_00A","DS_IND",2049,1.14
"Atlantis_00A","DS_IND",2050,1.10999999999999
"Atlantis_00A","DS_IND",2051,1.08000000000005
"Atlantis_00A","DS_IND",2052,1.04000000000002
"Atlantis_00A","DS_IND",2053,1.34666666666667
"Atlantis_00A","DS_IND",2054,1.568
"Atlantis_00A","DS_IND",2055,1.504
"Atlantis_00A","DS_OTH",2014,5.04
"Atlantis_00A","DS_OTH",2015,5.01
"Atlantis_00A","DS_OTH",2016,5.06
"Atlantis_00A","DS_OTH",2017,5.35
"Atlantis_00A","DS_OTH",2018,5.78
"Atlantis_00A","DS_OTH",2019,5.95
"Atlantis_00A","DS_OTH",2020,6.07
"Atlantis_00A","DS_OTH",2021,6.31
"Atlantis_00A","DS_OTH",2022,6.53
"Atlantis_00A","DS_OTH",2023,6.75
"Atlantis_00A","DS_OTH",2024,6.97
"Atlantis_00A","DS_OTH",2025,7.19
"Atlantis_00A","DS_OTH",2026,7.42
"Atlantis_00A","DS_OTH",2027,7.65
"Atlantis_00A","DS_OTH",2028,7.88
"Atlantis_00A","DS_OTH",2029,8.11
"Atlantis_00A","DS_OTH",2030,8.32
"Atlantis_00A","DS_OTH",2031,8.52
"Atlantis_00A","DS_OTH",2032,8.73
"Atlantis_00A","DS_OTH",2033,8.93
"Atlantis_00A","DS_OTH",2034,9.16
"Atlantis_00A","DS_OTH",2035,9.41
"Atlantis_00A","DS_OTH",2036,9.63
"Atlantis_00A","DS_OTH",2037,9.83999999999999
"Atlantis_00A","DS_OTH",2038,10.04
"Atlantis_00A","DS_OTH",2039,10.27
"Atlantis_00A","DS_OTH",2040,10.5
"Atlantis_00A","DS_OTH",2041,10.72
"Atlantis_00A","DS_OTH",2042,10.94
"Atlantis_00A","DS_OTH",2043,11.15
"Atlantis_00A","DS_OTH",2044,11.37
"Atlantis_00A","DS_OTH",2045,11.59
"Atlantis_00A","DS_OTH",2046,11.81
"Atlantis_00A","DS_OTH",2047,12.03
"Atlantis_00A","DS_OTH",2048,12.25
"Atlantis_00A","DS_OTH",2049,12.47
"Atlantis_00A","DS_OTH",2050,12.69
"Atlantis_00A","DS_OTH",2051,12.91
"Atlantis_00A","DS_OTH",2052,13.13
"Atlantis_00A","DS_OTH",2053,17.8
"Atlantis_00A","DS_OTH",2054,21.712
"Atlantis_00A","DS_OTH",2055,22.048
"Atlantis_00A","DS_TRA",2014,52.54
"Atlantis_00A","DS_TRA",2015,53.42
"Atlantis_00A","DS_TRA",2016,55.31
"Atlantis_00A","DS_TRA",2017,59.85
"Atlantis_00A","DS_TRA",2018,61.3
"Atlantis_00A","DS_TRA",2019,61.35
"Atlantis_00A","DS_TRA",2020,52.94
"Atlantis_00A","DS_TRA",2021,63.36
"Atlantis_00A","DS_TRA",2022,66.24
"Atlantis_00A","DS_TRA",2023,69.17
"Atlantis_00A","DS_TRA",2024,72.39
"Atlantis_00A","DS_TRA",2025,76
"Atlantis_00A","DS_TRA",2026,79.91
"Atlantis_00A","DS_TRA",2027,83.17
"Atlantis_00A","DS_TRA",2028,83.47
"Atlantis_00A","DS_TRA",2029,85.82
"Atlantis_00A","DS_TRA",2030,87.99
"Atlantis_00A","DS_TRA",2031,89.83
"Atlantis_00A","DS_TRA",2032,91.88
"Atlantis_00A","DS_TRA",2033,94.03
"Atlantis_00A","DS_TRA",2034,96.38
"Atlantis_00A","DS_TRA",2035,99.08
"Atlantis_00A","DS_TRA",2036,101.66
"Atlantis_00A","DS_TRA",2037,104.24
"Atlantis_00A","DS_TRA",2038,107.13
"Atlantis_00A","DS_TRA",2039,110.05
"Atlantis_00A","DS_TRA",2040,112.94
"Atlantis_00A","DS_TRA",2041,114.59
"Atlantis_00A","DS_TRA",2042,116.81
"Atlantis_00A","DS_TRA",2043,119.01
"Atlantis_00A","DS_TRA",2044,121.19
"Atlantis_00A","DS_TRA",2045,123.4
"Atlantis_00A","DS_TRA",2046,125.7
"Atlantis_00A","DS_TRA",2047,128.16
"Atlantis_00A","DS_TRA",2048,130.77
"Atlantis_00A","DS_TRA",2049,133.22
"Atlantis_00A","DS_TRA",2050,135.68
"Atlantis_00A","DS_TRA",2051,138.03
"Atlantis_00A","DS_TRA",2052,140.32
"Atlantis_00A","DS_TRA",2053,190.053333333333
"Atlantis_00A","DS_TRA",2054,231.504
"Atlantis_00A","DS_TRA",2055,234.848
"Atlantis_00A","DSGC",2014,0
"Atlantis_00A","DSGC",2015,0
"Atlantis_00A","DSGC",2016,0
"Atlantis_00A","DSGC",2017,0
"Atlantis_00A","DSGC",2018,0
"Atlantis_00A","DSGC",2019,0
"Atlantis_00A","DSGC",2020,0
"Atlantis_00A","DSGC",2021,0
"Atlantis_00A","DSGC",2022,0
"Atlantis_00A","DSGC",2023,0
"Atlantis_00A","DSGC",2024,0
"Atlantis_00A","DSGC",2025,0
"Atlantis_00A","DSGC",2026,0
"Atlantis_00A","DSGC",2027,0
"Atlantis_00A","DSGC",2028,0
"Atlantis_00A","DSGC",2029,0
"Atlantis_00A","DSGC",2030,0
"Atlantis_00A","DSGC",2031,0
"Atlantis_00A","DSGC",2032,0
"Atlantis_00A","DSGC",2033,0
"Atlantis_00A","DSGC",2034,0
"Atlantis_00A","DSGC",2035,0
"Atlantis_00A","DSGC",2036,0
"Atlantis_00A","DSGC",2037,0
"Atlantis_00A","DSGC",2038,0
"Atlantis_00A","DSGC",2039,0
"Atlantis_00A","DSGC",2040,0
"Atlantis_00A","DSGC",2041,0
"Atlantis_00A","DSGC",2042,0
"Atlantis_00A","DSGC",2043,0
"Atlantis_00A","DSGC",2044,0
"Atlantis_00A","DSGC",2045,0
"Atlantis_00A","DSGC",2046,0
"Atlantis_00A","DSGC",2047,0
"Atlantis_00A","DSGC",2048,0
"Atlantis_00A","DSGC",2049,0
"Atlantis_00A","DSGC",2050,0
"Atlantis_00A","DSGC",2051,0
"Atlantis_00A","DSGC",2052,0
"Atlantis_00A","DSGC",2053,0
"Atlantis_00A","DSGC",2054,0
"Atlantis_00A","DSGC",2055,0
"Atlantis_00A","EXP_HF",2014,0
"Atlantis_00A","EXP_HF",2015,0
"Atlantis_00A","EXP_HF",2016,0
"Atlantis_00A","EXP_HF",2017,0
"Atlantis_00A","EXP_HF",2018,0
"Atlantis_00A","EXP_HF",2019,0
"Atlantis_00A","EXP_HF",2020,0
"Atlantis_00A","EXP_HF",2021,0
"Atlantis_00A","EXP_HF",2022,0
"Atlantis_00A","EXP_HF",2023,0
"Atlantis_00A","EXP_HF",2024,0
"Atlantis_00A","EXP_HF",2025,0
"Atlantis_00A","EXP_HF",2026,0
"Atlantis_00A","EXP_HF",2027,0
"Atlantis_00A","EXP_HF",2028,0
"Atlantis_00A","EXP_HF",2029,0
"Atlantis_00A","EXP_HF",2030,0
"Atlantis_00A","EXP_HF",2031,0
"Atlantis_00A","EXP_HF",2032,0
"Atlantis_00A","EXP_HF",2033,0
"Atlantis_00A","EXP_HF",2034,0
"Atlantis_00A","EXP_HF",2035,0
"Atlantis_00A","EXP_HF",2036,0
"Atlantis_00A","EXP_HF",2037,0
"Atlantis_00A","EXP_HF",2038,0
"Atlantis_00A","EXP_HF",2039,0
"Atlantis_00A","EXP_HF",2040,0
"Atlantis_00A","EXP_HF",2041,0
"Atlantis_00A","EXP_HF",2042,0
"Atlantis_00A","EXP_HF",2043,0
"Atlantis_00A","EXP_HF",2044,0
"Atlantis_00A","EXP_HF",2045,0
"Atlantis_00A","EXP_HF",2046,0
"Atlantis_00A","EXP_HF",2047,0
"Atlantis_00A","EXP_HF",2048,0
"Atlantis_00A","EXP_HF",2049,0
"Atlantis_00A","EXP_HF",2050,0
"Atlantis_00A","EXP_HF",2051,0
"Atlantis_00A","EXP_HF",2052,0
"Atlantis_00A","EXP_HF",2053,0
"Atlantis_00A","EXP_HF",2054,0
"Atlantis_00A","EXP_HF",2055,0
"Atlantis_00A","EXP_NG",2014,0
"Atlantis_00A","EXP_NG",2015,0
"Atlantis_00A","EXP_NG",2016,0
"Atlantis_00A","EXP_NG",2017,0
"Atlantis_00A","EXP_NG",2018,0
"Atlantis_00A","EXP_NG",2019,0
"Atlantis_00A","EXP_NG",2020,0
"Atlantis_00A","EXP_NG",2021,0
"Atlantis_00A","EXP_NG",2022,0
"Atlantis_00A","EXP_NG",2023,0
"Atlantis_00A","EXP_NG",2024,0
"Atlantis_00A","EXP_NG",2025,0
"Atlantis_00A","EXP_NG",2026,0
"Atlantis_00A","EXP_NG",2027,0
"Atlantis_00A","EXP_NG",2028,0
"Atlantis_00A","EXP_NG",2029,0
"Atlantis_00A","EXP_NG",2030,0
"Atlantis_00A","EXP_NG",2031,0
"Atlantis_00A","EXP_NG",2032,0
"Atlantis_00A","EXP_NG",2033,0
"Atlantis_00A","EXP_NG",2034,0
"Atlantis_00A","EXP_NG",2035,0
"Atlantis_00A","EXP_NG",2036,0
"Atlantis_00A","EXP_NG",2037,0
"Atlantis_00A","EXP_NG",2038,0
"Atlantis_00A","EXP_NG",2039,0
"Atlantis_00A","EXP_NG",2040,0
"Atlantis_00A","EXP_NG",2041,0
"Atlantis_00A","EXP_NG",2042,0
"Atlantis_00A","EXP_NG",2043,0
"Atlantis_00A","EXP_NG",2044,0
"Atlantis_00A","EXP_NG",2045,0
"Atlantis_00A","EXP_NG",2046,0
"Atlantis_00A","EXP_NG",2047,0
"Atlantis_00A","EXP_NG",2048,0
"Atlantis_00A","EXP_NG",2049,0
"Atlantis_00A","EXP_NG",2050,0
"Atlantis_00A","EXP_NG",2051,0
"Atlantis_00A","EXP_NG",2052,0
"Atlantis_00A","EXP_NG",2053,0
"Atlantis_00A","EXP_NG",2054,0
"Atlantis_00A","EXP_NG",2055,0
"Atlantis_00A","GT_FC",2014,0
"Atlantis_00A","GT_FC",2015,0
"Atlantis_00A","GT_FC",2016,0
"Atlantis_00A","GT_FC",2017,0
"Atlantis_00A","GT_FC",2018,0
"Atlantis_00A","GT_FC",2019,0
"Atlantis_00A","GT_FC",2020,0
"Atlantis_00A","GT_FC",2021,0
"Atlantis_00A","GT_FC",2022,0
"Atlantis_00A","GT_FC",2023,0
"Atlantis_00A","GT_FC",2024,0
"Atlantis_00A","GT_FC",2025,0
"Atlantis_00A","GT_FC",2026,0
"Atlantis_00A","GT_FC",2027,0
"Atlantis_00A","GT_FC",2028,0
"Atlantis_00A","GT_FC",2029,0
"Atlantis_00A","GT_FC",2030,0
"Atlantis_00A","GT_FC",2031,0
"Atlantis_00A","GT_FC",2032,0
"Atlantis_00A","GT_FC",2033,0
"Atlantis_00A","GT_FC",2034,0
"Atlantis_00A","GT_FC",2035,0
"Atlantis_00A","GT_FC",2036,0
"Atlantis_00A","GT_FC",2037,0
"Atlantis_00A","GT_FC",2038,0
"Atlantis_00A","GT_FC",2039,0
"Atlantis_00A","GT_FC",2040,0
"Atlantis_00A","GT_FC",2041,0
"Atlantis_00A","GT_FC",2042,0
"Atlantis_00A","GT_FC",2043,0
"Atlantis_00A","GT_FC",2044,0
"Atlantis_00A","GT_FC",2045,0
"Atlantis_00A","GT_FC",2046,0
"Atlantis_00A","GT_FC",2047,0
"Atlantis_00A","GT_FC",2048,0
"Atlantis_00A","GT_FC",2049,0
"Atlantis_00A","GT_FC",2050,0
"Atlantis_00A","GT_FC",2051,0
"Atlantis_00A","GT_FC",2052,0
"Atlantis_00A","GT_FC",2053,0
"Atlantis_00A","GT_FC",2054,0
"Atlantis_00A","GT_FC",2055,0
"Atlantis_00A","HF_IMP",2014,132.35
"Atlantis_00A","HF_IMP",2015,137.22
"Atlantis_00A","HF_IMP",2016,143.31
"Atlantis_00A","HF_IMP",2017,151.16
"Atlantis_00A","HF_IMP",2018,155.86
"Atlantis_00A","HF_IMP",2019,158.99
"Atlantis_00A","HF_IMP",2020,132.31
"Atlantis_00A","HF_IMP",2021,163.81
"Atlantis_00A","HF_IMP",2022,176.39
"Atlantis_00A","HF_IMP",2023,178.15
"Atlantis_00A","HF_IMP",2024,179.92
"Atlantis_00A","HF_IMP",2025,181.74
"Atlantis_00A","HF_IMP",2026,183.58
"Atlantis_00A","HF_IMP",2027,185.46
"Atlantis_00A","HF_IMP",2028,187.37
"Atlantis_00A","HF_IMP",2029,189.32
"Atlantis_00A","HF_IMP",2030,190.43
"Atlantis_00A","HF_IMP",2031,192.88
"Atlantis_00A","HF_IMP",2032,195.39
"Atlantis_00A","HF_IMP",2033,197.94
"Atlantis_00A","HF_IMP",2034,200.54
"Atlantis_00A","HF_IMP",2035,202.71
"Atlantis_00A","HF_IMP",2036,204.52
"Atlantis_00A","HF_IMP",2037,206.37
"Atlantis_00A","HF_IMP",2038,208.23
"Atlantis_00A","HF_IMP",2039,210.13
"Atlantis_00A","HF_IMP",2040,211.8
"Atlantis_00A","HF_IMP",2041,212.4
"Atlantis_00A","HF_IMP",2042,213.02
"Atlantis_00A","HF_IMP",2043,213.62
"Atlantis_00A","HF_IMP",2044,214.25
"Atlantis_00A","HF_IMP",2045,214.87
"Atlantis_00A","HF_IMP",2046,215.48
"Atlantis_00A","HF_IMP",2047,216.1
"Atlantis_00A","HF_IMP",2048,216.73
"Atlantis_00A","HF_IMP",2049,217.36
"Atlantis_00A","HF_IMP",2050,217.86
"Atlantis_00A","HF_IMP",2051,218.49
"Atlantis_00A","HF_IMP",2052,250.434285714286
"Atlantis_00A","HF_IMP",2053,293.026666666667
"Atlantis_00A","HF_IMP",2054,293.893333333333
"Atlantis_00A","HF_IMP",2055,294.76
"Atlantis_00A","HF_IND",2014,8.41000000000002
"Atlantis_00A","HF_IND",2015,8.04000000000005
"Atlantis_00A","HF_IND",2016,7.24
"Atlantis_00A","HF_IND",2017,6.90999999999998
"Atlantis_00A","HF_IND",2018,6.42
"Atlantis_00A","HF_IND",2019,7.68000000000001
"Atlantis_00A","HF_IND",2020,4.19000000000001
"Atlantis_00A","HF_IND",2021,4.03999999999999
"Atlantis_00A","HF_IND",2022,3.97999999999999
"Atlantis_00A","HF_IND",2023,4.03999999999999
"Atlantis_00A","HF_IND",2024,4.09999999999998
"Atlantis_00A","HF_IND",2025,4.16000000000002
"Atlantis_00A","HF_IND",2026,4.22000000000003
"Atlantis_00A","HF_IND",2027,4.28
"Atlantis_00A","HF_IND",2028,4.34999999999999
"Atlantis_00A","HF_IND",2029,4.42000000000001
"Atlantis_00A","HF_IND",2030,4.46
"Atlantis_00A","HF_IND",2031,4.47
"Atlantis_00A","HF_IND",2032,4.48000000000001
"Atlantis_00A","HF_IND",2033,4.48999999999995
"Atlantis_00A","HF_IND",2034,4.49999999999997
"Atlantis_00A","HF_IND",2035,4.50999999999993
"Atlantis_00A","HF_IND",2036,4.51999999999987
"Atlantis_00A","HF_IND",2037,4.54
"Atlantis_00A","HF_IND",2038,4.55000000000013
"Atlantis_00A","HF_IND",2039,4.57000000000006
"Atlantis_00A","HF_IND",2040,4.58000000000005
"Atlantis_00A","HF_IND",2041,4.57999999999997
"Atlantis_00A","HF_IND",2042,4.58000000000002
"Atlantis_00A","HF_IND",2043,4.58000000000007
"Atlantis_00A","HF_IND",2044,4.58999999999998
"Atlantis_00A","HF_IND",2045,4.59000000000008
"Atlantis_00A","HF_IND",2046,4.59000000000005
"Atlantis_00A","HF_IND",2047,4.59000000000008
"Atlantis_00A","HF_IND",2048,4.59000000000005
"Atlantis_00A","HF_IND",2049,4.59000000000002
"Atlantis_00A","HF_IND",2050,4.59000000000001
"Atlantis_00A","HF_IND",2051,4.59000000000004
"Atlantis_00A","HF_IND",2052,5.24571428571432
"Atlantis_00A","HF_IND",2053,6.12000000000001
"Atlantis_00A","HF_IND",2054,6.11999999999999
"Atlantis_00A","HF_IND",2055,6.13333333333334
"Atlantis_00A","HF_OTH",2014,0
"Atlantis_00A","HF_OTH",2015,0
"Atlantis_00A","HF_OTH",2016,0
"Atlantis_00A","HF_OTH",2017,0
"Atlantis_00A","HF_OTH",2018,0
"Atlantis_00A","HF_OTH",2019,0
"Atlantis_00A","HF_OTH",2020,0
"Atlantis_00A","HF_OTH",2021,0
"Atlantis_00A","HF_OTH",2022,0
"Atlantis_00A","HF_OTH",2023,0
"Atlantis_00A","HF_OTH",2024,0
"Atlantis_00A","HF_OTH",2025,0
"Atlantis_00A","HF_OTH",2026,0
"Atlantis_00A","HF_OTH",2027,0
"Atlantis_00A","HF_OTH",2028,0
"Atlantis_00A","HF_OTH",2029,0
"Atlantis_00A","HF_OTH",2030,0
"Atlantis_00A","HF_OTH",2031,0
"Atlantis_00A","HF_OTH",2032,0
"Atlantis_00A","HF_OTH",2033,0
"Atlantis_00A","HF_OTH",2034,0
"Atlantis_00A","HF_OTH",2035,0
"Atlantis_00A","HF_OTH",2036,0
"Atlantis_00A","HF_OTH",2037,0
"Atlantis_00A","HF_OTH",2038,0
"Atlantis_00A","HF_OTH",2039,0
"Atlantis_00A","HF_OTH",2040,0
"Atlantis_00A","HF_OTH",2041,0
"Atlantis_00A","HF_OTH",2042,0
"Atlantis_00A","HF_OTH",2043,0
"Atlantis_00A","HF_OTH",2044,0
"Atlantis_00A","HF_OTH",2045,0
"Atlantis_00A","HF_OTH",2046,0
"Atlantis_00A","HF_OTH",2047,0
"Atlantis_00A","HF_OTH",2048,0
"Atlantis_00A","HF_OTH",2049,0
"Atlantis_00A","HF_OTH",2050,0
"Atlantis_00A","HF_OTH",2051,0
"Atlantis_00A","HF_OTH",2052,0
"Atlantis_00A","HF_OTH",2053,0
"Atlantis_00A","HF_OTH",2054,0
"Atlantis_00A","HF_OTH",2055,0
"Atlantis_00A","HF_RES",2014,19.14
"Atlantis_00A","HF_RES",2015,19.71
"Atlantis_00A","HF_RES",2016,20.04
"Atlantis_00A","HF_RES",2017,20.09
"Atlantis_00A","HF_RES",2018,20.82
"Atlantis_00A","HF_RES",2019,21.06
"Atlantis_00A","HF_RES",2020,20.09
"Atlantis_00A","HF_RES",2021,22.23
"Atlantis_00A","HF_RES",2022,22.86
"Atlantis_00A","HF_RES",2023,22.58
"Atlantis_00A","HF_RES",2024,22.31
"Atlantis_00A","HF_RES",2025,22.04
"Atlantis_00A","HF_RES",2026,21.77
"Atlantis_00A","HF_RES",2027,21.51
"Atlantis_00A","HF_RES",2028,21.25
"Atlantis_00A","HF_RES",2029,20.99
"Atlantis_00A","HF_RES",2030,20.65
"Atlantis_00A","HF_RES",2031,20.39
"Atlantis_00A","HF_RES",2032,20.14
"Atlantis_00A","HF_RES",2033,19.88
"Atlantis_00A","HF_RES",2034,19.63
"Atlantis_00A","HF_RES",2035,19.36
"Atlantis_00A","HF_RES",2036,19.1799999999999
"Atlantis_00A","HF_RES",2037,19.01
"Atlantis_00A","HF_RES",2038,18.83
"Atlantis_00A","HF_RES",2039,18.66
"Atlantis_00A","HF_RES",2040,18.48
"Atlantis_00A","HF_RES",2041,18.38
"Atlantis_00A","HF_RES",2042,18.29
"Atlantis_00A","HF_RES",2043,18.19
"Atlantis_00A","HF_RES",2044,18.1
"Atlantis_00A","HF_RES",2045,18.01
"Atlantis_00A","HF_RES",2046,17.91
"Atlantis_00A","HF_RES",2047,17.82
"Atlantis_00A","HF_RES",2048,17.73
"Atlantis_00A","HF_RES",2049,17.64
"Atlantis_00A","HF_RES",2050,17.53
"Atlantis_00A","HF_RES",2051,17.44
"Atlantis_00A","HF_RES",2052,19.8285714285714
"Atlantis_00A","HF_RES",2053,23.0133333333333
"Atlantis_00A","HF_RES",2054,22.8933333333333
"Atlantis_00A","HF_RES",2055,22.7733333333333
"Atlantis_00A","HF_SER",2014,0.530000000000004
"Atlantis_00A","HF_SER",2015,0.53
"Atlantis_00A","HF_SER",2016,0.57
"Atlantis_00A","HF_SER",2017,0.590000000000032
"Atlantis_00A","HF_SER",2018,0.54
"Atlantis_00A","HF_SER",2019,0.59
"Atlantis_00A","HF_SER",2020,0.43
"Atlantis_00A","HF_SER",2021,0.68
"Atlantis_00A","HF_SER",2022,0.779999999999997
"Atlantis_00A","HF_SER",2023,0.79
"Atlantis_00A","HF_SER",2024,0.79
"Atlantis_00A","HF_SER",2025,0.8
"Atlantis_00A","HF_SER",2026,0.81
"Atlantis_00A","HF_SER",2027,0.82
"Atlantis_00A","HF_SER",2028,0.83
"Atlantis_00A","HF_SER",2029,0.84
"Atlantis_00A","HF_SER",2030,0.85
"Atlantis_00A","HF_SER",2031,0.85
"Atlantis_00A","HF_SER",2032,0.86
"Atlantis_00A","HF_SER",2033,0.870000000000008
"Atlantis_00A","HF_SER",2034,0.88
"Atlantis_00A","HF_SER",2035,0.88
"Atlantis_00A","HF_SER",2036,0.89
"Atlantis_00A","HF_SER",2037,0.89
"Atlantis_00A","HF_SER",2038,0.9
"Atlantis_00A","HF_SER",2039,0.900000000000007
"Atlantis_00A","HF_SER",2040,0.9
"Atlantis_00A","HF_SER",2041,0.900000000000014
"Atlantis_00A","HF_SER",2042,0.900000000000002
"Atlantis_00A","HF_SER",2043,0.9
"Atlantis_00A","HF_SER",2044,0.900000000000035
"Atlantis_00A","HF_SER",2045,0.9
"Atlantis_00A","HF_SER",2046,0.9
"Atlantis_00A","HF_SER",2047,0.89
"Atlantis_00A","HF_SER",2048,0.89
"Atlantis_00A","HF_SER",2049,0.89
"Atlantis_00A","HF_SER",2050,0.89
"Atlantis_00A","HF_SER",2051,0.89
"Atlantis_00A","HF_SER",2052,1.01714285714286
"Atlantis_00A","HF_SER",2053,1.18666666666667
"Atlantis_00A","HF_SER",2054,1.18666666666667
"Atlantis_00A","HF_SER",2055,1.18666666666667
"Atlantis_00A","HF_TRA",2014,104.27
"Atlantis_00A","HF_TRA",2015,108.94
"Atlantis_00A","HF_TRA",2016,115.46
"Atlantis_00A","HF_TRA",2017,123.57
"Atlantis_00A","HF_TRA",2018,128.08
"Atlantis_00A","HF_TRA",2019,129.66
"Atlantis_00A","HF_TRA",2020,107.6
"Atlantis_00A","HF_TRA",2021,136.86
"Atlantis_00A","HF_TRA",2022,148.77
"Atlantis_00A","HF_TRA",2023,150.74
"Atlantis_00A","HF_TRA",2024,152.72
"Atlantis_00A","HF_TRA",2025,154.74
"Atlantis_00A","HF_TRA",2026,156.78
"Atlantis_00A","HF_TRA",2027,158.85
"Atlantis_00A","HF_TRA",2028,160.94
"Atlantis_00A","HF_TRA",2029,163.07
"Atlantis_00A","HF_TRA",2030,164.47
"Atlantis_00A","HF_TRA",2031,167.17
"Atlantis_00A","HF_TRA",2032,169.91
"Atlantis_00A","HF_TRA",2033,172.7
"Atlantis_00A","HF_TRA",2034,175.53
"Atlantis_00A","HF_TRA",2035,177.96
"Atlantis_00A","HF_TRA",2036,179.93
"Atlantis_00A","HF_TRA",2037,181.93
"Atlantis_00A","HF_TRA",2038,183.95
"Atlantis_00A","HF_TRA",2039,186
"Atlantis_00A","HF_TRA",2040,187.84
"Atlantis_00A","HF_TRA",2041,188.54
"Atlantis_00A","HF_TRA",2042,189.25
"Atlantis_00A","HF_TRA",2043,189.95
"Atlantis_00A","HF_TRA",2044,190.66
"Atlantis_00A","HF_TRA",2045,191.37
"Atlantis_00A","HF_TRA",2046,192.08
"Atlantis_00A","HF_TRA",2047,192.8
"Atlantis_00A","HF_TRA",2048,193.52
"Atlantis_00A","HF_TRA",2049,194.24
"Atlantis_00A","HF_TRA",2050,194.85
"Atlantis_00A","HF_TRA",2051,195.57
"Atlantis_00A","HF_TRA",2052,224.342857142857
"Atlantis_00A","HF_TRA",2053,262.706666666667
"Atlantis_00A","HF_TRA",2054,263.693333333333
"Atlantis_00A","HF_TRA",2055,264.666666666667
"Atlantis_00A","HYDRO_DAM",2014,0
"Atlantis_00A","HYDRO_DAM",2015,0
"Atlantis_00A","HYDRO_DAM",2016,0
"Atlantis_00A","HYDRO_DAM",2017,0
"Atlantis_00A","HYDRO_DAM",2018,0
"Atlantis_00A","HYDRO_DAM",2019,0
"Atlantis_00A","HYDRO_DAM",2020,0
"Atlantis_00A","HYDRO_DAM",2021,0
"Atlantis_00A","HYDRO_DAM",2022,0
"Atlantis_00A","HYDRO_DAM",2023,0
"Atlantis_00A","HYDRO_DAM",2024,0
"Atlantis_00A","HYDRO_DAM",2025,0
"Atlantis_00A","HYDRO_DAM",2026,0
"Atlantis_00A","HYDRO_DAM",2027,0
"Atlantis_00A","HYDRO_DAM",2028,0
"Atlantis_00A","HYDRO_DAM",2029,0
"Atlantis_00A","HYDRO_DAM",2030,0.231022101292728
"Atlantis_00A","HYDRO_DAM",2031,0.0696637288022093
"Atlantis_00A","HYDRO_DAM",2032,0.0729810492213618
"Atlantis_00A","HYDRO_DAM",2033,0.190123053134909
"Atlantis_00A","HYDRO_DAM",2034,0.0692006304220416
"Atlantis_00A","HYDRO_DAM",2035,0.0526526535819871
"Atlantis_00A","HYDRO_DAM",2036,0.152183509494928
"Atlantis_00A","HYDRO_DAM",2037,0.0812355226693522
"Atlantis_00A","HYDRO_DAM",2038,0.0789670774524762
"Atlantis_00A","HYDRO_DAM",2039,0.0945436319458544
"Atlantis_00A","HYDRO_DAM",2040,0.071322389011785
"Atlantis_00A","HYDRO_DAM",2041,0.246546447419833
"Atlantis_00A","HYDRO_DAM",2042,0.0917660533857499
"Atlantis_00A","HYDRO_DAM",2043,0.0947747764475798
"Atlantis_00A","HYDRO_DAM",2044,0.0977834995094068
"Atlantis_00A","HYDRO_DAM",2045,0.100792222571232
"Atlantis_00A","HYDRO_DAM",2046,0.103800945633062
"Atlantis_00A","HYDRO_DAM",2047,0.10050355312133
"Atlantis_00A","HYDRO_DAM",2048,0.104810848255104
"Atlantis_00A","HYDRO_DAM",2049,0.107682378344287
"Atlantis_00A","HYDRO_DAM",2050,0
"Atlantis_00A","HYDRO_DAM",2051,0.103450373586937
"Atlantis_00A","HYDRO_DAM",2052,0.863934156556535
"Atlantis_00A","HYDRO_DAM",2053,0.255343101967985
"Atlantis_00A","HYDRO_DAM",2054,0.125148355143595
"Atlantis_00A","HYDRO_DAM",2055,0.12347579383478
"Atlantis_00A","HYDRO_MIN",2014,0
"Atlantis_00A","HYDRO_MIN",2015,0
"Atlantis_00A","HYDRO_MIN",2016,0
"Atlantis_00A","HYDRO_MIN",2017,0
"Atlantis_00A","HYDRO_MIN",2018,0
"Atlantis_00A","HYDRO_MIN",2019,0
"Atlantis_00A","HYDRO_MIN",2020,0
"Atlantis_00A","HYDRO_MIN",2021,0
"Atlantis_00A","HYDRO_MIN",2022,0
"Atlantis_00A","HYDRO_MIN",2023,0
"Atlantis_00A","HYDRO_MIN",2024,0
"Atlantis_00A","HYDRO_MIN",2025,0
"Atlantis_00A","HYDRO_MIN",2026,0
"Atlantis_00A","HYDRO_MIN",2027,0
"Atlantis_00A","HYDRO_MIN",2028,0
"Atlantis_00A","HYDRO_MIN",2029,0
"Atlantis_00A","HYDRO_MIN",2030,0
"Atlantis_00A","HYDRO_MIN",2031,0
"Atlantis_00A","HYDRO_MIN",2032,0
"Atlantis_00A","HYDRO_MIN",2033,0
"Atlantis_00A","HYDRO_MIN",2034,0
"Atlantis_00A","HYDRO_MIN",2035,0
"Atlantis_00A","HYDRO_MIN",2036,0
"Atlantis_00A","HYDRO_MIN",2037,0
"Atlantis_00A","HYDRO_MIN",2038,0
"Atlantis_00A","HYDRO_MIN",2039,0
"Atlantis_00A","HYDRO_MIN",2040,0
"Atlantis_00A","HYDRO_MIN",2041,0
"Atlantis_00A","HYDRO_MIN",2042,0
"Atlantis_00A","HYDRO_MIN",2043,0
"Atlantis_00A","HYDRO_MIN",2044,0
"Atlantis_00A","HYDRO_MIN",2045,0
"Atlantis_00A","HYDRO_MIN",2046,0
"Atlantis_00A","HYDRO_MIN",2047,0
"Atlantis_00A","HYDRO_MIN",2048,0
"Atlantis_00A","HYDRO_MIN",2049,0
"Atlantis_00A","HYDRO_MIN",2050,0
"Atlantis_00A","HYDRO_MIN",2051,0
"Atlantis_00A","HYDRO_MIN",2052,0
"Atlantis_00A","HYDRO_MIN",2053,0
"Atlantis_00A","HYDRO_MIN",2054,0
"Atlantis_00A","HYDRO_MIN",2055,0
"Atlantis_00A","NG_IMP",2014,93.3624617999176
"Atlantis_00A","NG_IMP",2015,2.68357264679203
"Atlantis_00A","NG_IMP",2016,3.74253472291017
"Atlantis_00A","NG_IMP",2017,0
"Atlantis_00A","NG_IMP",2018,0
"Atlantis_00A","NG_IMP",2019,0
"Atlantis_00A","NG_IMP",2020,0
"Atlantis_00A","NG_IMP",2021,1.64042098592891
"Atlantis_00A","NG_IMP",2022,5.77066325384371
"Atlantis_00A","NG_IMP",2023,0
"Atlantis_00A","NG_IMP",2024,1.97188360323418
"Atlantis_00A","NG_IMP",2025,3.03655014173268
"Atlantis_00A","NG_IMP",2026,8.47576914626498
"Atlantis_00A","NG_IMP",2027,3.43142947670232
"Atlantis_00A","NG_IMP",2028,0
"Atlantis_00A","NG_IMP",2029,0
"Atlantis_00A","NG_IMP",2030,0
"Atlantis_00A","NG_IMP",2031,0
"Atlantis_00A","NG_IMP",2032,0
"Atlantis_00A","NG_IMP",2033,0
"Atlantis_00A","NG_IMP",2034,0
"Atlantis_00A","NG_IMP",2035,0
"Atlantis_00A","NG_IMP",2036,0
"Atlantis_00A","NG_IMP",2037,0
"Atlantis_00A","NG_IMP",2038,0
"Atlantis_00A","NG_IMP",2039,0
"Atlantis_00A","NG_IMP",2040,0
"Atlantis_00A","NG_IMP",2041,0
"Atlantis_00A","NG_IMP",2042,0
"Atlantis_00A","NG_IMP",2043,0
"Atlantis_00A","NG_IMP",2044,83.6632409003278
"Atlantis_00A","NG_IMP",2045,2.8875864853239
"Atlantis_00A","NG_IMP",2046,3.92185360372148
"Atlantis_00A","NG_IMP",2047,0.242346305689249
"Atlantis_00A","NG_IMP",2048,0.190015276093757
"Atlantis_00A","NG_IMP",2049,0.204979534410225
"Atlantis_00A","NG_IMP",2050,0.879406445520499
"Atlantis_00A","NG_IMP",2051,2.15104822290098
"Atlantis_00A","NG_IMP",2052,5.79884419561667
"Atlantis_00A","NG_IMP",2053,0
"Atlantis_00A","NG_IMP",2054,0
"Atlantis_00A","NG_IMP",2055,3.48875890257297
"Atlantis_00A","NG_IND",2014,31.94
"Atlantis_00A","NG_IND",2015,32.5544476958307
"Atlantis_00A","NG_IND",2016,32.34
"Atlantis_00A","NG_IND",2017,31.52
"Atlantis_00A","NG_IND",2018,31.44
"Atlantis_00A","NG_IND",2019,31.2502123921601
"Atlantis_00A","NG_IND",2020,27.3
"Atlantis_00A","NG_IND",2021,31.67
"Atlantis_00A","NG_IND",2022,33.4911813543086
"Atlantis_00A","NG_IND",2023,33.51
"Atlantis_00A","NG_IND",2024,34.15
"Atlantis_00A","NG_IND",2025,34.8
"Atlantis_00A","NG_IND",2026,36.6183686922754
"Atlantis_00A","NG_IND",2027,37.5428897239962
"Atlantis_00A","NG_IND",2028,41.3514629929813
"Atlantis_00A","NG_IND",2029,44.9269216454647
"Atlantis_00A","NG_IND",2030,38.5272961446573
"Atlantis_00A","NG_IND",2031,40.0696261618073
"Atlantis_00A","NG_IND",2032,40.3414258291193
"Atlantis_00A","NG_IND",2033,39.45
"Atlantis_00A","NG_IND",2034,40.1521237006884
"Atlantis_00A","NG_IND",2035,41.4867952463749
"Atlantis_00A","NG_IND",2036,43.7334705660435
"Atlantis_00A","NG_IND",2037,43.0471852609881
"Atlantis_00A","NG_IND",2038,45.2322405295993
"Atlantis_00A","NG_IND",2039,45.8785537253409
"Atlantis_00A","NG_IND",2040,44.6385604641989
"Atlantis_00A","NG_IND",2041,44.7944722288566
"Atlantis_00A","NG_IND",2042,45.0052103085457
"Atlantis_00A","NG_IND",2043,45.2163432834849
"Atlantis_00A","NG_IND",2044,47.8201763785718
"Atlantis_00A","NG_IND",2045,47.9417993709055
"Atlantis_00A","NG_IND",2046,48.0649909979196
"Atlantis_00A","NG_IND",2047,48.2036738526588
"Atlantis_00A","NG_IND",2048,48.3221209333555
"Atlantis_00A","NG_IND",2049,48.457040400869
"Atlantis_00A","NG_IND",2050,45.64
"Atlantis_00A","NG_IND",2051,52.4918941651294
"Atlantis_00A","NG_IND",2052,49.2419139278641
"Atlantis_00A","NG_IND",2053,47.9955973497404
"Atlantis_00A","NG_IND",2054,49.4680376664345
"Atlantis_00A","NG_IND",2055,49.2994313378239
"Atlantis_00A","NG_OTH",2014,0
"Atlantis_00A","NG_OTH",2015,0
"Atlantis_00A","NG_OTH",2016,0
"Atlantis_00A","NG_OTH",2017,0
"Atlantis_00A","NG_OTH",2018,0
"Atlantis_00A","NG_OTH",2019,0
"Atlantis_00A","NG_OTH",2020,0
"Atlantis_00A","NG_OTH",2021,0
"Atlantis_00A","NG_OTH",2022,0
"Atlantis_00A","NG_OTH",2023,0
"Atlantis_00A","NG_OTH",2024,0
"Atlantis_00A","NG_OTH",2025,0
"Atlantis_00A","NG_OTH",2026,0
"Atlantis_00A","NG_OTH",2027,0
"Atlantis_00A","NG_OTH",2028,0
"Atlantis_00A","NG_OTH",2029,0
"Atlantis_00A","NG_OTH",2030,0
"Atlantis_00A","NG_OTH",2031,0
"Atlantis_00A","NG_OTH",2032,0
"Atlantis_00A","NG_OTH",2033,0
"Atlantis_00A","NG_OTH",2034,0
"Atlantis_00A","NG_OTH",2035,0
"Atlantis_00A","NG_OTH",2036,0
"Atlantis_00A","NG_OTH",2037,0
"Atlantis_00A","NG_OTH",2038,0
"Atlantis_00A","NG_OTH",2039,0
"Atlantis_00A","NG_OTH",2040,0
"Atlantis_00A","NG_OTH",2041,0
"Atlantis_00A","NG_OTH",2042,0
"Atlantis_00A","NG_OTH",2043,0
"Atlantis_00A","NG_OTH",2044,0
"Atlantis_00A","NG_OTH",2045,0
"Atlantis_00A","NG_OTH",2046,0
"Atlantis_00A","NG_OTH",2047,0
"Atlantis_00A","NG_OTH",2048,0
"Atlantis_00A","NG_OTH",2049,0
"Atlantis_00A","NG_OTH",2050,0
"Atlantis_00A","NG_OTH",2051,0
"Atlantis_00A","NG_OTH",2052,0
"Atlantis_00A","NG_OTH",2053,0
"Atlantis_00A","NG_OTH",2054,0
"Atlantis_00A","NG_OTH",2055,0
"Atlantis_00A","NG_RES",2014,3.81
"Atlantis_00A","NG_RES",2015,4.44
"Atlantis_00A","NG_RES",2016,5.59306508160946
"Atlantis_00A","NG_RES",2017,5.81749288146582
"Atlantis_00A","NG_RES",2018,6.20996917504756
"Atlantis_00A","NG_RES",2019,6.17999999999997
"Atlantis_00A","NG_RES",2020,7.24999999999999
"Atlantis_00A","NG_RES",2021,6.95
"Atlantis_00A","NG_RES",2022,7.38999999999998
"Atlantis_00A","NG_RES",2023,7.72100021035496
"Atlantis_00A","NG_RES",2024,9.89519006780097
"Atlantis_00A","NG_RES",2025,9.61468208918576
"Atlantis_00A","NG_RES",2026,8.45452103172073
"Atlantis_00A","NG_RES",2027,8.43
"Atlantis_00A","NG_RES",2028,8.66
"Atlantis_00A","NG_RES",2029,8.89
"Atlantis_00A","NG_RES",2030,9.37273082927893
"Atlantis_00A","NG_RES",2031,9.14
"Atlantis_00A","NG_RES",2032,9.564205587092
"Atlantis_00A","NG_RES",2033,9.49
"Atlantis_00A","NG_RES",2034,9.97444435522029
"Atlantis_00A","NG_RES",2035,9.80999999999999
"Atlantis_00A","NG_RES",2036,11.36
"Atlantis_00A","NG_RES",2037,13.44
"Atlantis_00A","NG_RES",2038,11.6685714285714
"Atlantis_00A","NG_RES",2039,11.8285714285714
"Atlantis_00A","NG_RES",2040,11.9771428571429
"Atlantis_00A","NG_RES",2041,12.08
"Atlantis_00A","NG_RES",2042,12.1942857142857
"Atlantis_00A","NG_RES",2043,10.77
"Atlantis_00A","NG_RES",2044,12.4114285714286
"Atlantis_00A","NG_RES",2045,10.96
"Atlantis_00A","NG_RES",2046,11.06
"Atlantis_00A","NG_RES",2047,11.16
"Atlantis_00A","NG_RES",2048,11.27
"Atlantis_00A","NG_RES",2049,11.37
"Atlantis_00A","NG_RES",2050,15.24
"Atlantis_00A","NG_RES",2051,11.54
"Atlantis_00A","NG_RES",2052,13.3028571428571
"Atlantis_00A","NG_RES",2053,13.4285714285714
"Atlantis_00A","NG_RES",2054,11.86
"Atlantis_00A","NG_RES",2055,11.97
"Atlantis_00A","NG_SER",2014,1.69
"Atlantis_00A","NG_SER",2015,1.78
"Atlantis_00A","NG_SER",2016,1.93
"Atlantis_00A","NG_SER",2017,2.44149933908388
"Atlantis_00A","NG_SER",2018,2.50285714285714
"Atlantis_00A","NG_SER",2019,2.57142857142857
"Atlantis_00A","NG_SER",2020,1.73
"Atlantis_00A","NG_SER",2021,2.21
"Atlantis_00A","NG_SER",2022,3.76
"Atlantis_00A","NG_SER",2023,3.39
"Atlantis_00A","NG_SER",2024,3.48
"Atlantis_00A","NG_SER",2025,4.07050797861516
"Atlantis_00A","NG_SER",2026,3.68
"Atlantis_00A","NG_SER",2027,3.78
"Atlantis_00A","NG_SER",2028,3.89
"Atlantis_00A","NG_SER",2029,4
"Atlantis_00A","NG_SER",2030,4.04
"Atlantis_00A","NG_SER",2031,4.08
"Atlantis_00A","NG_SER",2032,4.70857142857143
"Atlantis_00A","NG_SER",2033,4.17
"Atlantis_00A","NG_SER",2034,4.21
"Atlantis_00A","NG_SER",2035,4.26
"Atlantis_00A","NG_SER",2036,4.92571428571429
"Atlantis_00A","NG_SER",2037,4.99428571428571
"Atlantis_00A","NG_SER",2038,5.06285714285714
"Atlantis_00A","NG_SER",2039,5.13142857142857
"Atlantis_00A","NG_SER",2040,5.07428571428571
"Atlantis_00A","NG_SER",2041,5.10857142857143
"Atlantis_00A","NG_SER",2042,5.14285714285714
"Atlantis_00A","NG_SER",2043,4.54
"Atlantis_00A","NG_SER",2044,5.22285714285714
"Atlantis_00A","NG_SER",2045,4.61
"Atlantis_00A","NG_SER",2046,4.64
"Atlantis_00A","NG_SER",2047,5.33714285714286
"Atlantis_00A","NG_SER",2048,4.71
"Atlantis_00A","NG_SER",2049,5.41714285714286
"Atlantis_00A","NG_SER",2050,5.45142857142857
"Atlantis_00A","NG_SER",2051,4.8
"Atlantis_00A","NG_SER",2052,5.53142857142857
"Atlantis_00A","NG_SER",2053,5.56571428571428
"Atlantis_00A","NG_SER",2054,4.91
"Atlantis_00A","NG_SER",2055,4.95
"Atlantis_00A","NG_TRA",2014,24.667048680086
"Atlantis_00A","NG_TRA",2015,24.6930650816095
"Atlantis_00A","NG_TRA",2016,25.1744476958307
"Atlantis_00A","NG_TRA",2017,25.84
"Atlantis_00A","NG_TRA",2018,27.5484946464117
"Atlantis_00A","NG_TRA",2019,28.16302357781
"Atlantis_00A","NG_TRA",2020,18.43
"Atlantis_00A","NG_TRA",2021,25.7409800943959
"Atlantis_00A","NG_TRA",2022,25.9697987400873
"Atlantis_00A","NG_TRA",2023,27.3381986151312
"Atlantis_00A","NG_TRA",2024,27.0453552701059
"Atlantis_00A","NG_TRA",2025,27.5753552701058
"Atlantis_00A","NG_TRA",2026,29.1319291959254
"Atlantis_00A","NG_TRA",2027,29.6819291959254
"Atlantis_00A","NG_TRA",2028,31.1697642423335
"Atlantis_00A","NG_TRA",2029,32.6343877093862
"Atlantis_00A","NG_TRA",2030,31.2746012328991
"Atlantis_00A","NG_TRA",2031,32.2862315217303
"Atlantis_00A","NG_TRA",2032,33.308493859384
"Atlantis_00A","NG_TRA",2033,33.5492322857413
"Atlantis_00A","NG_TRA",2034,34.5062320026412
"Atlantis_00A","NG_TRA",2035,35.3595787776401
"Atlantis_00A","NG_TRA",2036,40.7205817869857
"Atlantis_00A","NG_TRA",2037,41.9861664904295
"Atlantis_00A","NG_TRA",2038,44.2687509485944
"Atlantis_00A","NG_TRA",2039,45.7434327750704
"Atlantis_00A","NG_TRA",2040,41.4270949257683
"Atlantis_00A","NG_TRA",2041,41.2618220352062
"Atlantis_00A","NG_TRA",2042,41.4358952042245
"Atlantis_00A","NG_TRA",2043,43.7758978482656
"Atlantis_00A","NG_TRA",2044,48.9616027848792
"Atlantis_00A","NG_TRA",2045,51.1082793453631
"Atlantis_00A","NG_TRA",2046,51.0344065991603
"Atlantis_00A","NG_TRA",2047,50.3409271929674
"Atlantis_00A","NG_TRA",2048,50.9296382455073
"Atlantis_00A","NG_TRA",2049,50.1925554552613
"Atlantis_00A","NG_TRA",2050,49.9847165873651
"Atlantis_00A","NG_TRA",2051,47.9948782306362
"Atlantis_00A","NG_TRA",2052,48.7787536953889
"Atlantis_00A","NG_TRA",2053,45.3489727599787
"Atlantis_00A","NG_TRA",2054,48.6450320678699
"Atlantis_00A","NG_TRA",2055,49.1158471573212
"Atlantis_00A","NGCC",2014,0
"Atlantis_00A","NGCC",2015,0
"Atlantis_00A","NGCC",2016,0
"Atlantis_00A","NGCC",2017,0
"Atlantis_00A","NGCC",2018,0
"Atlantis_00A","NGCC",2019,0
"Atlantis_00A","NGCC",2020,0
"Atlantis_00A","NGCC",2021,0
"Atlantis_00A","NGCC",2022,0
"Atlantis_00A","NGCC",2023,0
"Atlantis_00A","NGCC",2024,0
"Atlantis_00A","NGCC",2025,0
"Atlantis_00A","NGCC",2026,0
"Atlantis_00A","NGCC",2027,0
"Atlantis_00A","NGCC",2028,0
"Atlantis_00A","NGCC",2029,0
"Atlantis_00A","NGCC",2030,0
"Atlantis_00A","NGCC",2031,0
"Atlantis_00A","NGCC",2032,0
"Atlantis_00A","NGCC",2033,0
"Atlantis_00A","NGCC",2034,0
"Atlantis_00A","NGCC",2035,0
"Atlantis_00A","NGCC",2036,0
"Atlantis_00A","NGCC",2037,0
"Atlantis_00A","NGCC",2038,0
"Atlantis_00A","NGCC",2039,0
"Atlantis_00A","NGCC",2040,0
"Atlantis_00A","NGCC",2041,0
"Atlantis_00A","NGCC",2042,0
"Atlantis_00A","NGCC",2043,0
"Atlantis_00A","NGCC",2044,0
"Atlantis_00A","NGCC",2045,0
"Atlantis_00A","NGCC",2046,0
"Atlantis_00A","NGCC",2047,0
"Atlantis_00A","NGCC",2048,0
"Atlantis_00A","NGCC",2049,0
"Atlantis_00A","NGCC",2050,0
"Atlantis_00A","NGCC",2051,0
"Atlantis_00A","NGCC",2052,0
"Atlantis_00A","NGCC",2053,0
"Atlantis_00A","NGCC",2054,0
"Atlantis_00A","NGCC",2055,0
"Atlantis_00A","NGSC",2014,0
"Atlantis_00A","NGSC",2015,0
"Atlantis_00A","NGSC",2016,0
"Atlantis_00A","NGSC",2017,0
"Atlantis_00A","NGSC",2018,0
"Atlantis_00A","NGSC",2019,0
"Atlantis_00A","NGSC",2020,0
"Atlantis_00A","NGSC",2021,0
"Atlantis_00A","NGSC",2022,0
"Atlantis_00A","NGSC",2023,0
"Atlantis_00A","NGSC",2024,0
"Atlantis_00A","NGSC",2025,0
"Atlantis_00A","NGSC",2026,0
"Atlantis_00A","NGSC",2027,0
"Atlantis_00A","NGSC",2028,0
"Atlantis_00A","NGSC",2029,0
"Atlantis_00A","NGSC",2030,0
"Atlantis_00A","NGSC",2031,0
"Atlantis_00A","NGSC",2032,0
"Atlantis_00A","NGSC",2033,0.869416435959444
"Atlantis_00A","NGSC",2034,0
"Atlantis_00A","NGSC",2035,0
"Atlantis_00A","NGSC",2036,0
"Atlantis_00A","NGSC",2037,0
"Atlantis_00A","NGSC",2038,0
"Atlantis_00A","NGSC",2039,0
"Atlantis_00A","NGSC",2040,0
"Atlantis_00A","NGSC",2041,0.334229275842817
"Atlantis_00A","NGSC",2042,0
"Atlantis_00A","NGSC",2043,0
"Atlantis_00A","NGSC",2044,0
"Atlantis_00A","NGSC",2045,0
"Atlantis_00A","NGSC",2046,0
"Atlantis_00A","NGSC",2047,0
"Atlantis_00A","NGSC",2048,0
"Atlantis_00A","NGSC",2049,0
"Atlantis_00A","NGSC",2050,0
"Atlantis_00A","NGSC",2051,0
"Atlantis_00A","NGSC",2052,0
"Atlantis_00A","NGSC",2053,0.656786711505878
"Atlantis_00A","NGSC",2054,0
"Atlantis_00A","NGSC",2055,0
"Atlantis_00A","PV_ROF",2014,0
"Atlantis_00A","PV_ROF",2015,0
"Atlantis_00A","PV_ROF",2016,0
"Atlantis_00A","PV_ROF",2017,0
"Atlantis_00A","PV_ROF",2018,0
"Atlantis_00A","PV_ROF",2019,0
"Atlantis_00A","PV_ROF",2020,0
"Atlantis_00A","PV_ROF",2021,0
"Atlantis_00A","PV_ROF",2022,0
"Atlantis_00A","PV_ROF",2023,0
"Atlantis_00A","PV_ROF",2024,0
"Atlantis_00A","PV_ROF",2025,0
"Atlantis_00A","PV_ROF",2026,0
"Atlantis_00A","PV_ROF",2027,0
"Atlantis_00A","PV_ROF",2028,0
"Atlantis_00A","PV_ROF",2029,0
"Atlantis_00A","PV_ROF",2030,0.0333
"Atlantis_00A","PV_ROF",2031,0
"Atlantis_00A","PV_ROF",2032,0
"Atlantis_00A","PV_ROF",2033,0
"Atlantis_00A","PV_ROF",2034,0
"Atlantis_00A","PV_ROF",2035,0
"Atlantis_00A","PV_ROF",2036,0
"Atlantis_00A","PV_ROF",2037,0
"Atlantis_00A","PV_ROF",2038,0
"Atlantis_00A","PV_ROF",2039,0
"Atlantis_00A","PV_ROF",2040,0
"Atlantis_00A","PV_ROF",2041,0
"Atlantis_00A","PV_ROF",2042,0
"Atlantis_00A","PV_ROF",2043,0
"Atlantis_00A","PV_ROF",2044,0
"Atlantis_00A","PV_ROF",2045,0
"Atlantis_00A","PV_ROF",2046,0
"Atlantis_00A","PV_ROF",2047,0
"Atlantis_00A","PV_ROF",2048,0
"Atlantis_00A","PV_ROF",2049,0
"Atlantis_00A","PV_ROF",2050,0
"Atlantis_00A","PV_ROF",2051,0
"Atlantis_00A","PV_ROF",2052,0
"Atlantis_00A","PV_ROF",2053,0
"Atlantis_00A","PV_ROF",2054,0
"Atlantis_00A","PV_ROF",2055,0.0333
"Atlantis_00A","PV_UTL",2014,0
"Atlantis_00A","PV_UTL",2015,0
"Atlantis_00A","PV_UTL",2016,0
"Atlantis_00A","PV_UTL",2017,0
"Atlantis_00A","PV_UTL",2018,0
"Atlantis_00A","PV_UTL",2019,0
"Atlantis_00A","PV_UTL",2020,0
"Atlantis_00A","PV_UTL",2021,0
"Atlantis_00A","PV_UTL",2022,0
"Atlantis_00A","PV_UTL",2023,0
"Atlantis_00A","PV_UTL",2024,0
"Atlantis_00A","PV_UTL",2025,0
"Atlantis_00A","PV_UTL",2026,0
"Atlantis_00A","PV_UTL",2027,0
"Atlantis_00A","PV_UTL",2028,0.242686143838073
"Atlantis_00A","PV_UTL",2029,0.227292520658689
"Atlantis_00A","PV_UTL",2030,2.82794798416839
"Atlantis_00A","PV_UTL",2031,0
"Atlantis_00A","PV_UTL",2032,0
"Atlantis_00A","PV_UTL",2033,0
"Atlantis_00A","PV_UTL",2034,0
"Atlantis_00A","PV_UTL",2035,0
"Atlantis_00A","PV_UTL",2036,0
"Atlantis_00A","PV_UTL",2037,0
"Atlantis_00A","PV_UTL",2038,0.0276652963820057
"Atlantis_00A","PV_UTL",2039,0
"Atlantis_00A","PV_UTL",2040,0
"Atlantis_00A","PV_UTL",2041,0
"Atlantis_00A","PV_UTL",2042,0
"Atlantis_00A","PV_UTL",2043,0
"Atlantis_00A","PV_UTL",2044,0
"Atlantis_00A","PV_UTL",2045,0
"Atlantis_00A","PV_UTL",2046,0
"Atlantis_00A","PV_UTL",2047,0.0352103772134636
"Atlantis_00A","PV_UTL",2048,0.0367193933797557
"Atlantis_00A","PV_UTL",2049,0.0377254041572735
"Atlantis_00A","PV_UTL",2050,0
"Atlantis_00A","PV_UTL",2051,0.0362756449475165
"Atlantis_00A","PV_UTL",2052,0
"Atlantis_00A","PV_UTL",2053,0
"Atlantis_00A","PV_UTL",2054,0.225192782991587
"Atlantis_00A","PV_UTL",2055,2.87120644760207
"Atlantis_00A","TRANS",2014,28.8772628676628
"Atlantis_00A","TRANS",2015,29.7515203394196
"Atlantis_00A","TRANS",2016,30.9898552247993
"Atlantis_00A","TRANS",2017,31.6405057577955
"Atlantis_00A","TRANS",2018,31.9238535705518
"Atlantis_00A","TRANS",2019,32.7948857356918
"Atlantis_00A","TRANS",2020,31.6090226674892
"Atlantis_00A","TRANS",2021,35.1771062355325
"Atlantis_00A","TRANS",2022,36.1635763984621
"Atlantis_00A","TRANS",2023,37.0136198367312
"Atlantis_00A","TRANS",2024,37.8741576384358
"Atlantis_00A","TRANS",2025,38.7556841670111
"Atlantis_00A","TRANS",2026,39.6372106955865
"Atlantis_00A","TRANS",2027,40.5817034047745
"Atlantis_00A","TRANS",2028,41.3058144818186
"Atlantis_00A","TRANS",2029,42.1978353738294
"Atlantis_00A","TRANS",2030,42.7435422724713
"Atlantis_00A","TRANS",2031,43.6880349816592
"Atlantis_00A","TRANS",2032,44.653516417718
"Atlantis_00A","TRANS",2033,45.6085034903413
"Atlantis_00A","TRANS",2034,46.5529961995292
"Atlantis_00A","TRANS",2035,47.2246354593962
"Atlantis_00A","TRANS",2036,51.5063357410481
"Atlantis_00A","TRANS",2037,52.6502213555091
"Atlantis_00A","TRANS",2038,53.7626238796637
"Atlantis_00A","TRANS",2039,54.8855207672538
"Atlantis_00A","TRANS",2040,52.1150088203026
"Atlantis_00A","TRANS",2041,53.1434564369739
"Atlantis_00A","TRANS",2042,54.192892780516
"Atlantis_00A","TRANS",2043,55.263317850929
"Atlantis_00A","TRANS",2044,56.3547316482128
"Atlantis_00A","TRANS",2045,57.4776285358029
"Atlantis_00A","TRANS",2046,58.6215141502638
"Atlantis_00A","TRANS",2047,59.7653997647248
"Atlantis_00A","TRANS",2048,60.9092853791857
"Atlantis_00A","TRANS",2049,62.1266315376946
"Atlantis_00A","TRANS",2050,62.4204737138864
"Atlantis_00A","TRANS",2051,63.7952353239265
"Atlantis_00A","TRANS",2052,65.2329631145793
"Atlantis_00A","TRANS",2053,66.74415144928
"Atlantis_00A","TRANS",2054,68.2973172377223
"Atlantis_00A","TRANS",2055,69.955426660519
"Atlantis_00A","WIND",2014,0
"Atlantis_00A","WIND",2015,0
"Atlantis_00A","WIND",2016,0
"Atlantis_00A","WIND",2017,0
"Atlantis_00A","WIND",2018,0
"Atlantis_00A","WIND",2019,0
"Atlantis_00A","WIND",2020,0
"Atlantis_00A","WIND",2021,0
"Atlantis_00A","WIND",2022,0
"Atlantis_00A","WIND",2023,0
"Atlantis_00A","WIND",2024,0
"Atlantis_00A","WIND",2025,0
"Atlantis_00A","WIND",2026,0
"Atlantis_00A","WIND",2027,0
"Atlantis_00A","WIND",2028,0
"Atlantis_00A","WIND",2029,0
"Atlantis_00A","WIND",2030,0
"Atlantis_00A","WIND",2031,0
"Atlantis_00A","WIND",2032,0
"Atlantis_00A","WIND",2033,0
"Atlantis_00A","WIND",2034,0
"Atlantis_00A","WIND",2035,0
"Atlantis_00A","WIND",2036,0
"Atlantis_00A","WIND",2037,0
"Atlantis_00A","WIND",2038,0
"Atlantis_00A","WIND",2039,0
"Atlantis_00A","WIND",2040,0
"Atlantis_00A","WIND",2041,0.0007
"Atlantis_00A","WIND",2042,0
"Atlantis_00A","WIND",2043,0.003
"Atlantis_00A","WIND",2044,0
"Atlantis_00A","WIND",2045,0
"Atlantis_00A","WIND",2046,0
"Atlantis_00A","WIND",2047,0
"Atlantis_00A","WIND",2048,0
"Atlantis_00A","WIND",2049,0
"Atlantis_00A","WIND",2050,0
"Atlantis_00A","WIND",2051,0
"Atlantis_00A","WIND",2052,0
"Atlantis_00A","WIND",2053,0
"Atlantis_00A","WIND",2054,0
"Atlantis_00A","WIND",2055,0
