r,t,y,CapitalInvestment
"Atlantis_00A","BM_IMP",2014,0.003837976144
"Atlantis_00A","BM_IMP",2015,0.003639976144
"Atlantis_00A","BM_IMP",2016,0.003830976144
"Atlantis_00A","BM_IMP",2017,0.004029976144
"Atlantis_00A","BM_IMP",2018,0.004002976144
"Atlantis_00A","BM_IMP",2019,0.003459976144
"Atlantis_00A","BM_IMP",2020,0.003803976144
"Atlantis_00A","BM_IMP",2021,0.003033976144
"Atlantis_00A","BM_IMP",2022,0.003130976144
"Atlantis_00A","BM_IMP",2023,0.003056399690592
"Atlantis_00A","BM_IMP",2024,0.00311807320332
"Atlantis_00A","BM_IMP",2025,0.00314707320332
"Atlantis_00A","BM_IMP",2026,0.00317607320332
"Atlantis_00A","BM_IMP",2027,0.00320607320332
"Atlantis_00A","BM_IMP",2028,0.00313526789972
"Atlantis_00A","BM_IMP",2029,0.00316626789972
"Atlantis_00A","BM_IMP",2030,0.00318726789972
"Atlantis_00A","BM_IMP",2031,0.00318726789972
"Atlantis_00A","BM_IMP",2032,0.00318826789972
"Atlantis_00A","BM_IMP",2033,0.00318826789972
"Atlantis_00A","BM_IMP",2034,0.00318826789972
"Atlantis_00A","BM_IMP",2035,0.00318926789972
"Atlantis_00A","BM_IMP",2036,0.002719
"Atlantis_00A","BM_IMP",2037,0.002766
"Atlantis_00A","BM_IMP",2038,0.002815
"Atlantis_00A","BM_IMP",2039,0.002865
"Atlantis_00A","BM_IMP",2040,0.002908
"Atlantis_00A","BM_IMP",2041,0.002925
"Atlantis_00A","BM_IMP",2042,0.002943
"Atlantis_00A","BM_IMP",2043,0.00296
"Atlantis_00A","BM_IMP",2044,0.002978
"Atlantis_00A","BM_IMP",2045,0.002996
"Atlantis_00A","BM_IMP",2046,0.003014
"Atlantis_00A","BM_IMP",2047,0.003032
"Atlantis_00A","BM_IMP",2048,0.003052
"Atlantis_00A","BM_IMP",2049,0.003071
"Atlantis_00A","BM_IMP",2050,0.003082
"Atlantis_00A","BM_IMP",2051,0.003101
"Atlantis_00A","BM_IMP",2052,0.00312
"Atlantis_00A","BM_IMP",2053,0.00314
"Atlantis_00A","BM_IMP",2054,0.003159
"Atlantis_00A","BM_IMP",2055,0.003179
"Atlantis_00A","BM_IND",2014,0.002565
"Atlantis_00A","BM_IND",2015,0.002475
"Atlantis_00A","BM_IND",2016,0.002664
"Atlantis_00A","BM_IND",2017,0.002905528944
"Atlantis_00A","BM_IND",2018,0.00286
"Atlantis_00A","BM_IND",2019,0.002451
"Atlantis_00A","BM_IND",2020,0.002722
"Atlantis_00A","BM_IND",2021,0.002062
"Atlantis_00A","BM_IND",2022,0.002179528944
"Atlantis_00A","BM_IND",2023,0.002200517640992
"Atlantis_00A","BM_IND",2024,0.00221533401086286
"Atlantis_00A","BM_IND",2025,0.00223747686800571
"Atlantis_00A","BM_IND",2026,0.00226076258229143
"Atlantis_00A","BM_IND",2027,0.002284
"Atlantis_00A","BM_IND",2028,0.002308
"Atlantis_00A","BM_IND",2029,0.002333
"Atlantis_00A","BM_IND",2030,0.002351
"Atlantis_00A","BM_IND",2031,0.00238708845812
"Atlantis_00A","BM_IND",2032,0.002351
"Atlantis_00A","BM_IND",2033,0.002351
"Atlantis_00A","BM_IND",2034,0.002351
"Atlantis_00A","BM_IND",2035,0.002351
"Atlantis_00A","BM_IND",2036,0.002397
"Atlantis_00A","BM_IND",2037,0.002443
"Atlantis_00A","BM_IND",2038,0.002491
"Atlantis_00A","BM_IND",2039,0.00254
"Atlantis_00A","BM_IND",2040,0.002581
"Atlantis_00A","BM_IND",2041,0.0026
"Atlantis_00A","BM_IND",2042,0.00262
"Atlantis_00A","BM_IND",2043,0.002639
"Atlantis_00A","BM_IND",2044,0.002659
"Atlantis_00A","BM_IND",2045,0.002679
"Atlantis_00A","BM_IND",2046,0.002699
"Atlantis_00A","BM_IND",2047,0.002719
"Atlantis_00A","BM_IND",2048,0.00274
"Atlantis_00A","BM_IND",2049,0.002761
"Atlantis_00A","BM_IND",2050,0.002775
"Atlantis_00A","BM_IND",2051,0.002795
"Atlantis_00A","BM_IND",2052,0.002816
"Atlantis_00A","BM_IND",2053,0.002838
"Atlantis_00A","BM_IND",2054,0.002859
"Atlantis_00A","BM_IND",2055,0.002881
"Atlantis_00A","BM_RES",2014,0.000596528943999999
"Atlantis_00A","BM_RES",2015,0.000488528943999999
"Atlantis_00A","BM_RES",2016,0.000490528944
"Atlantis_00A","BM_RES",2017,0.000448
"Atlantis_00A","BM_RES",2018,0.000466528943999999
"Atlantis_00A","BM_RES",2019,0.000332528944
"Atlantis_00A","BM_RES",2020,0.000405528944
"Atlantis_00A","BM_RES",2021,0.000295528944
"Atlantis_00A","BM_RES",2022,0.000275
"Atlantis_00A","BM_RES",2023,0.00028
"Atlantis_00A","BM_RES",2024,0.000326857142857144
"Atlantis_00A","BM_RES",2025,0.000333714285714285
"Atlantis_00A","BM_RES",2026,0.000339428571428571
"Atlantis_00A","BM_RES",2027,0.00034619115372
"Atlantis_00A","BM_RES",2028,0.000346088458119999
"Atlantis_00A","BM_RES",2029,0.00035208845812
"Atlantis_00A","BM_RES",2030,0.00035508845812
"Atlantis_00A","BM_RES",2031,0.000319
"Atlantis_00A","BM_RES",2032,0.000356088458119999
"Atlantis_00A","BM_RES",2033,0.000356088458120001
"Atlantis_00A","BM_RES",2034,0.00035608845812
"Atlantis_00A","BM_RES",2035,0.00035708845812
"Atlantis_00A","BM_RES",2036,0.000322
"Atlantis_00A","BM_RES",2037,0.000323
"Atlantis_00A","BM_RES",2038,0.000324
"Atlantis_00A","BM_RES",2039,0.000325
"Atlantis_00A","BM_RES",2040,0.000327
"Atlantis_00A","BM_RES",2041,0.000325
"Atlantis_00A","BM_RES",2042,0.000323
"Atlantis_00A","BM_RES",2043,0.000321
"Atlantis_00A","BM_RES",2044,0.000319
"Atlantis_00A","BM_RES",2045,0.000317
"Atlantis_00A","BM_RES",2046,0.000315
"Atlantis_00A","BM_RES",2047,0.000313
"Atlantis_00A","BM_RES",2048,0.000312
"Atlantis_00A","BM_RES",2049,0.00031
"Atlantis_00A","BM_RES",2050,0.000307
"Atlantis_00A","BM_RES",2051,0.000306
"Atlantis_00A","BM_RES",2052,0.000304
"Atlantis_00A","BM_RES",2053,0.000302
"Atlantis_00A","BM_RES",2054,0.0003
"Atlantis_00A","BM_RES",2055,0.000298
"Atlantis_00A","BM_SC",2014,0
"Atlantis_00A","BM_SC",2015,0
"Atlantis_00A","BM_SC",2016,0
"Atlantis_00A","BM_SC",2017,0
"Atlantis_00A","BM_SC",2018,0
"Atlantis_00A","BM_SC",2019,0
"Atlantis_00A","BM_SC",2020,0
"Atlantis_00A","BM_SC",2021,0
"Atlantis_00A","BM_SC",2022,0
"Atlantis_00A","BM_SC",2023,0
"Atlantis_00A","BM_SC",2024,0
"Atlantis_00A","BM_SC",2025,0
"Atlantis_00A","BM_SC",2026,0
"Atlantis_00A","BM_SC",2027,0
"Atlantis_00A","BM_SC",2028,0
"Atlantis_00A","BM_SC",2029,0
"Atlantis_00A","BM_SC",2030,0
"Atlantis_00A","BM_SC",2031,0
"Atlantis_00A","BM_SC",2032,0
"Atlantis_00A","BM_SC",2033,0
"Atlantis_00A","BM_SC",2034,0
"Atlantis_00A","BM_SC",2035,0
"Atlantis_00A","BM_SC",2036,0
"Atlantis_00A","BM_SC",2037,0
"Atlantis_00A","BM_SC",2038,0
"Atlantis_00A","BM_SC",2039,0
"Atlantis_00A","BM_SC",2040,0
"Atlantis_00A","BM_SC",2041,0
"Atlantis_00A","BM_SC",2042,0
"Atlantis_00A","BM_SC",2043,0
"Atlantis_00A","BM_SC",2044,0
"Atlantis_00A","BM_SC",2045,0
"Atlantis_00A","BM_SC",2046,0
"Atlantis_00A","BM_SC",2047,0
"Atlantis_00A","BM_SC",2048,0
"Atlantis_00A","BM_SC",2049,0
"Atlantis_00A","BM_SC",2050,0
"Atlantis_00A","BM_SC",2051,0
"Atlantis_00A","BM_SC",2052,0
"Atlantis_00A","BM_SC",2053,0
"Atlantis_00A","BM_SC",2054,0
"Atlantis_00A","BM_SC",2055,0
"Atlantis_00A","CONS_BM",2014,0.003161528944
"Atlantis_00A","CONS_BM",2015,0.002963528944
"Atlantis_00A","CONS_BM",2016,0.003154528944
"Atlantis_00A","CONS_BM",2017,0.003353528944
"Atlantis_00A","CONS_BM",2018,0.003326528944
"Atlantis_00A","CONS_BM",2019,0.002783528944
"Atlantis_00A","CONS_BM",2020,0.003127528944
"Atlantis_00A","CONS_BM",2021,0.002357528944
"Atlantis_00A","CONS_BM",2022,0.002454528944
"Atlantis_00A","CONS_BM",2023,0.002480517640992
"Atlantis_00A","CONS_BM",2024,0.00254219115372
"Atlantis_00A","CONS_BM",2025,0.00257119115372
"Atlantis_00A","CONS_BM",2026,0.00260019115372
"Atlantis_00A","CONS_BM",2027,0.00263019115372
"Atlantis_00A","CONS_BM",2028,0.00265408845812
"Atlantis_00A","CONS_BM",2029,0.00268508845812
"Atlantis_00A","CONS_BM",2030,0.00270608845812
"Atlantis_00A","CONS_BM",2031,0.00270608845812
"Atlantis_00A","CONS_BM",2032,0.00270708845812
"Atlantis_00A","CONS_BM",2033,0.00270708845812
"Atlantis_00A","CONS_BM",2034,0.00270708845812
"Atlantis_00A","CONS_BM",2035,0.00270808845812
"Atlantis_00A","CONS_BM",2036,0.002719
"Atlantis_00A","CONS_BM",2037,0.002766
"Atlantis_00A","CONS_BM",2038,0.002815
"Atlantis_00A","CONS_BM",2039,0.002865
"Atlantis_00A","CONS_BM",2040,0.002908
"Atlantis_00A","CONS_BM",2041,0.002925
"Atlantis_00A","CONS_BM",2042,0.002943
"Atlantis_00A","CONS_BM",2043,0.00296
"Atlantis_00A","CONS_BM",2044,0.002978
"Atlantis_00A","CONS_BM",2045,0.002996
"Atlantis_00A","CONS_BM",2046,0.003014
"Atlantis_00A","CONS_BM",2047,0.003032
"Atlantis_00A","CONS_BM",2048,0.003052
"Atlantis_00A","CONS_BM",2049,0.003071
"Atlantis_00A","CONS_BM",2050,0.003082
"Atlantis_00A","CONS_BM",2051,0.003101
"Atlantis_00A","CONS_BM",2052,0.00312
"Atlantis_00A","CONS_BM",2053,0.00314
"Atlantis_00A","CONS_BM",2054,0.003159
"Atlantis_00A","CONS_BM",2055,0.003179
"Atlantis_00A","CONS_DS",2014,0.00599
"Atlantis_00A","CONS_DS",2015,0.006073
"Atlantis_00A","CONS_DS",2016,0.006212
"Atlantis_00A","CONS_DS",2017,0.006772
"Atlantis_00A","CONS_DS",2018,0.006955
"Atlantis_00A","CONS_DS",2019,0.006954
"Atlantis_00A","CONS_DS",2020,0.006058
"Atlantis_00A","CONS_DS",2021,0.007182
"Atlantis_00A","CONS_DS",2022,0.007486
"Atlantis_00A","CONS_DS",2023,0.007794
"Atlantis_00A","CONS_DS",2024,0.008133
"Atlantis_00A","CONS_DS",2025,0.008514
"Atlantis_00A","CONS_DS",2026,0.008926
"Atlantis_00A","CONS_DS",2027,0.009261
"Atlantis_00A","CONS_DS",2028,0.009313
"Atlantis_00A","CONS_DS",2029,0.009574
"Atlantis_00A","CONS_DS",2030,0.009814
"Atlantis_00A","CONS_DS",2031,0.01003
"Atlantis_00A","CONS_DS",2032,0.010258
"Atlantis_00A","CONS_DS",2033,0.010496
"Atlantis_00A","CONS_DS",2034,0.010759
"Atlantis_00A","CONS_DS",2035,0.01105
"Atlantis_00A","CONS_DS",2036,0.011333
"Atlantis_00A","CONS_DS",2037,0.011617
"Atlantis_00A","CONS_DS",2038,0.011931
"Atlantis_00A","CONS_DS",2039,0.012251
"Atlantis_00A","CONS_DS",2040,0.012561
"Atlantis_00A","CONS_DS",2041,0.012754
"Atlantis_00A","CONS_DS",2042,0.013004
"Atlantis_00A","CONS_DS",2043,0.013251
"Atlantis_00A","CONS_DS",2044,0.013498
"Atlantis_00A","CONS_DS",2045,0.013747
"Atlantis_00A","CONS_DS",2046,0.014006
"Atlantis_00A","CONS_DS",2047,0.01428
"Atlantis_00A","CONS_DS",2048,0.01457
"Atlantis_00A","CONS_DS",2049,0.014845
"Atlantis_00A","CONS_DS",2050,0.01512
"Atlantis_00A","CONS_DS",2051,0.015395
"Atlantis_00A","CONS_DS",2052,0.015666
"Atlantis_00A","CONS_DS",2053,0.015933
"Atlantis_00A","CONS_DS",2054,0.0185108571428571
"Atlantis_00A","CONS_DS",2055,0.032912
"Atlantis_00A","CONS_HF",2014,0.013235
"Atlantis_00A","CONS_HF",2015,0.013722
"Atlantis_00A","CONS_HF",2016,0.014331
"Atlantis_00A","CONS_HF",2017,0.015116
"Atlantis_00A","CONS_HF",2018,0.015586
"Atlantis_00A","CONS_HF",2019,0.015899
"Atlantis_00A","CONS_HF",2020,0.013231
"Atlantis_00A","CONS_HF",2021,0.016381
"Atlantis_00A","CONS_HF",2022,0.017639
"Atlantis_00A","CONS_HF",2023,0.017815
"Atlantis_00A","CONS_HF",2024,0.017992
"Atlantis_00A","CONS_HF",2025,0.018174
"Atlantis_00A","CONS_HF",2026,0.018358
"Atlantis_00A","CONS_HF",2027,0.018546
"Atlantis_00A","CONS_HF",2028,0.018737
"Atlantis_00A","CONS_HF",2029,0.018932
"Atlantis_00A","CONS_HF",2030,0.019043
"Atlantis_00A","CONS_HF",2031,0.019288
"Atlantis_00A","CONS_HF",2032,0.019539
"Atlantis_00A","CONS_HF",2033,0.019794
"Atlantis_00A","CONS_HF",2034,0.020054
"Atlantis_00A","CONS_HF",2035,0.020271
"Atlantis_00A","CONS_HF",2036,0.020452
"Atlantis_00A","CONS_HF",2037,0.020637
"Atlantis_00A","CONS_HF",2038,0.020823
"Atlantis_00A","CONS_HF",2039,0.021013
"Atlantis_00A","CONS_HF",2040,0.02118
"Atlantis_00A","CONS_HF",2041,0.02124
"Atlantis_00A","CONS_HF",2042,0.021302
"Atlantis_00A","CONS_HF",2043,0.021362
"Atlantis_00A","CONS_HF",2044,0.021425
"Atlantis_00A","CONS_HF",2045,0.021487
"Atlantis_00A","CONS_HF",2046,0.021548
"Atlantis_00A","CONS_HF",2047,0.02161
"Atlantis_00A","CONS_HF",2048,0.021673
"Atlantis_00A","CONS_HF",2049,0.021736
"Atlantis_00A","CONS_HF",2050,0.021786
"Atlantis_00A","CONS_HF",2051,0.021849
"Atlantis_00A","CONS_HF",2052,0.0250434285714286
"Atlantis_00A","CONS_HF",2053,0.0293026666666667
"Atlantis_00A","CONS_HF",2054,0.0293893333333333
"Atlantis_00A","CONS_HF",2055,0.029476
"Atlantis_00A","CONS_NG",2014,0.0062107048680086
"Atlantis_00A","CONS_NG",2015,0.00634675127774402
"Atlantis_00A","CONS_NG",2016,0.00650375127774402
"Atlantis_00A","CONS_NG",2017,0.00656189922205497
"Atlantis_00A","CONS_NG",2018,0.00677013209643164
"Atlantis_00A","CONS_NG",2019,0.00681646645413987
"Atlantis_00A","CONS_NG",2020,0.005471
"Atlantis_00A","CONS_NG",2021,0.00665709800943959
"Atlantis_00A","CONS_NG",2022,0.00706109800943959
"Atlantis_00A","CONS_NG",2023,0.00719591988254862
"Atlantis_00A","CONS_NG",2024,0.00745705453379068
"Atlantis_00A","CONS_NG",2025,0.00760605453379068
"Atlantis_00A","CONS_NG",2026,0.00778848189199216
"Atlantis_00A","CONS_NG",2027,0.00794348189199215
"Atlantis_00A","CONS_NG",2028,0.00810458123695216
"Atlantis_00A","CONS_NG",2029,0.00826558123695216
"Atlantis_00A","CONS_NG",2030,0.00834558123695214
"Atlantis_00A","CONS_NG",2031,0.00849158123695216
"Atlantis_00A","CONS_NG",2032,0.00864058123695215
"Atlantis_00A","CONS_NG",2033,0.00872309215885444
"Atlantis_00A","CONS_NG",2034,0.00887909215885443
"Atlantis_00A","CONS_NG",2035,0.00900809215885445
"Atlantis_00A","CONS_NG",2036,0.00903720547599199
"Atlantis_00A","CONS_NG",2037,0.009202205475992
"Atlantis_00A","CONS_NG",2038,0.00936820547599199
"Atlantis_00A","CONS_NG",2039,0.00954020547599199
"Atlantis_00A","CONS_NG",2040,0.009609
"Atlantis_00A","CONS_NG",2041,0.0098010955523469
"Atlantis_00A","CONS_NG",2042,0.0100862647194452
"Atlantis_00A","CONS_NG",2043,0.0101752091413123
"Atlantis_00A","CONS_NG",2044,0.0102642091413123
"Atlantis_00A","CONS_NG",2045,0.0103552091413123
"Atlantis_00A","CONS_NG",2046,0.0104472091413123
"Atlantis_00A","CONS_NG",2047,0.0105392091413123
"Atlantis_00A","CONS_NG",2048,0.0106342091413123
"Atlantis_00A","CONS_NG",2049,0.0107282091413123
"Atlantis_00A","CONS_NG",2050,0.0107842091413123
"Atlantis_00A","CONS_NG",2051,0.0108800616840473
"Atlantis_00A","CONS_NG",2052,0.0110827137530396
"Atlantis_00A","CONS_NG",2053,0.0111807137530395
"Atlantis_00A","CONS_NG",2054,0.0112797137530395
"Atlantis_00A","CONS_NG",2055,0.0113807137530394
"Atlantis_00A","DIST_IND",2014,0.000750310045473336
"Atlantis_00A","DIST_IND",2015,0.000785448532451426
"Atlantis_00A","DIST_IND",2016,0.000793716411740389
"Atlantis_00A","DIST_IND",2017,0.000800950806118231
"Atlantis_00A","DIST_IND",2018,0.000769946258784622
"Atlantis_00A","DIST_IND",2019,0.000800950806118231
"Atlantis_00A","DIST_IND",2020,0.000690367920628359
"Atlantis_00A","DIST_IND",2021,0.000817486564696156
"Atlantis_00A","DIST_IND",2022,0.000835055808185201
"Atlantis_00A","DIST_IND",2023,0.000852625051674246
"Atlantis_00A","DIST_IND",2024,0.00086916081025217
"Atlantis_00A","DIST_IND",2025,0.000886730053741215
"Atlantis_00A","DIST_IND",2026,0.000904299297230261
"Atlantis_00A","DIST_IND",2027,0.000922902025630426
"Atlantis_00A","DIST_IND",2028,0.000941504754030591
"Atlantis_00A","DIST_IND",2029,0.000960107482430757
"Atlantis_00A","DIST_IND",2030,0.000969408846630839
"Atlantis_00A","DIST_IND",2031,0.000982844150475403
"Atlantis_00A","DIST_IND",2032,0.000997312939231087
"Atlantis_00A","DIST_IND",2033,0.00101178172798677
"Atlantis_00A","DIST_IND",2034,0.00102521703183134
"Atlantis_00A","DIST_IND",2035,0.00103761885076478
"Atlantis_00A","DIST_IND",2036,0.00137350144687888
"Atlantis_00A","DIST_IND",2037,0.00139623811492352
"Atlantis_00A","DIST_IND",2038,0.00141897478296817
"Atlantis_00A","DIST_IND",2039,0.00144274493592394
"Atlantis_00A","DIST_IND",2040,0.00111099627945432
"Atlantis_00A","DIST_IND",2041,0.00112443158329888
"Atlantis_00A","DIST_IND",2042,0.00113890037205457
"Atlantis_00A","DIST_IND",2043,0.00115233567589913
"Atlantis_00A","DIST_IND",2044,0.00116680446465482
"Atlantis_00A","DIST_IND",2045,0.0011812732534105
"Atlantis_00A","DIST_IND",2046,0.00119574204216618
"Atlantis_00A","DIST_IND",2047,0.00121021083092187
"Atlantis_00A","DIST_IND",2048,0.00122467961967755
"Atlantis_00A","DIST_IND",2049,0.00124018189334436
"Atlantis_00A","DIST_IND",2050,0.0012474162877222
"Atlantis_00A","DIST_IND",2051,0.001262918561389
"Atlantis_00A","DIST_IND",2052,0.00127842083505581
"Atlantis_00A","DIST_IND",2053,0.00129392310872261
"Atlantis_00A","DIST_IND",2054,0.00130942538238942
"Atlantis_00A","DIST_IND",2055,0.00132596114096734
"Atlantis_00A","DIST_OTH",2014,0.000305911533691608
"Atlantis_00A","DIST_OTH",2015,0.000325547747002894
"Atlantis_00A","DIST_OTH",2016,0.000335882596114097
"Atlantis_00A","DIST_OTH",2017,0.000335882596114097
"Atlantis_00A","DIST_OTH",2018,0.000320380322447292
"Atlantis_00A","DIST_OTH",2019,0.000317279867713931
"Atlantis_00A","DIST_OTH",2020,0.000294543199669285
"Atlantis_00A","DIST_OTH",2021,0.000393757751136833
"Atlantis_00A","DIST_OTH",2022,0.000398925175692435
"Atlantis_00A","DIST_OTH",2023,0.000404092600248037
"Atlantis_00A","DIST_OTH",2024,0.000409260024803638
"Atlantis_00A","DIST_OTH",2025,0.000414427449359239
"Atlantis_00A","DIST_OTH",2026,0.000419594873914841
"Atlantis_00A","DIST_OTH",2027,0.000425795783381563
"Atlantis_00A","DIST_OTH",2028,0.000428896238114924
"Atlantis_00A","DIST_OTH",2029,0.000436130632492766
"Atlantis_00A","DIST_OTH",2030,0.000443365026870608
"Atlantis_00A","DIST_OTH",2031,0.00045059942124845
"Atlantis_00A","DIST_OTH",2032,0.000457833815626292
"Atlantis_00A","DIST_OTH",2033,0.000464034725093014
"Atlantis_00A","DIST_OTH",2034,0.000469202149648615
"Atlantis_00A","DIST_OTH",2035,0.000474369574204217
"Atlantis_00A","DIST_OTH",2036,0.000479536998759818
"Atlantis_00A","DIST_OTH",2037,0.00048573790822654
"Atlantis_00A","DIST_OTH",2038,0.000489871847871021
"Atlantis_00A","DIST_OTH",2039,0.000491938817693262
"Atlantis_00A","DIST_OTH",2040,0.000494005787515502
"Atlantis_00A","DIST_OTH",2041,0.000496072757337743
"Atlantis_00A","DIST_OTH",2042,0.000497106242248863
"Atlantis_00A","DIST_OTH",2043,0.000499173212071104
"Atlantis_00A","DIST_OTH",2044,0.000501240181893344
"Atlantis_00A","DIST_OTH",2045,0.000503307151715585
"Atlantis_00A","DIST_OTH",2046,0.000505374121537826
"Atlantis_00A","DIST_OTH",2047,0.000506407606448946
"Atlantis_00A","DIST_OTH",2048,0.000508474576271186
"Atlantis_00A","DIST_OTH",2049,0.000510541546093427
"Atlantis_00A","DIST_OTH",2050,0.000512608515915668
"Atlantis_00A","DIST_OTH",2051,0.000513642000826788
"Atlantis_00A","DIST_OTH",2052,0.000515708970649029
"Atlantis_00A","DIST_OTH",2053,0.000517775940471269
"Atlantis_00A","DIST_OTH",2054,0.00051984291029351
"Atlantis_00A","DIST_OTH",2055,0.00052190988011575
"Atlantis_00A","DIST_RES",2014,0.0010438197602315
"Atlantis_00A","DIST_RES",2015,0.00111306324927656
"Atlantis_00A","DIST_RES",2016,0.00117507234394378
"Atlantis_00A","DIST_RES",2017,0.00119987598181067
"Atlantis_00A","DIST_RES",2018,0.00123501446878876
"Atlantis_00A","DIST_RES",2019,0.00126601901612236
"Atlantis_00A","DIST_RES",2020,0.00135593220338983
"Atlantis_00A","DIST_RES",2021,0.00135386523356759
"Atlantis_00A","DIST_RES",2022,0.00140450599421248
"Atlantis_00A","DIST_RES",2023,0.00143861099627945
"Atlantis_00A","DIST_RES",2024,0.00147271599834642
"Atlantis_00A","DIST_RES",2025,0.00150785448532451
"Atlantis_00A","DIST_RES",2026,0.00154402645721372
"Atlantis_00A","DIST_RES",2027,0.00158123191401406
"Atlantis_00A","DIST_RES",2028,0.00161947085572551
"Atlantis_00A","DIST_RES",2029,0.00165874328234808
"Atlantis_00A","DIST_RES",2030,0.00167424555601488
"Atlantis_00A","DIST_RES",2031,0.00171765192228193
"Atlantis_00A","DIST_RES",2032,0.00176312525837123
"Atlantis_00A","DIST_RES",2033,0.00180859859446052
"Atlantis_00A","DIST_RES",2034,0.00185613890037205
"Atlantis_00A","DIST_RES",2035,0.00189231087226127
"Atlantis_00A","DIST_RES",2036,0.00194708557255064
"Atlantis_00A","DIST_RES",2037,0.00200289375775114
"Atlantis_00A","DIST_RES",2038,0.00205973542786275
"Atlantis_00A","DIST_RES",2039,0.00211864406779661
"Atlantis_00A","DIST_RES",2040,0.00216308391897478
"Atlantis_00A","DIST_RES",2041,0.002225093013642
"Atlantis_00A","DIST_RES",2042,0.00228813559322034
"Atlantis_00A","DIST_RES",2043,0.00235324514262092
"Atlantis_00A","DIST_RES",2044,0.00242042166184374
"Atlantis_00A","DIST_RES",2045,0.0024896651508888
"Atlantis_00A","DIST_RES",2046,0.0025609756097561
"Atlantis_00A","DIST_RES",2047,0.00263331955353452
"Atlantis_00A","DIST_RES",2048,0.0027087639520463
"Atlantis_00A","DIST_RES",2049,0.00278627532038032
"Atlantis_00A","DIST_RES",2050,0.0027800744109136
"Atlantis_00A","DIST_RES",2051,0.00285965274906986
"Atlantis_00A","DIST_RES",2052,0.00294129805704837
"Atlantis_00A","DIST_RES",2053,0.00302501033484911
"Atlantis_00A","DIST_RES",2054,0.0031107895824721
"Atlantis_00A","DIST_RES",2055,0.00319966928482844
"Atlantis_00A","DIST_SER",2014,0.000650062009094667
"Atlantis_00A","DIST_SER",2015,0.000702769739561802
"Atlantis_00A","DIST_SER",2016,0.000744109136006615
"Atlantis_00A","DIST_SER",2017,0.000774080198429103
"Atlantis_00A","DIST_SER",2018,0.000810252170318313
"Atlantis_00A","DIST_SER",2019,0.00083402232327408
"Atlantis_00A","DIST_SER",2020,0.00076477883422902
"Atlantis_00A","DIST_SER",2021,0.000889830508474576
"Atlantis_00A","DIST_SER",2022,0.000913600661430343
"Atlantis_00A","DIST_SER",2023,0.00093840429929723
"Atlantis_00A","DIST_SER",2024,0.000964241422075238
"Atlantis_00A","DIST_SER",2025,0.000990078544853245
"Atlantis_00A","DIST_SER",2026,0.00101591566763125
"Atlantis_00A","DIST_SER",2027,0.0010438197602315
"Atlantis_00A","DIST_SER",2028,0.00105312112443158
"Atlantis_00A","DIST_SER",2029,0.00107275733774287
"Atlantis_00A","DIST_SER",2030,0.00109239355105415
"Atlantis_00A","DIST_SER",2031,0.00111306324927656
"Atlantis_00A","DIST_SER",2032,0.00113373294749897
"Atlantis_00A","DIST_SER",2033,0.00115130219098801
"Atlantis_00A","DIST_SER",2034,0.00116680446465482
"Atlantis_00A","DIST_SER",2035,0.00118230673832162
"Atlantis_00A","DIST_SER",2036,0.00119884249689955
"Atlantis_00A","DIST_SER",2037,0.00121537825547747
"Atlantis_00A","DIST_SER",2038,0.00122881355932203
"Atlantis_00A","DIST_SER",2039,0.00124018189334436
"Atlantis_00A","DIST_SER",2040,0.00125155022736668
"Atlantis_00A","DIST_SER",2041,0.001262918561389
"Atlantis_00A","DIST_SER",2042,0.00127532038032245
"Atlantis_00A","DIST_SER",2043,0.00128668871434477
"Atlantis_00A","DIST_SER",2044,0.00129805704836709
"Atlantis_00A","DIST_SER",2045,0.00131045886730054
"Atlantis_00A","DIST_SER",2046,0.00132182720132286
"Atlantis_00A","DIST_SER",2047,0.0013342290202563
"Atlantis_00A","DIST_SER",2048,0.00134146341463415
"Atlantis_00A","DIST_SER",2049,0.00135386523356759
"Atlantis_00A","DIST_SER",2050,0.00136626705250103
"Atlantis_00A","DIST_SER",2051,0.00137866887143448
"Atlantis_00A","DIST_SER",2052,0.00139107069036792
"Atlantis_00A","DIST_SER",2053,0.00140450599421248
"Atlantis_00A","DIST_SER",2054,0.00141690781314593
"Atlantis_00A","DIST_SER",2055,0.00143034311699049
"Atlantis_00A","DIST_TRA",2014,1.0334849111203e-06
"Atlantis_00A","DIST_TRA",2015,3.10045473336089e-06
"Atlantis_00A","DIST_TRA",2016,3.10045473336089e-06
"Atlantis_00A","DIST_TRA",2017,5.16742455560149e-06
"Atlantis_00A","DIST_TRA",2018,8.26787928896238e-06
"Atlantis_00A","DIST_TRA",2019,1.13683340223233e-05
"Atlantis_00A","DIST_TRA",2020,7.23439437784209e-06
"Atlantis_00A","DIST_TRA",2021,9.30136420008268e-06
"Atlantis_00A","DIST_TRA",2022,9.30136420008268e-06
"Atlantis_00A","DIST_TRA",2023,1.13683340223233e-05
"Atlantis_00A","DIST_TRA",2024,1.44687887556842e-05
"Atlantis_00A","DIST_TRA",2025,1.75692434890451e-05
"Atlantis_00A","DIST_TRA",2026,1.96362133112857e-05
"Atlantis_00A","DIST_TRA",2027,2.27366680446466e-05
"Atlantis_00A","DIST_TRA",2028,2.48036378668872e-05
"Atlantis_00A","DIST_TRA",2029,2.7904092600248e-05
"Atlantis_00A","DIST_TRA",2030,2.99710624224886e-05
"Atlantis_00A","DIST_TRA",2031,3.72054568003307e-05
"Atlantis_00A","DIST_TRA",2032,4.44398511781728e-05
"Atlantis_00A","DIST_TRA",2033,5.37412153782555e-05
"Atlantis_00A","DIST_TRA",2034,6.51095494005788e-05
"Atlantis_00A","DIST_TRA",2035,6.20090946672179e-05
"Atlantis_00A","DIST_TRA",2036,7.13104588673005e-05
"Atlantis_00A","DIST_TRA",2037,8.26787928896238e-05
"Atlantis_00A","DIST_TRA",2038,9.50806118230674e-05
"Atlantis_00A","DIST_TRA",2039,0.000108515915667631
"Atlantis_00A","DIST_TRA",2040,0.000108515915667631
"Atlantis_00A","DIST_TRA",2041,0.000120917734601075
"Atlantis_00A","DIST_TRA",2042,0.000133319553534518
"Atlantis_00A","DIST_TRA",2043,0.000145721372467962
"Atlantis_00A","DIST_TRA",2044,0.000158123191401406
"Atlantis_00A","DIST_TRA",2045,0.000170525010334849
"Atlantis_00A","DIST_TRA",2046,0.000182926829268293
"Atlantis_00A","DIST_TRA",2047,0.000195328648201736
"Atlantis_00A","DIST_TRA",2048,0.00020773046713518
"Atlantis_00A","DIST_TRA",2049,0.000220132286068623
"Atlantis_00A","DIST_TRA",2050,0.000232534105002067
"Atlantis_00A","DIST_TRA",2051,0.000258371227780074
"Atlantis_00A","DIST_TRA",2052,0.000288342290202563
"Atlantis_00A","DIST_TRA",2053,0.000320380322447292
"Atlantis_00A","DIST_TRA",2054,0.000357585779247623
"Atlantis_00A","DIST_TRA",2055,0.000397891690781315
"Atlantis_00A","DS_IMP",2014,0.00599
"Atlantis_00A","DS_IMP",2015,0.006073
"Atlantis_00A","DS_IMP",2016,0.006212
"Atlantis_00A","DS_IMP",2017,0.006772
"Atlantis_00A","DS_IMP",2018,0.006955
"Atlantis_00A","DS_IMP",2019,0.006954
"Atlantis_00A","DS_IMP",2020,0.006058
"Atlantis_00A","DS_IMP",2021,0.007182
"Atlantis_00A","DS_IMP",2022,0.007486
"Atlantis_00A","DS_IMP",2023,0.007794
"Atlantis_00A","DS_IMP",2024,0.008133
"Atlantis_00A","DS_IMP",2025,0.008514
"Atlantis_00A","DS_IMP",2026,0.008926
"Atlantis_00A","DS_IMP",2027,0.009261
"Atlantis_00A","DS_IMP",2028,0.009313
"Atlantis_00A","DS_IMP",2029,0.009574
"Atlantis_00A","DS_IMP",2030,0.009814
"Atlantis_00A","DS_IMP",2031,0.01003
"Atlantis_00A","DS_IMP",2032,0.010258
"Atlantis_00A","DS_IMP",2033,0.010496
"Atlantis_00A","DS_IMP",2034,0.010759
"Atlantis_00A","DS_IMP",2035,0.01105
"Atlantis_00A","DS_IMP",2036,0.011333
"Atlantis_00A","DS_IMP",2037,0.011617
"Atlantis_00A","DS_IMP",2038,0.011931
"Atlantis_00A","DS_IMP",2039,0.012251
"Atlantis_00A","DS_IMP",2040,0.012561
"Atlantis_00A","DS_IMP",2041,0.012754
"Atlantis_00A","DS_IMP",2042,0.013004
"Atlantis_00A","DS_IMP",2043,0.013251
"Atlantis_00A","DS_IMP",2044,0.013498
"Atlantis_00A","DS_IMP",2045,0.013747
"Atlantis_00A","DS_IMP",2046,0.014006
"Atlantis_00A","DS_IMP",2047,0.01428
"Atlantis_00A","DS_IMP",2048,0.01457
"Atlantis_00A","DS_IMP",2049,0.014845
"Atlantis_00A","DS_IMP",2050,0.01512
"Atlantis_00A","DS_IMP",2051,0.015395
"Atlantis_00A","DS_IMP",2052,0.015666
"Atlantis_00A","DS_IMP",2053,0.015933
"Atlantis_00A","DS_IMP",2054,0.0185108571428571
"Atlantis_00A","DS_IMP",2055,0.032912
"Atlantis_00A","DS_IND",2014,0.000232
"Atlantis_00A","DS_IND",2015,0.00023
"Atlantis_00A","DS_IND",2016,0.000175
"Atlantis_00A","DS_IND",2017,0.000251999999999999
"Atlantis_00A","DS_IND",2018,0.000247
"Atlantis_00A","DS_IND",2019,0.000224
"Atlantis_00A","DS_IND",2020,0.000157
"Atlantis_00A","DS_IND",2021,0.000215
"Atlantis_00A","DS_IND",2022,0.000209
"Atlantis_00A","DS_IND",2023,0.000202
"Atlantis_00A","DS_IND",2024,0.000197
"Atlantis_00A","DS_IND",2025,0.000195
"Atlantis_00A","DS_IND",2026,0.000193
"Atlantis_00A","DS_IND",2027,0.000179
"Atlantis_00A","DS_IND",2028,0.000178
"Atlantis_00A","DS_IND",2029,0.000181
"Atlantis_00A","DS_IND",2030,0.000183
"Atlantis_00A","DS_IND",2031,0.000172000000000001
"Atlantis_00A","DS_IND",2032,0.000169
"Atlantis_00A","DS_IND",2033,0.000166
"Atlantis_00A","DS_IND",2034,0.000163
"Atlantis_00A","DS_IND",2035,0.00016
"Atlantis_00A","DS_IND",2036,0.000157
"Atlantis_00A","DS_IND",2037,0.000155000000000001
"Atlantis_00A","DS_IND",2038,0.000151
"Atlantis_00A","DS_IND",2039,0.000146
"Atlantis_00A","DS_IND",2040,0.000143
"Atlantis_00A","DS_IND",2041,0.000141
"Atlantis_00A","DS_IND",2042,0.000137
"Atlantis_00A","DS_IND",2043,0.000134
"Atlantis_00A","DS_IND",2044,0.000131
"Atlantis_00A","DS_IND",2045,0.000127000000000003
"Atlantis_00A","DS_IND",2046,0.000124
"Atlantis_00A","DS_IND",2047,0.00012
"Atlantis_00A","DS_IND",2048,0.000117
"Atlantis_00A","DS_IND",2049,0.000114
"Atlantis_00A","DS_IND",2050,0.000110999999999998
"Atlantis_00A","DS_IND",2051,0.000107999999999998
"Atlantis_00A","DS_IND",2052,0.000104
"Atlantis_00A","DS_IND",2053,0.000101
"Atlantis_00A","DS_IND",2054,0.000111999999999999
"Atlantis_00A","DS_IND",2055,0.000188
"Atlantis_00A","DS_OTH",2014,0.000504
"Atlantis_00A","DS_OTH",2015,0.000501
"Atlantis_00A","DS_OTH",2016,0.000506
"Atlantis_00A","DS_OTH",2017,0.000535
"Atlantis_00A","DS_OTH",2018,0.000578
"Atlantis_00A","DS_OTH",2019,0.000595
"Atlantis_00A","DS_OTH",2020,0.000607
"Atlantis_00A","DS_OTH",2021,0.000631
"Atlantis_00A","DS_OTH",2022,0.000653
"Atlantis_00A","DS_OTH",2023,0.000675
"Atlantis_00A","DS_OTH",2024,0.000697
"Atlantis_00A","DS_OTH",2025,0.000719
"Atlantis_00A","DS_OTH",2026,0.000742
"Atlantis_00A","DS_OTH",2027,0.000765
"Atlantis_00A","DS_OTH",2028,0.000788
"Atlantis_00A","DS_OTH",2029,0.000811
"Atlantis_00A","DS_OTH",2030,0.000832
"Atlantis_00A","DS_OTH",2031,0.000852
"Atlantis_00A","DS_OTH",2032,0.000873
"Atlantis_00A","DS_OTH",2033,0.000893
"Atlantis_00A","DS_OTH",2034,0.000916
"Atlantis_00A","DS_OTH",2035,0.000941
"Atlantis_00A","DS_OTH",2036,0.000963
"Atlantis_00A","DS_OTH",2037,0.000984
"Atlantis_00A","DS_OTH",2038,0.001004
"Atlantis_00A","DS_OTH",2039,0.001027
"Atlantis_00A","DS_OTH",2040,0.00105
"Atlantis_00A","DS_OTH",2041,0.001072
"Atlantis_00A","DS_OTH",2042,0.001094
"Atlantis_00A","DS_OTH",2043,0.001115
"Atlantis_00A","DS_OTH",2044,0.001137
"Atlantis_00A","DS_OTH",2045,0.001159
"Atlantis_00A","DS_OTH",2046,0.001181
"Atlantis_00A","DS_OTH",2047,0.001203
"Atlantis_00A","DS_OTH",2048,0.001225
"Atlantis_00A","DS_OTH",2049,0.001247
"Atlantis_00A","DS_OTH",2050,0.001269
"Atlantis_00A","DS_OTH",2051,0.001291
"Atlantis_00A","DS_OTH",2052,0.001313
"Atlantis_00A","DS_OTH",2053,0.001335
"Atlantis_00A","DS_OTH",2054,0.00155085714285714
"Atlantis_00A","DS_OTH",2055,0.002756
"Atlantis_00A","DS_TRA",2014,0.005254
"Atlantis_00A","DS_TRA",2015,0.005342
"Atlantis_00A","DS_TRA",2016,0.005531
"Atlantis_00A","DS_TRA",2017,0.005985
"Atlantis_00A","DS_TRA",2018,0.00613
"Atlantis_00A","DS_TRA",2019,0.006135
"Atlantis_00A","DS_TRA",2020,0.005294
"Atlantis_00A","DS_TRA",2021,0.006336
"Atlantis_00A","DS_TRA",2022,0.006624
"Atlantis_00A","DS_TRA",2023,0.006917
"Atlantis_00A","DS_TRA",2024,0.007239
"Atlantis_00A","DS_TRA",2025,0.0076
"Atlantis_00A","DS_TRA",2026,0.007991
"Atlantis_00A","DS_TRA",2027,0.008317
"Atlantis_00A","DS_TRA",2028,0.008347
"Atlantis_00A","DS_TRA",2029,0.008582
"Atlantis_00A","DS_TRA",2030,0.008799
"Atlantis_00A","DS_TRA",2031,0.009006
"Atlantis_00A","DS_TRA",2032,0.009216
"Atlantis_00A","DS_TRA",2033,0.009437
"Atlantis_00A","DS_TRA",2034,0.00968
"Atlantis_00A","DS_TRA",2035,0.009949
"Atlantis_00A","DS_TRA",2036,0.010213
"Atlantis_00A","DS_TRA",2037,0.010478
"Atlantis_00A","DS_TRA",2038,0.010776
"Atlantis_00A","DS_TRA",2039,0.011078
"Atlantis_00A","DS_TRA",2040,0.011368
"Atlantis_00A","DS_TRA",2041,0.011541
"Atlantis_00A","DS_TRA",2042,0.011773
"Atlantis_00A","DS_TRA",2043,0.012002
"Atlantis_00A","DS_TRA",2044,0.01223
"Atlantis_00A","DS_TRA",2045,0.012461
"Atlantis_00A","DS_TRA",2046,0.012701
"Atlantis_00A","DS_TRA",2047,0.012957
"Atlantis_00A","DS_TRA",2048,0.013228
"Atlantis_00A","DS_TRA",2049,0.013484
"Atlantis_00A","DS_TRA",2050,0.01374
"Atlantis_00A","DS_TRA",2051,0.013996
"Atlantis_00A","DS_TRA",2052,0.014249
"Atlantis_00A","DS_TRA",2053,0.014497
"Atlantis_00A","DS_TRA",2054,0.016848
"Atlantis_00A","DS_TRA",2055,0.029968
"Atlantis_00A","DSGC",2014,0
"Atlantis_00A","DSGC",2015,0
"Atlantis_00A","DSGC",2016,0
"Atlantis_00A","DSGC",2017,0
"Atlantis_00A","DSGC",2018,0
"Atlantis_00A","DSGC",2019,0
"Atlantis_00A","DSGC",2020,0
"Atlantis_00A","DSGC",2021,0
"Atlantis_00A","DSGC",2022,0
"Atlantis_00A","DSGC",2023,0
"Atlantis_00A","DSGC",2024,0
"Atlantis_00A","DSGC",2025,0
"Atlantis_00A","DSGC",2026,0
"Atlantis_00A","DSGC",2027,0
"Atlantis_00A","DSGC",2028,0
"Atlantis_00A","DSGC",2029,0
"Atlantis_00A","DSGC",2030,0
"Atlantis_00A","DSGC",2031,0
"Atlantis_00A","DSGC",2032,0
"Atlantis_00A","DSGC",2033,0
"Atlantis_00A","DSGC",2034,0
"Atlantis_00A","DSGC",2035,0
"Atlantis_00A","DSGC",2036,0
"Atlantis_00A","DSGC",2037,0
"Atlantis_00A","DSGC",2038,0
"Atlantis_00A","DSGC",2039,0
"Atlantis_00A","DSGC",2040,0
"Atlantis_00A","DSGC",2041,0
"Atlantis_00A","DSGC",2042,0
"Atlantis_00A","DSGC",2043,0
"Atlantis_00A","DSGC",2044,0
"Atlantis_00A","DSGC",2045,0
"Atlantis_00A","DSGC",2046,0
"Atlantis_00A","DSGC",2047,0
"Atlantis_00A","DSGC",2048,0
"Atlantis_00A","DSGC",2049,0
"Atlantis_00A","DSGC",2050,0
"Atlantis_00A","DSGC",2051,0
"Atlantis_00A","DSGC",2052,0
"Atlantis_00A","DSGC",2053,0
"Atlantis_00A","DSGC",2054,0
"Atlantis_00A","DSGC",2055,0
"Atlantis_00A","EXP_HF",2014,0
"Atlantis_00A","EXP_HF",2015,0
"Atlantis_00A","EXP_HF",2016,0
"Atlantis_00A","EXP_HF",2017,0
"Atlantis_00A","EXP_HF",2018,0
"Atlantis_00A","EXP_HF",2019,0
"Atlantis_00A","EXP_HF",2020,0
"Atlantis_00A","EXP_HF",2021,0
"Atlantis_00A","EXP_HF",2022,0
"Atlantis_00A","EXP_HF",2023,0
"Atlantis_00A","EXP_HF",2024,0
"Atlantis_00A","EXP_HF",2025,0
"Atlantis_00A","EXP_HF",2026,0
"Atlantis_00A","EXP_HF",2027,0
"Atlantis_00A","EXP_HF",2028,0
"Atlantis_00A","EXP_HF",2029,0
"Atlantis_00A","EXP_HF",2030,0
"Atlantis_00A","EXP_HF",2031,0
"Atlantis_00A","EXP_HF",2032,0
"Atlantis_00A","EXP_HF",2033,0
"Atlantis_00A","EXP_HF",2034,0
"Atlantis_00A","EXP_HF",2035,0
"Atlantis_00A","EXP_HF",2036,0
"Atlantis_00A","EXP_HF",2037,0
"Atlantis_00A","EXP_HF",2038,0
"Atlantis_00A","EXP_HF",2039,0
"Atlantis_00A","EXP_HF",2040,0
"Atlantis_00A","EXP_HF",2041,0
"Atlantis_00A","EXP_HF",2042,0
"Atlantis_00A","EXP_HF",2043,0
"Atlantis_00A","EXP_HF",2044,0
"Atlantis_00A","EXP_HF",2045,0
"Atlantis_00A","EXP_HF",2046,0
"Atlantis_00A","EXP_HF",2047,0
"Atlantis_00A","EXP_HF",2048,0
"Atlantis_00A","EXP_HF",2049,0
"Atlantis_00A","EXP_HF",2050,0
"Atlantis_00A","EXP_HF",2051,0
"Atlantis_00A","EXP_HF",2052,0
"Atlantis_00A","EXP_HF",2053,0
"Atlantis_00A","EXP_HF",2054,0
"Atlantis_00A","EXP_HF",2055,0
"Atlantis_00A","EXP_NG",2014,0
"Atlantis_00A","EXP_NG",2015,0
"Atlantis_00A","EXP_NG",2016,0
"Atlantis_00A","EXP_NG",2017,0
"Atlantis_00A","EXP_NG",2018,0
"Atlantis_00A","EXP_NG",2019,0
"Atlantis_00A","EXP_NG",2020,0
"Atlantis_00A","EXP_NG",2021,0
"Atlantis_00A","EXP_NG",2022,0
"Atlantis_00A","EXP_NG",2023,0
"Atlantis_00A","EXP_NG",2024,0
"Atlantis_00A","EXP_NG",2025,0
"Atlantis_00A","EXP_NG",2026,0
"Atlantis_00A","EXP_NG",2027,0
"Atlantis_00A","EXP_NG",2028,0
"Atlantis_00A","EXP_NG",2029,0
"Atlantis_00A","EXP_NG",2030,0
"Atlantis_00A","EXP_NG",2031,0
"Atlantis_00A","EXP_NG",2032,0
"Atlantis_00A","EXP_NG",2033,0
"Atlantis_00A","EXP_NG",2034,0
"Atlantis_00A","EXP_NG",2035,0
"Atlantis_00A","EXP_NG",2036,0
"Atlantis_00A","EXP_NG",2037,0
"Atlantis_00A","EXP_NG",2038,0
"Atlantis_00A","EXP_NG",2039,0
"Atlantis_00A","EXP_NG",2040,0
"Atlantis_00A","EXP_NG",2041,0
"Atlantis_00A","EXP_NG",2042,0
"Atlantis_00A","EXP_NG",2043,0
"Atlantis_00A","EXP_NG",2044,0
"Atlantis_00A","EXP_NG",2045,0
"Atlantis_00A","EXP_NG",2046,0
"Atlantis_00A","EXP_NG",2047,0
"Atlantis_00A","EXP_NG",2048,0
"Atlantis_00A","EXP_NG",2049,0
"Atlantis_00A","EXP_NG",2050,0
"Atlantis_00A","EXP_NG",2051,0
"Atlantis_00A","EXP_NG",2052,0
"Atlantis_00A","EXP_NG",2053,0
"Atlantis_00A","EXP_NG",2054,0
"Atlantis_00A","EXP_NG",2055,0
"Atlantis_00A","GT_FC",2014,0
"Atlantis_00A","GT_FC",2015,0
"Atlantis_00A","GT_FC",2016,0
"Atlantis_00A","GT_FC",2017,0
"Atlantis_00A","GT_FC",2018,0
"Atlantis_00A","GT_FC",2019,0
"Atlantis_00A","GT_FC",2020,0
"Atlantis_00A","GT_FC",2021,0
"Atlantis_00A","GT_FC",2022,0
"Atlantis_00A","GT_FC",2023,0
"Atlantis_00A","GT_FC",2024,0
"Atlantis_00A","GT_FC",2025,0
"Atlantis_00A","GT_FC",2026,0
"Atlantis_00A","GT_FC",2027,0
"Atlantis_00A","GT_FC",2028,0
"Atlantis_00A","GT_FC",2029,0
"Atlantis_00A","GT_FC",2030,0
"Atlantis_00A","GT_FC",2031,0
"Atlantis_00A","GT_FC",2032,0
"Atlantis_00A","GT_FC",2033,0
"Atlantis_00A","GT_FC",2034,0
"Atlantis_00A","GT_FC",2035,0
"Atlantis_00A","GT_FC",2036,0
"Atlantis_00A","GT_FC",2037,0
"Atlantis_00A","GT_FC",2038,0
"Atlantis_00A","GT_FC",2039,0
"Atlantis_00A","GT_FC",2040,0
"Atlantis_00A","GT_FC",2041,0
"Atlantis_00A","GT_FC",2042,0
"Atlantis_00A","GT_FC",2043,0
"Atlantis_00A","GT_FC",2044,0
"Atlantis_00A","GT_FC",2045,0
"Atlantis_00A","GT_FC",2046,0
"Atlantis_00A","GT_FC",2047,0
"Atlantis_00A","GT_FC",2048,0
"Atlantis_00A","GT_FC",2049,0
"Atlantis_00A","GT_FC",2050,0
"Atlantis_00A","GT_FC",2051,0
"Atlantis_00A","GT_FC",2052,0
"Atlantis_00A","GT_FC",2053,0
"Atlantis_00A","GT_FC",2054,0
"Atlantis_00A","GT_FC",2055,0
"Atlantis_00A","HF_IMP",2014,0.013235
"Atlantis_00A","HF_IMP",2015,0.013722
"Atlantis_00A","HF_IMP",2016,0.014331
"Atlantis_00A","HF_IMP",2017,0.015116
"Atlantis_00A","HF_IMP",2018,0.015586
"Atlantis_00A","HF_IMP",2019,0.015899
"Atlantis_00A","HF_IMP",2020,0.013231
"Atlantis_00A","HF_IMP",2021,0.016381
"Atlantis_00A","HF_IMP",2022,0.017639
"Atlantis_00A","HF_IMP",2023,0.017815
"Atlantis_00A","HF_IMP",2024,0.017992
"Atlantis_00A","HF_IMP",2025,0.018174
"Atlantis_00A","HF_IMP",2026,0.018358
"Atlantis_00A","HF_IMP",2027,0.018546
"Atlantis_00A","HF_IMP",2028,0.018737
"Atlantis_00A","HF_IMP",2029,0.018932
"Atlantis_00A","HF_IMP",2030,0.019043
"Atlantis_00A","HF_IMP",2031,0.019288
"Atlantis_00A","HF_IMP",2032,0.019539
"Atlantis_00A","HF_IMP",2033,0.019794
"Atlantis_00A","HF_IMP",2034,0.020054
"Atlantis_00A","HF_IMP",2035,0.020271
"Atlantis_00A","HF_IMP",2036,0.020452
"Atlantis_00A","HF_IMP",2037,0.020637
"Atlantis_00A","HF_IMP",2038,0.020823
"Atlantis_00A","HF_IMP",2039,0.021013
"Atlantis_00A","HF_IMP",2040,0.02118
"Atlantis_00A","HF_IMP",2041,0.02124
"Atlantis_00A","HF_IMP",2042,0.021302
"Atlantis_00A","HF_IMP",2043,0.021362
"Atlantis_00A","HF_IMP",2044,0.021425
"Atlantis_00A","HF_IMP",2045,0.021487
"Atlantis_00A","HF_IMP",2046,0.021548
"Atlantis_00A","HF_IMP",2047,0.02161
"Atlantis_00A","HF_IMP",2048,0.021673
"Atlantis_00A","HF_IMP",2049,0.021736
"Atlantis_00A","HF_IMP",2050,0.021786
"Atlantis_00A","HF_IMP",2051,0.021849
"Atlantis_00A","HF_IMP",2052,0.0250434285714286
"Atlantis_00A","HF_IMP",2053,0.0293026666666667
"Atlantis_00A","HF_IMP",2054,0.0293893333333333
"Atlantis_00A","HF_IMP",2055,0.029476
"Atlantis_00A","HF_IND",2014,0.000841
"Atlantis_00A","HF_IND",2015,0.000804000000000001
"Atlantis_00A","HF_IND",2016,0.000724
"Atlantis_00A","HF_IND",2017,0.000690999999999998
"Atlantis_00A","HF_IND",2018,0.000641999999999993
"Atlantis_00A","HF_IND",2019,0.000768000000000002
"Atlantis_00A","HF_IND",2020,0.000419000000000003
"Atlantis_00A","HF_IND",2021,0.000404
"Atlantis_00A","HF_IND",2022,0.000398
"Atlantis_00A","HF_IND",2023,0.000403999999999994
"Atlantis_00A","HF_IND",2024,0.000410000000000003
"Atlantis_00A","HF_IND",2025,0.000416
"Atlantis_00A","HF_IND",2026,0.000422000000000002
"Atlantis_00A","HF_IND",2027,0.000428
"Atlantis_00A","HF_IND",2028,0.000435000000000001
"Atlantis_00A","HF_IND",2029,0.000441999999999998
"Atlantis_00A","HF_IND",2030,0.000446000000000006
"Atlantis_00A","HF_IND",2031,0.000446999999999999
"Atlantis_00A","HF_IND",2032,0.000448
"Atlantis_00A","HF_IND",2033,0.000449
"Atlantis_00A","HF_IND",2034,0.000449999999999999
"Atlantis_00A","HF_IND",2035,0.000451
"Atlantis_00A","HF_IND",2036,0.000451999999999998
"Atlantis_00A","HF_IND",2037,0.000454
"Atlantis_00A","HF_IND",2038,0.000455000000000003
"Atlantis_00A","HF_IND",2039,0.000456999999999998
"Atlantis_00A","HF_IND",2040,0.000458
"Atlantis_00A","HF_IND",2041,0.000457999999999998
"Atlantis_00A","HF_IND",2042,0.000457999999999999
"Atlantis_00A","HF_IND",2043,0.000458
"Atlantis_00A","HF_IND",2044,0.000459000000000003
"Atlantis_00A","HF_IND",2045,0.000458999999999999
"Atlantis_00A","HF_IND",2046,0.000459000000000002
"Atlantis_00A","HF_IND",2047,0.000459000000000001
"Atlantis_00A","HF_IND",2048,0.000459
"Atlantis_00A","HF_IND",2049,0.000459000000000004
"Atlantis_00A","HF_IND",2050,0.000458999999999999
"Atlantis_00A","HF_IND",2051,0.000459000000000002
"Atlantis_00A","HF_IND",2052,0.000524571428571432
"Atlantis_00A","HF_IND",2053,0.000612000000000001
"Atlantis_00A","HF_IND",2054,0.000611999999999999
"Atlantis_00A","HF_IND",2055,0.000613333333333334
"Atlantis_00A","HF_OTH",2014,0
"Atlantis_00A","HF_OTH",2015,0
"Atlantis_00A","HF_OTH",2016,0
"Atlantis_00A","HF_OTH",2017,0
"Atlantis_00A","HF_OTH",2018,0
"Atlantis_00A","HF_OTH",2019,0
"Atlantis_00A","HF_OTH",2020,0
"Atlantis_00A","HF_OTH",2021,0
"Atlantis_00A","HF_OTH",2022,0
"Atlantis_00A","HF_OTH",2023,0
"Atlantis_00A","HF_OTH",2024,0
"Atlantis_00A","HF_OTH",2025,0
"Atlantis_00A","HF_OTH",2026,0
"Atlantis_00A","HF_OTH",2027,0
"Atlantis_00A","HF_OTH",2028,0
"Atlantis_00A","HF_OTH",2029,0
"Atlantis_00A","HF_OTH",2030,0
"Atlantis_00A","HF_OTH",2031,0
"Atlantis_00A","HF_OTH",2032,0
"Atlantis_00A","HF_OTH",2033,0
"Atlantis_00A","HF_OTH",2034,0
"Atlantis_00A","HF_OTH",2035,0
"Atlantis_00A","HF_OTH",2036,0
"Atlantis_00A","HF_OTH",2037,0
"Atlantis_00A","HF_OTH",2038,0
"Atlantis_00A","HF_OTH",2039,0
"Atlantis_00A","HF_OTH",2040,0
"Atlantis_00A","HF_OTH",2041,0
"Atlantis_00A","HF_OTH",2042,0
"Atlantis_00A","HF_OTH",2043,0
"Atlantis_00A","HF_OTH",2044,0
"Atlantis_00A","HF_OTH",2045,0
"Atlantis_00A","HF_OTH",2046,0
"Atlantis_00A","HF_OTH",2047,0
"Atlantis_00A","HF_OTH",2048,0
"Atlantis_00A","HF_OTH",2049,0
"Atlantis_00A","HF_OTH",2050,0
"Atlantis_00A","HF_OTH",2051,0
"Atlantis_00A","HF_OTH",2052,0
"Atlantis_00A","HF_OTH",2053,0
"Atlantis_00A","HF_OTH",2054,0
"Atlantis_00A","HF_OTH",2055,0
"Atlantis_00A","HF_RES",2014,0.001914
"Atlantis_00A","HF_RES",2015,0.001971
"Atlantis_00A","HF_RES",2016,0.002004
"Atlantis_00A","HF_RES",2017,0.002009
"Atlantis_00A","HF_RES",2018,0.002082
"Atlantis_00A","HF_RES",2019,0.002106
"Atlantis_00A","HF_RES",2020,0.002009
"Atlantis_00A","HF_RES",2021,0.002223
"Atlantis_00A","HF_RES",2022,0.002286
"Atlantis_00A","HF_RES",2023,0.002258
"Atlantis_00A","HF_RES",2024,0.002231
"Atlantis_00A","HF_RES",2025,0.002204
"Atlantis_00A","HF_RES",2026,0.002177
"Atlantis_00A","HF_RES",2027,0.002151
"Atlantis_00A","HF_RES",2028,0.002125
"Atlantis_00A","HF_RES",2029,0.002099
"Atlantis_00A","HF_RES",2030,0.002065
"Atlantis_00A","HF_RES",2031,0.002039
"Atlantis_00A","HF_RES",2032,0.002014
"Atlantis_00A","HF_RES",2033,0.001988
"Atlantis_00A","HF_RES",2034,0.001963
"Atlantis_00A","HF_RES",2035,0.001936
"Atlantis_00A","HF_RES",2036,0.001918
"Atlantis_00A","HF_RES",2037,0.001901
"Atlantis_00A","HF_RES",2038,0.001883
"Atlantis_00A","HF_RES",2039,0.001866
"Atlantis_00A","HF_RES",2040,0.001848
"Atlantis_00A","HF_RES",2041,0.001838
"Atlantis_00A","HF_RES",2042,0.001829
"Atlantis_00A","HF_RES",2043,0.001819
"Atlantis_00A","HF_RES",2044,0.00181
"Atlantis_00A","HF_RES",2045,0.001801
"Atlantis_00A","HF_RES",2046,0.001791
"Atlantis_00A","HF_RES",2047,0.001782
"Atlantis_00A","HF_RES",2048,0.001773
"Atlantis_00A","HF_RES",2049,0.001764
"Atlantis_00A","HF_RES",2050,0.001753
"Atlantis_00A","HF_RES",2051,0.001744
"Atlantis_00A","HF_RES",2052,0.00198285714285714
"Atlantis_00A","HF_RES",2053,0.00230133333333333
"Atlantis_00A","HF_RES",2054,0.00228933333333333
"Atlantis_00A","HF_RES",2055,0.00227733333333333
"Atlantis_00A","HF_SER",2014,5.30000000000004e-05
"Atlantis_00A","HF_SER",2015,5.3e-05
"Atlantis_00A","HF_SER",2016,5.7e-05
"Atlantis_00A","HF_SER",2017,5.9e-05
"Atlantis_00A","HF_SER",2018,5.4e-05
"Atlantis_00A","HF_SER",2019,5.9e-05
"Atlantis_00A","HF_SER",2020,4.3e-05
"Atlantis_00A","HF_SER",2021,6.8e-05
"Atlantis_00A","HF_SER",2022,7.79999999999995e-05
"Atlantis_00A","HF_SER",2023,7.89999999999986e-05
"Atlantis_00A","HF_SER",2024,7.9e-05
"Atlantis_00A","HF_SER",2025,8e-05
"Atlantis_00A","HF_SER",2026,8.1e-05
"Atlantis_00A","HF_SER",2027,8.2e-05
"Atlantis_00A","HF_SER",2028,8.3e-05
"Atlantis_00A","HF_SER",2029,8.4e-05
"Atlantis_00A","HF_SER",2030,8.50000000000009e-05
"Atlantis_00A","HF_SER",2031,8.49999999999991e-05
"Atlantis_00A","HF_SER",2032,8.6e-05
"Atlantis_00A","HF_SER",2033,8.69999999999997e-05
"Atlantis_00A","HF_SER",2034,8.79999999999995e-05
"Atlantis_00A","HF_SER",2035,8.8e-05
"Atlantis_00A","HF_SER",2036,8.89999999999993e-05
"Atlantis_00A","HF_SER",2037,8.9e-05
"Atlantis_00A","HF_SER",2038,9e-05
"Atlantis_00A","HF_SER",2039,9e-05
"Atlantis_00A","HF_SER",2040,9.00000000000003e-05
"Atlantis_00A","HF_SER",2041,9e-05
"Atlantis_00A","HF_SER",2042,9e-05
"Atlantis_00A","HF_SER",2043,9e-05
"Atlantis_00A","HF_SER",2044,9.00000000000013e-05
"Atlantis_00A","HF_SER",2045,9e-05
"Atlantis_00A","HF_SER",2046,9e-05
"Atlantis_00A","HF_SER",2047,8.9e-05
"Atlantis_00A","HF_SER",2048,8.9e-05
"Atlantis_00A","HF_SER",2049,8.9e-05
"Atlantis_00A","HF_SER",2050,8.89999999999995e-05
"Atlantis_00A","HF_SER",2051,8.9e-05
"Atlantis_00A","HF_SER",2052,0.000101714285714286
"Atlantis_00A","HF_SER",2053,0.000118666666666667
"Atlantis_00A","HF_SER",2054,0.000118666666666667
"Atlantis_00A","HF_SER",2055,0.000118666666666667
"Atlantis_00A","HF_TRA",2014,0.010427
"Atlantis_00A","HF_TRA",2015,0.010894
"Atlantis_00A","HF_TRA",2016,0.011546
"Atlantis_00A","HF_TRA",2017,0.012357
"Atlantis_00A","HF_TRA",2018,0.012808
"Atlantis_00A","HF_TRA",2019,0.012966
"Atlantis_00A","HF_TRA",2020,0.01076
"Atlantis_00A","HF_TRA",2021,0.013686
"Atlantis_00A","HF_TRA",2022,0.014877
"Atlantis_00A","HF_TRA",2023,0.015074
"Atlantis_00A","HF_TRA",2024,0.015272
"Atlantis_00A","HF_TRA",2025,0.015474
"Atlantis_00A","HF_TRA",2026,0.015678
"Atlantis_00A","HF_TRA",2027,0.015885
"Atlantis_00A","HF_TRA",2028,0.016094
"Atlantis_00A","HF_TRA",2029,0.016307
"Atlantis_00A","HF_TRA",2030,0.016447
"Atlantis_00A","HF_TRA",2031,0.016717
"Atlantis_00A","HF_TRA",2032,0.016991
"Atlantis_00A","HF_TRA",2033,0.01727
"Atlantis_00A","HF_TRA",2034,0.017553
"Atlantis_00A","HF_TRA",2035,0.017796
"Atlantis_00A","HF_TRA",2036,0.017993
"Atlantis_00A","HF_TRA",2037,0.018193
"Atlantis_00A","HF_TRA",2038,0.018395
"Atlantis_00A","HF_TRA",2039,0.0186
"Atlantis_00A","HF_TRA",2040,0.018784
"Atlantis_00A","HF_TRA",2041,0.018854
"Atlantis_00A","HF_TRA",2042,0.018925
"Atlantis_00A","HF_TRA",2043,0.018995
"Atlantis_00A","HF_TRA",2044,0.019066
"Atlantis_00A","HF_TRA",2045,0.019137
"Atlantis_00A","HF_TRA",2046,0.019208
"Atlantis_00A","HF_TRA",2047,0.01928
"Atlantis_00A","HF_TRA",2048,0.019352
"Atlantis_00A","HF_TRA",2049,0.019424
"Atlantis_00A","HF_TRA",2050,0.019485
"Atlantis_00A","HF_TRA",2051,0.019557
"Atlantis_00A","HF_TRA",2052,0.0224342857142857
"Atlantis_00A","HF_TRA",2053,0.0262706666666667
"Atlantis_00A","HF_TRA",2054,0.0263693333333333
"Atlantis_00A","HF_TRA",2055,0.0264666666666667
"Atlantis_00A","HYDRO_DAM",2014,0
"Atlantis_00A","HYDRO_DAM",2015,0
"Atlantis_00A","HYDRO_DAM",2016,0
"Atlantis_00A","HYDRO_DAM",2017,0
"Atlantis_00A","HYDRO_DAM",2018,0
"Atlantis_00A","HYDRO_DAM",2019,0
"Atlantis_00A","HYDRO_DAM",2020,0
"Atlantis_00A","HYDRO_DAM",2021,0
"Atlantis_00A","HYDRO_DAM",2022,0
"Atlantis_00A","HYDRO_DAM",2023,0
"Atlantis_00A","HYDRO_DAM",2024,0
"Atlantis_00A","HYDRO_DAM",2025,0
"Atlantis_00A","HYDRO_DAM",2026,0
"Atlantis_00A","HYDRO_DAM",2027,0
"Atlantis_00A","HYDRO_DAM",2028,0
"Atlantis_00A","HYDRO_DAM",2029,0
"Atlantis_00A","HYDRO_DAM",2030,0
"Atlantis_00A","HYDRO_DAM",2031,0
"Atlantis_00A","HYDRO_DAM",2032,0
"Atlantis_00A","HYDRO_DAM",2033,0
"Atlantis_00A","HYDRO_DAM",2034,0
"Atlantis_00A","HYDRO_DAM",2035,0
"Atlantis_00A","HYDRO_DAM",2036,0
"Atlantis_00A","HYDRO_DAM",2037,0
"Atlantis_00A","HYDRO_DAM",2038,0
"Atlantis_00A","HYDRO_DAM",2039,0
"Atlantis_00A","HYDRO_DAM",2040,0
"Atlantis_00A","HYDRO_DAM",2041,0
"Atlantis_00A","HYDRO_DAM",2042,0
"Atlantis_00A","HYDRO_DAM",2043,0
"Atlantis_00A","HYDRO_DAM",2044,0
"Atlantis_00A","HYDRO_DAM",2045,0
"Atlantis_00A","HYDRO_DAM",2046,0
"Atlantis_00A","HYDRO_DAM",2047,0
"Atlantis_00A","HYDRO_DAM",2048,0
"Atlantis_00A","HYDRO_DAM",2049,0
"Atlantis_00A","HYDRO_DAM",2050,0
"Atlantis_00A","HYDRO_DAM",2051,0
"Atlantis_00A","HYDRO_DAM",2052,0
"Atlantis_00A","HYDRO_DAM",2053,0
"Atlantis_00A","HYDRO_DAM",2054,0
"Atlantis_00A","HYDRO_DAM",2055,0
"Atlantis_00A","HYDRO_MIN",2014,0
"Atlantis_00A","HYDRO_MIN",2015,0
"Atlantis_00A","HYDRO_MIN",2016,0
"Atlantis_00A","HYDRO_MIN",2017,0
"Atlantis_00A","HYDRO_MIN",2018,0
"Atlantis_00A","HYDRO_MIN",2019,0
"Atlantis_00A","HYDRO_MIN",2020,0
"Atlantis_00A","HYDRO_MIN",2021,0
"Atlantis_00A","HYDRO_MIN",2022,0
"Atlantis_00A","HYDRO_MIN",2023,0
"Atlantis_00A","HYDRO_MIN",2024,0
"Atlantis_00A","HYDRO_MIN",2025,0
"Atlantis_00A","HYDRO_MIN",2026,0
"Atlantis_00A","HYDRO_MIN",2027,0
"Atlantis_00A","HYDRO_MIN",2028,0
"Atlantis_00A","HYDRO_MIN",2029,0
"Atlantis_00A","HYDRO_MIN",2030,0
"Atlantis_00A","HYDRO_MIN",2031,0
"Atlantis_00A","HYDRO_MIN",2032,0
"Atlantis_00A","HYDRO_MIN",2033,0
"Atlantis_00A","HYDRO_MIN",2034,0
"Atlantis_00A","HYDRO_MIN",2035,0
"Atlantis_00A","HYDRO_MIN",2036,0
"Atlantis_00A","HYDRO_MIN",2037,0
"Atlantis_00A","HYDRO_MIN",2038,0
"Atlantis_00A","HYDRO_MIN",2039,0
"Atlantis_00A","HYDRO_MIN",2040,0
"Atlantis_00A","HYDRO_MIN",2041,0
"Atlantis_00A","HYDRO_MIN",2042,0
"Atlantis_00A","HYDRO_MIN",2043,0
"Atlantis_00A","HYDRO_MIN",2044,0
"Atlantis_00A","HYDRO_MIN",2045,0
"Atlantis_00A","HYDRO_MIN",2046,0
"Atlantis_00A","HYDRO_MIN",2047,0
"Atlantis_00A","HYDRO_MIN",2048,0
"Atlantis_00A","HYDRO_MIN",2049,0
"Atlantis_00A","HYDRO_MIN",2050,0
"Atlantis_00A","HYDRO_MIN",2051,0
"Atlantis_00A","HYDRO_MIN",2052,0
"Atlantis_00A","HYDRO_MIN",2053,0
"Atlantis_00A","HYDRO_MIN",2054,0
"Atlantis_00A","HYDRO_MIN",2055,0
"Atlantis_00A","NG_IMP",2014,1365.89281613279
"Atlantis_00A","NG_IMP",2015,39.2606678225672
"Atlantis_00A","NG_IMP",2016,54.7532829961762
"Atlantis_00A","NG_IMP",2017,0
"Atlantis_00A","NG_IMP",2018,0
"Atlantis_00A","NG_IMP",2019,0
"Atlantis_00A","NG_IMP",2020,0
"Atlantis_00A","NG_IMP",2021,23.9993590241399
"Atlantis_00A","NG_IMP",2022,84.4248034037332
"Atlantis_00A","NG_IMP",2023,0
"Atlantis_00A","NG_IMP",2024,28.8486571153165
"Atlantis_00A","NG_IMP",2025,44.4247285735489
"Atlantis_00A","NG_IMP",2026,124.000502609857
"Atlantis_00A","NG_IMP",2027,50.2018132441552
"Atlantis_00A","NG_IMP",2028,52.9062837050779
"Atlantis_00A","NG_IMP",2029,49.5504291750356
"Atlantis_00A","NG_IMP",2030,27.6075143188451
"Atlantis_00A","NG_IMP",2031,48.5792764303312
"Atlantis_00A","NG_IMP",2032,49.9356868718038
"Atlantis_00A","NG_IMP",2033,70.758333091103
"Atlantis_00A","NG_IMP",2034,52.8629762012011
"Atlantis_00A","NG_IMP",2035,40.2346030764097
"Atlantis_00A","NG_IMP",2036,245.811060368338
"Atlantis_00A","NG_IMP",2037,60.5214911770121
"Atlantis_00A","NG_IMP",2038,59.6664519703034
"Atlantis_00A","NG_IMP",2039,60.5442519703036
"Atlantis_00A","NG_IMP",2040,0
"Atlantis_00A","NG_IMP",2041,60.8663444818002
"Atlantis_00A","NG_IMP",2042,12.8744000000003
"Atlantis_00A","NG_IMP",2043,48.1053832479195
"Atlantis_00A","NG_IMP",2044,1413.62660863196
"Atlantis_00A","NG_IMP",2045,88.2883995284403
"Atlantis_00A","NG_IMP",2046,104.261094437618
"Atlantis_00A","NG_IMP",2047,49.8415911770116
"Atlantis_00A","NG_IMP",2048,49.9467114414418
"Atlantis_00A","NG_IMP",2049,52.4706493259929
"Atlantis_00A","NG_IMP",2050,17.2048528603588
"Atlantis_00A","NG_IMP",2051,82.380604906074
"Atlantis_00A","NG_IMP",2052,537.84776457725
"Atlantis_00A","NG_IMP",2053,61.7341224507846
"Atlantis_00A","NG_IMP",2054,92.7317579795149
"Atlantis_00A","NG_IMP",2055,111.2706673223
"Atlantis_00A","NG_IND",2014,0.00324337153467527
"Atlantis_00A","NG_IND",2015,0.003204
"Atlantis_00A","NG_IND",2016,0.003234
"Atlantis_00A","NG_IND",2017,0.003152
"Atlantis_00A","NG_IND",2018,0.003144
"Atlantis_00A","NG_IND",2019,0.003104
"Atlantis_00A","NG_IND",2020,0.00273
"Atlantis_00A","NG_IND",2021,0.003167
"Atlantis_00A","NG_IND",2022,0.003288
"Atlantis_00A","NG_IND",2023,0.00342049131112005
"Atlantis_00A","NG_IND",2024,0.003415
"Atlantis_00A","NG_IND",2025,0.00348
"Atlantis_00A","NG_IND",2026,0.00366183686922754
"Atlantis_00A","NG_IND",2027,0.00372983686922754
"Atlantis_00A","NG_IND",2028,0.00382812609022362
"Atlantis_00A","NG_IND",2029,0.003815561635766
"Atlantis_00A","NG_IND",2030,0.00390451765527554
"Atlantis_00A","NG_IND",2031,0.00395551765527555
"Atlantis_00A","NG_IND",2032,0.00400651765527554
"Atlantis_00A","NG_IND",2033,0.00402605547047661
"Atlantis_00A","NG_IND",2034,0.00402761254250849
"Atlantis_00A","NG_IND",2035,0.00407361254250849
"Atlantis_00A","NG_IND",2036,0.004091
"Atlantis_00A","NG_IND",2037,0.00415990935476153
"Atlantis_00A","NG_IND",2038,0.004185
"Atlantis_00A","NG_IND",2039,0.00425490935476152
"Atlantis_00A","NG_IND",2040,0.004277
"Atlantis_00A","NG_IND",2041,0.00435588348114558
"Atlantis_00A","NG_IND",2042,0.00444385504466362
"Atlantis_00A","NG_IND",2043,0.00447329782924546
"Atlantis_00A","NG_IND",2044,0.00458637770913488
"Atlantis_00A","NG_IND",2045,0.00453129782924546
"Atlantis_00A","NG_IND",2046,0.00453607987988941
"Atlantis_00A","NG_IND",2047,0.00467537770913488
"Atlantis_00A","NG_IND",2048,0.00462129782924546
"Atlantis_00A","NG_IND",2049,0.00465229782924546
"Atlantis_00A","NG_IND",2050,0.00460159782335862
"Atlantis_00A","NG_IND",2051,0.00470421158889007
"Atlantis_00A","NG_IND",2052,0.00474203326785823
"Atlantis_00A","NG_IND",2053,0.00486616670619671
"Atlantis_00A","NG_IND",2054,0.00482702384905386
"Atlantis_00A","NG_IND",2055,0.00502230014453516
"Atlantis_00A","NG_OTH",2014,0
"Atlantis_00A","NG_OTH",2015,0
"Atlantis_00A","NG_OTH",2016,0
"Atlantis_00A","NG_OTH",2017,0
"Atlantis_00A","NG_OTH",2018,0
"Atlantis_00A","NG_OTH",2019,0
"Atlantis_00A","NG_OTH",2020,0
"Atlantis_00A","NG_OTH",2021,0
"Atlantis_00A","NG_OTH",2022,0
"Atlantis_00A","NG_OTH",2023,0
"Atlantis_00A","NG_OTH",2024,0
"Atlantis_00A","NG_OTH",2025,0
"Atlantis_00A","NG_OTH",2026,0
"Atlantis_00A","NG_OTH",2027,0
"Atlantis_00A","NG_OTH",2028,0
"Atlantis_00A","NG_OTH",2029,0
"Atlantis_00A","NG_OTH",2030,0
"Atlantis_00A","NG_OTH",2031,0
"Atlantis_00A","NG_OTH",2032,0
"Atlantis_00A","NG_OTH",2033,0
"Atlantis_00A","NG_OTH",2034,0
"Atlantis_00A","NG_OTH",2035,0
"Atlantis_00A","NG_OTH",2036,0
"Atlantis_00A","NG_OTH",2037,0
"Atlantis_00A","NG_OTH",2038,0
"Atlantis_00A","NG_OTH",2039,0
"Atlantis_00A","NG_OTH",2040,0
"Atlantis_00A","NG_OTH",2041,0
"Atlantis_00A","NG_OTH",2042,0
"Atlantis_00A","NG_OTH",2043,0
"Atlantis_00A","NG_OTH",2044,0
"Atlantis_00A","NG_OTH",2045,0
"Atlantis_00A","NG_OTH",2046,0
"Atlantis_00A","NG_OTH",2047,0
"Atlantis_00A","NG_OTH",2048,0
"Atlantis_00A","NG_OTH",2049,0
"Atlantis_00A","NG_OTH",2050,0
"Atlantis_00A","NG_OTH",2051,0
"Atlantis_00A","NG_OTH",2052,0
"Atlantis_00A","NG_OTH",2053,0
"Atlantis_00A","NG_OTH",2054,0
"Atlantis_00A","NG_OTH",2055,0
"Atlantis_00A","NG_RES",2014,0.000381
"Atlantis_00A","NG_RES",2015,0.000499306508160947
"Atlantis_00A","NG_RES",2016,0.000610751277744023
"Atlantis_00A","NG_RES",2017,0.000620899222054969
"Atlantis_00A","NG_RES",2018,0.000585849464641168
"Atlantis_00A","NG_RES",2019,0.000618000000000001
"Atlantis_00A","NG_RES",2020,0.000725
"Atlantis_00A","NG_RES",2021,0.000821098009439584
"Atlantis_00A","NG_RES",2022,0.000756979874008728
"Atlantis_00A","NG_RES",2023,0.000758
"Atlantis_00A","NG_RES",2024,0.000909034351374614
"Atlantis_00A","NG_RES",2025,0.000847272206525159
"Atlantis_00A","NG_RES",2026,0.000821
"Atlantis_00A","NG_RES",2027,0.000867452103172073
"Atlantis_00A","NG_RES",2028,0.000866
"Atlantis_00A","NG_RES",2029,0.000971564454457616
"Atlantis_00A","NG_RES",2030,0.000928608434948072
"Atlantis_00A","NG_RES",2031,0.000914
"Atlantis_00A","NG_RES",2032,0.000931
"Atlantis_00A","NG_RES",2033,0.000949
"Atlantis_00A","NG_RES",2034,0.00101744292796811
"Atlantis_00A","NG_RES",2035,0.00101837047222618
"Atlantis_00A","NG_RES",2036,0.000994
"Atlantis_00A","NG_RES",2037,0.001008
"Atlantis_00A","NG_RES",2038,0.00104290935476153
"Atlantis_00A","NG_RES",2039,0.001035
"Atlantis_00A","NG_RES",2040,0.001048
"Atlantis_00A","NG_RES",2041,0.00111221207120132
"Atlantis_00A","NG_RES",2042,0.00111109093543865
"Atlantis_00A","NG_RES",2043,0.001077
"Atlantis_00A","NG_RES",2044,0.001086
"Atlantis_00A","NG_RES",2045,0.001096
"Atlantis_00A","NG_RES",2046,0.00121529782924546
"Atlantis_00A","NG_RES",2047,0.001116
"Atlantis_00A","NG_RES",2048,0.001127
"Atlantis_00A","NG_RES",2049,0.001137
"Atlantis_00A","NG_RES",2050,0.00122707987988943
"Atlantis_00A","NG_RES",2051,0.001154
"Atlantis_00A","NG_RES",2052,0.00126841360850434
"Atlantis_00A","NG_RES",2053,0.00127941360850431
"Atlantis_00A","NG_RES",2054,0.001186
"Atlantis_00A","NG_RES",2055,0.001197
"Atlantis_00A","NG_SER",2014,0.000225333333333333
"Atlantis_00A","NG_SER",2015,0.000178
"Atlantis_00A","NG_SER",2016,0.000193
"Atlantis_00A","NG_SER",2017,0.000205
"Atlantis_00A","NG_SER",2018,0.000250285714285714
"Atlantis_00A","NG_SER",2019,0.000225
"Atlantis_00A","NG_SER",2020,0.000172999999999999
"Atlantis_00A","NG_SER",2021,0.000221
"Atlantis_00A","NG_SER",2022,0.000376
"Atlantis_00A","NG_SER",2023,0.000387428571428572
"Atlantis_00A","NG_SER",2024,0.000397050797861517
"Atlantis_00A","NG_SER",2025,0.000489812942710975
"Atlantis_00A","NG_SER",2026,0.000368
"Atlantis_00A","NG_SER",2027,0.000378
"Atlantis_00A","NG_SER",2028,0.000389
"Atlantis_00A","NG_SER",2029,0.0004
"Atlantis_00A","NG_SER",2030,0.000404
"Atlantis_00A","NG_SER",2031,0.000438608434948074
"Atlantis_00A","NG_SER",2032,0.000412
"Atlantis_00A","NG_SER",2033,0.000417
"Atlantis_00A","NG_SER",2034,0.000421
"Atlantis_00A","NG_SER",2035,0.000426
"Atlantis_00A","NG_SER",2036,0.00045290935476153
"Atlantis_00A","NG_SER",2037,0.000437
"Atlantis_00A","NG_SER",2038,0.000443
"Atlantis_00A","NG_SER",2039,0.000449
"Atlantis_00A","NG_SER",2040,0.000444
"Atlantis_00A","NG_SER",2041,0.000447
"Atlantis_00A","NG_SER",2042,0.000514285714285714
"Atlantis_00A","NG_SER",2043,0.000454
"Atlantis_00A","NG_SER",2044,0.000457
"Atlantis_00A","NG_SER",2045,0.000461
"Atlantis_00A","NG_SER",2046,0.000464
"Atlantis_00A","NG_SER",2047,0.000467
"Atlantis_00A","NG_SER",2048,0.000471
"Atlantis_00A","NG_SER",2049,0.000474
"Atlantis_00A","NG_SER",2050,0.000477
"Atlantis_00A","NG_SER",2051,0.00048
"Atlantis_00A","NG_SER",2052,0.000484
"Atlantis_00A","NG_SER",2053,0.000487
"Atlantis_00A","NG_SER",2054,0.000561142857142857
"Atlantis_00A","NG_SER",2055,0.00050628017016579
"Atlantis_00A","NG_TRA",2014,0.002361
"Atlantis_00A","NG_TRA",2015,0.00246544476958308
"Atlantis_00A","NG_TRA",2016,0.002466
"Atlantis_00A","NG_TRA",2017,0.002584
"Atlantis_00A","NG_TRA",2018,0.00278999691750476
"Atlantis_00A","NG_TRA",2019,0.00286946645413987
"Atlantis_00A","NG_TRA",2020,0.001843
"Atlantis_00A","NG_TRA",2021,0.002448
"Atlantis_00A","NG_TRA",2022,0.00264011813543086
"Atlantis_00A","NG_TRA",2023,0.00263
"Atlantis_00A","NG_TRA",2024,0.00273596938455455
"Atlantis_00A","NG_TRA",2025,0.00278896938455455
"Atlantis_00A","NG_TRA",2026,0.00293764502276461
"Atlantis_00A","NG_TRA",2027,0.00296819291959254
"Atlantis_00A","NG_TRA",2028,0.00302145514672854
"Atlantis_00A","NG_TRA",2029,0.00307845514672854
"Atlantis_00A","NG_TRA",2030,0.00310845514672854
"Atlantis_00A","NG_TRA",2031,0.00318345514672854
"Atlantis_00A","NG_TRA",2032,0.00329106358167661
"Atlantis_00A","NG_TRA",2033,0.00333103668837783
"Atlantis_00A","NG_TRA",2034,0.00341303668837784
"Atlantis_00A","NG_TRA",2035,0.00349010914411977
"Atlantis_00A","NG_TRA",2036,0.00349929612123046
"Atlantis_00A","NG_TRA",2037,0.00359729612123046
"Atlantis_00A","NG_TRA",2038,0.00369729612123046
"Atlantis_00A","NG_TRA",2039,0.00380129612123046
"Atlantis_00A","NG_TRA",2040,0.00384
"Atlantis_00A","NG_TRA",2041,0.003886
"Atlantis_00A","NG_TRA",2042,0.00401703302505717
"Atlantis_00A","NG_TRA",2043,0.00417091131206682
"Atlantis_00A","NG_TRA",2044,0.0041348314321774
"Atlantis_00A","NG_TRA",2045,0.00426691131206681
"Atlantis_00A","NG_TRA",2046,0.0042318314321774
"Atlantis_00A","NG_TRA",2047,0.00428083143217739
"Atlantis_00A","NG_TRA",2048,0.00441491131206681
"Atlantis_00A","NG_TRA",2049,0.00446491131206682
"Atlantis_00A","NG_TRA",2050,0.00447853143806426
"Atlantis_00A","NG_TRA",2051,0.00454185009515719
"Atlantis_00A","NG_TRA",2052,0.00458826687667702
"Atlantis_00A","NG_TRA",2053,0.0045481334383385
"Atlantis_00A","NG_TRA",2054,0.00470554704684283
"Atlantis_00A","NG_TRA",2055,0.00465513343833849
"Atlantis_00A","NGCC",2014,0
"Atlantis_00A","NGCC",2015,0
"Atlantis_00A","NGCC",2016,0
"Atlantis_00A","NGCC",2017,0
"Atlantis_00A","NGCC",2018,0
"Atlantis_00A","NGCC",2019,0
"Atlantis_00A","NGCC",2020,0
"Atlantis_00A","NGCC",2021,0
"Atlantis_00A","NGCC",2022,0
"Atlantis_00A","NGCC",2023,0
"Atlantis_00A","NGCC",2024,0
"Atlantis_00A","NGCC",2025,0
"Atlantis_00A","NGCC",2026,0
"Atlantis_00A","NGCC",2027,0
"Atlantis_00A","NGCC",2028,0
"Atlantis_00A","NGCC",2029,0
"Atlantis_00A","NGCC",2030,0
"Atlantis_00A","NGCC",2031,0
"Atlantis_00A","NGCC",2032,0
"Atlantis_00A","NGCC",2033,0
"Atlantis_00A","NGCC",2034,0
"Atlantis_00A","NGCC",2035,0
"Atlantis_00A","NGCC",2036,0
"Atlantis_00A","NGCC",2037,0
"Atlantis_00A","NGCC",2038,0
"Atlantis_00A","NGCC",2039,0
"Atlantis_00A","NGCC",2040,0
"Atlantis_00A","NGCC",2041,0
"Atlantis_00A","NGCC",2042,0
"Atlantis_00A","NGCC",2043,0
"Atlantis_00A","NGCC",2044,0
"Atlantis_00A","NGCC",2045,0
"Atlantis_00A","NGCC",2046,0
"Atlantis_00A","NGCC",2047,0
"Atlantis_00A","NGCC",2048,0
"Atlantis_00A","NGCC",2049,0
"Atlantis_00A","NGCC",2050,0
"Atlantis_00A","NGCC",2051,0
"Atlantis_00A","NGCC",2052,0
"Atlantis_00A","NGCC",2053,0
"Atlantis_00A","NGCC",2054,0
"Atlantis_00A","NGCC",2055,0
"Atlantis_00A","NGSC",2014,0
"Atlantis_00A","NGSC",2015,0
"Atlantis_00A","NGSC",2016,0
"Atlantis_00A","NGSC",2017,0
"Atlantis_00A","NGSC",2018,0
"Atlantis_00A","NGSC",2019,0
"Atlantis_00A","NGSC",2020,0
"Atlantis_00A","NGSC",2021,0
"Atlantis_00A","NGSC",2022,0
"Atlantis_00A","NGSC",2023,0
"Atlantis_00A","NGSC",2024,0
"Atlantis_00A","NGSC",2025,0
"Atlantis_00A","NGSC",2026,0
"Atlantis_00A","NGSC",2027,0
"Atlantis_00A","NGSC",2028,0
"Atlantis_00A","NGSC",2029,0
"Atlantis_00A","NGSC",2030,0
"Atlantis_00A","NGSC",2031,0
"Atlantis_00A","NGSC",2032,0
"Atlantis_00A","NGSC",2033,523.425394542183
"Atlantis_00A","NGSC",2034,32.8128555360946
"Atlantis_00A","NGSC",2035,23.3335861590009
"Atlantis_00A","NGSC",2036,163.97314776363
"Atlantis_00A","NGSC",2037,39.7400139270489
"Atlantis_00A","NGSC",2038,38.6462520758443
"Atlantis_00A","NGSC",2039,38.6462520758455
"Atlantis_00A","NGSC",2040,0
"Atlantis_00A","NGSC",2041,475.786373697333
"Atlantis_00A","NGSC",2042,0
"Atlantis_00A","NGSC",2043,36.4016848919269
"Atlantis_00A","NGSC",2044,36.3190397589809
"Atlantis_00A","NGSC",2045,37.3667043674143
"Atlantis_00A","NGSC",2046,37.7159259035573
"Atlantis_00A","NGSC",2047,38.0651474397017
"Atlantis_00A","NGSC",2048,37.7159259035575
"Atlantis_00A","NGSC",2049,40.5096981927089
"Atlantis_00A","NGSC",2050,9.84385666082822
"Atlantis_00A","NGSC",2051,48.4371668854707
"Atlantis_00A","NGSC",2052,585.258617871611
"Atlantis_00A","NGSC",2053,575.196788832466
"Atlantis_00A","NGSC",2054,86.7717735287842
"Atlantis_00A","NGSC",2055,80.2092024215652
"Atlantis_00A","PV_ROF",2014,0
"Atlantis_00A","PV_ROF",2015,0
"Atlantis_00A","PV_ROF",2016,0
"Atlantis_00A","PV_ROF",2017,0
"Atlantis_00A","PV_ROF",2018,0
"Atlantis_00A","PV_ROF",2019,0
"Atlantis_00A","PV_ROF",2020,0
"Atlantis_00A","PV_ROF",2021,0
"Atlantis_00A","PV_ROF",2022,0
"Atlantis_00A","PV_ROF",2023,0
"Atlantis_00A","PV_ROF",2024,0
"Atlantis_00A","PV_ROF",2025,0
"Atlantis_00A","PV_ROF",2026,0
"Atlantis_00A","PV_ROF",2027,0
"Atlantis_00A","PV_ROF",2028,0
"Atlantis_00A","PV_ROF",2029,0
"Atlantis_00A","PV_ROF",2030,0
"Atlantis_00A","PV_ROF",2031,0
"Atlantis_00A","PV_ROF",2032,0
"Atlantis_00A","PV_ROF",2033,0
"Atlantis_00A","PV_ROF",2034,0
"Atlantis_00A","PV_ROF",2035,0
"Atlantis_00A","PV_ROF",2036,0
"Atlantis_00A","PV_ROF",2037,0
"Atlantis_00A","PV_ROF",2038,0
"Atlantis_00A","PV_ROF",2039,0
"Atlantis_00A","PV_ROF",2040,0
"Atlantis_00A","PV_ROF",2041,0
"Atlantis_00A","PV_ROF",2042,0
"Atlantis_00A","PV_ROF",2043,0
"Atlantis_00A","PV_ROF",2044,0
"Atlantis_00A","PV_ROF",2045,0
"Atlantis_00A","PV_ROF",2046,0
"Atlantis_00A","PV_ROF",2047,0
"Atlantis_00A","PV_ROF",2048,0
"Atlantis_00A","PV_ROF",2049,0
"Atlantis_00A","PV_ROF",2050,0
"Atlantis_00A","PV_ROF",2051,0
"Atlantis_00A","PV_ROF",2052,0
"Atlantis_00A","PV_ROF",2053,0
"Atlantis_00A","PV_ROF",2054,0
"Atlantis_00A","PV_ROF",2055,0
"Atlantis_00A","PV_UTL",2014,0
"Atlantis_00A","PV_UTL",2015,0
"Atlantis_00A","PV_UTL",2016,0
"Atlantis_00A","PV_UTL",2017,0
"Atlantis_00A","PV_UTL",2018,0
"Atlantis_00A","PV_UTL",2019,0
"Atlantis_00A","PV_UTL",2020,0
"Atlantis_00A","PV_UTL",2021,0
"Atlantis_00A","PV_UTL",2022,0
"Atlantis_00A","PV_UTL",2023,0
"Atlantis_00A","PV_UTL",2024,0
"Atlantis_00A","PV_UTL",2025,0
"Atlantis_00A","PV_UTL",2026,0
"Atlantis_00A","PV_UTL",2027,0
"Atlantis_00A","PV_UTL",2028,0
"Atlantis_00A","PV_UTL",2029,0
"Atlantis_00A","PV_UTL",2030,0
"Atlantis_00A","PV_UTL",2031,0
"Atlantis_00A","PV_UTL",2032,0
"Atlantis_00A","PV_UTL",2033,0
"Atlantis_00A","PV_UTL",2034,0
"Atlantis_00A","PV_UTL",2035,0
"Atlantis_00A","PV_UTL",2036,0
"Atlantis_00A","PV_UTL",2037,0
"Atlantis_00A","PV_UTL",2038,0
"Atlantis_00A","PV_UTL",2039,0
"Atlantis_00A","PV_UTL",2040,0
"Atlantis_00A","PV_UTL",2041,39.5298443942488
"Atlantis_00A","PV_UTL",2042,80.7987658394089
"Atlantis_00A","PV_UTL",2043,0
"Atlantis_00A","PV_UTL",2044,0
"Atlantis_00A","PV_UTL",2045,0
"Atlantis_00A","PV_UTL",2046,0
"Atlantis_00A","PV_UTL",2047,0
"Atlantis_00A","PV_UTL",2048,0
"Atlantis_00A","PV_UTL",2049,0
"Atlantis_00A","PV_UTL",2050,0
"Atlantis_00A","PV_UTL",2051,0
"Atlantis_00A","PV_UTL",2052,0
"Atlantis_00A","PV_UTL",2053,0
"Atlantis_00A","PV_UTL",2054,0
"Atlantis_00A","PV_UTL",2055,0
"Atlantis_00A","TRANS",2014,0.00288772628676628
"Atlantis_00A","TRANS",2015,0.00297515203394196
"Atlantis_00A","TRANS",2016,0.00309898552247993
"Atlantis_00A","TRANS",2017,0.00316405057577955
"Atlantis_00A","TRANS",2018,0.00319238535705518
"Atlantis_00A","TRANS",2019,0.00327948857356918
"Atlantis_00A","TRANS",2020,0.00316090226674892
"Atlantis_00A","TRANS",2021,0.00351771062355325
"Atlantis_00A","TRANS",2022,0.00361635763984621
"Atlantis_00A","TRANS",2023,0.00370136198367312
"Atlantis_00A","TRANS",2024,0.00378741576384358
"Atlantis_00A","TRANS",2025,0.00387556841670112
"Atlantis_00A","TRANS",2026,0.00396372106955866
"Atlantis_00A","TRANS",2027,0.00405817034047745
"Atlantis_00A","TRANS",2028,0.00413058144818186
"Atlantis_00A","TRANS",2029,0.00421978353738294
"Atlantis_00A","TRANS",2030,0.00427435422724713
"Atlantis_00A","TRANS",2031,0.00436775406182238
"Atlantis_00A","TRANS",2032,0.00446430220542825
"Atlantis_00A","TRANS",2033,0.00455875147634705
"Atlantis_00A","TRANS",2034,0.00465320074726584
"Atlantis_00A","TRANS",2035,0.00472036467325254
"Atlantis_00A","TRANS",2036,0.00514853470141773
"Atlantis_00A","TRANS",2037,0.00526292326286382
"Atlantis_00A","TRANS",2038,0.00537416351527929
"Atlantis_00A","TRANS",2039,0.00548540376769475
"Atlantis_00A","TRANS",2040,0.00520730313665609
"Atlantis_00A","TRANS",2041,0.00531014789832322
"Atlantis_00A","TRANS",2042,0.00541509153267743
"Atlantis_00A","TRANS",2043,0.00552108460337519
"Atlantis_00A","TRANS",2044,0.00563022598310357
"Atlantis_00A","TRANS",2045,0.00574251567186258
"Atlantis_00A","TRANS",2046,0.00585585479696513
"Atlantis_00A","TRANS",2047,0.00597024335841122
"Atlantis_00A","TRANS",2048,0.00608358248351378
"Atlantis_00A","TRANS",2049,0.00620531709936466
"Atlantis_00A","TRANS",2050,0.00623365188064028
"Atlantis_00A","TRANS",2051,0.00637007860530078
"Atlantis_00A","TRANS",2052,0.00651385138436605
"Atlantis_00A","TRANS",2053,0.00666287134514901
"Atlantis_00A","TRANS",2054,0.00681818792399326
"Atlantis_00A","TRANS",2055,0.00698189999358587
"Atlantis_00A","WIND",2014,0
"Atlantis_00A","WIND",2015,0
"Atlantis_00A","WIND",2016,0
"Atlantis_00A","WIND",2017,0
"Atlantis_00A","WIND",2018,0
"Atlantis_00A","WIND",2019,0
"Atlantis_00A","WIND",2020,0
"Atlantis_00A","WIND",2021,0
"Atlantis_00A","WIND",2022,0
"Atlantis_00A","WIND",2023,0
"Atlantis_00A","WIND",2024,0
"Atlantis_00A","WIND",2025,0
"Atlantis_00A","WIND",2026,0
"Atlantis_00A","WIND",2027,0
"Atlantis_00A","WIND",2028,0
"Atlantis_00A","WIND",2029,0
"Atlantis_00A","WIND",2030,0
"Atlantis_00A","WIND",2031,0
"Atlantis_00A","WIND",2032,0
"Atlantis_00A","WIND",2033,0
"Atlantis_00A","WIND",2034,0
"Atlantis_00A","WIND",2035,0
"Atlantis_00A","WIND",2036,0
"Atlantis_00A","WIND",2037,0
"Atlantis_00A","WIND",2038,0
"Atlantis_00A","WIND",2039,0
"Atlantis_00A","WIND",2040,0
"Atlantis_00A","WIND",2041,0
"Atlantis_00A","WIND",2042,0
"Atlantis_00A","WIND",2043,0
"Atlantis_00A","WIND",2044,0
"Atlantis_00A","WIND",2045,0
"Atlantis_00A","WIND",2046,0
"Atlantis_00A","WIND",2047,0
"Atlantis_00A","WIND",2048,0
"Atlantis_00A","WIND",2049,0
"Atlantis_00A","WIND",2050,0
"Atlantis_00A","WIND",2051,0
"Atlantis_00A","WIND",2052,0
"Atlantis_00A","WIND",2053,0
"Atlantis_00A","WIND",2054,0
"Atlantis_00A","WIND",2055,0
