r,t,m,y,TotalAnnualTechnologyActivityByMode
"Atlantis_00A","BM_IMP",1,2014,37.36509064
"Atlantis_00A","BM_IMP",1,2015,35.38509064
"Atlantis_00A","BM_IMP",1,2016,37.29509064
"Atlantis_00A","BM_IMP",1,2017,39.28509064
"Atlantis_00A","BM_IMP",1,2018,39.01509064
"Atlantis_00A","BM_IMP",1,2019,33.58509064
"Atlantis_00A","BM_IMP",1,2020,37.02509064
"Atlantis_00A","BM_IMP",1,2021,29.32509064
"Atlantis_00A","BM_IMP",1,2022,30.29509064
"Atlantis_00A","BM_IMP",1,2023,29.70017383152
"Atlantis_00A","BM_IMP",1,2024,30.00017383152
"Atlantis_00A","BM_IMP",1,2025,30.29017383152
"Atlantis_00A","BM_IMP",1,2026,30.58017383152
"Atlantis_00A","BM_IMP",1,2027,30.88017383152
"Atlantis_00A","BM_IMP",1,2028,30.36626114192
"Atlantis_00A","BM_IMP",1,2029,30.67626114192
"Atlantis_00A","BM_IMP",1,2030,30.88626114192
"Atlantis_00A","BM_IMP",1,2031,30.88626114192
"Atlantis_00A","BM_IMP",1,2032,30.89626114192
"Atlantis_00A","BM_IMP",1,2033,30.89626114192
"Atlantis_00A","BM_IMP",1,2034,30.89626114192
"Atlantis_00A","BM_IMP",1,2035,30.90626114192
"Atlantis_00A","BM_IMP",1,2036,27.19
"Atlantis_00A","BM_IMP",1,2037,27.66
"Atlantis_00A","BM_IMP",1,2038,28.15
"Atlantis_00A","BM_IMP",1,2039,28.65
"Atlantis_00A","BM_IMP",1,2040,29.08
"Atlantis_00A","BM_IMP",1,2041,29.25
"Atlantis_00A","BM_IMP",1,2042,29.43
"Atlantis_00A","BM_IMP",1,2043,29.6
"Atlantis_00A","BM_IMP",1,2044,29.78
"Atlantis_00A","BM_IMP",1,2045,29.96
"Atlantis_00A","BM_IMP",1,2046,30.14
"Atlantis_00A","BM_IMP",1,2047,30.32
"Atlantis_00A","BM_IMP",1,2048,30.52
"Atlantis_00A","BM_IMP",1,2049,30.71
"Atlantis_00A","BM_IMP",1,2050,30.82
"Atlantis_00A","BM_IMP",1,2051,31.01
"Atlantis_00A","BM_IMP",1,2052,31.2
"Atlantis_00A","BM_IMP",1,2053,31.4
"Atlantis_00A","BM_IMP",1,2054,31.59
"Atlantis_00A","BM_IMP",1,2055,31.79
"Atlantis_00A","BM_IND",1,2014,25.65
"Atlantis_00A","BM_IND",1,2015,24.75
"Atlantis_00A","BM_IND",1,2016,26.64
"Atlantis_00A","BM_IND",1,2017,28.92
"Atlantis_00A","BM_IND",1,2018,28.6
"Atlantis_00A","BM_IND",1,2019,24.51
"Atlantis_00A","BM_IND",1,2020,27.22
"Atlantis_00A","BM_IND",1,2021,20.62
"Atlantis_00A","BM_IND",1,2022,21.66
"Atlantis_00A","BM_IND",1,2023,21.89
"Atlantis_00A","BM_IND",1,2024,22.13
"Atlantis_00A","BM_IND",1,2025,22.36
"Atlantis_00A","BM_IND",1,2026,22.6
"Atlantis_00A","BM_IND",1,2027,22.84
"Atlantis_00A","BM_IND",1,2028,23.08
"Atlantis_00A","BM_IND",1,2029,23.33
"Atlantis_00A","BM_IND",1,2030,23.51
"Atlantis_00A","BM_IND",1,2031,23.51
"Atlantis_00A","BM_IND",1,2032,23.51
"Atlantis_00A","BM_IND",1,2033,23.51
"Atlantis_00A","BM_IND",1,2034,23.51
"Atlantis_00A","BM_IND",1,2035,23.51
"Atlantis_00A","BM_IND",1,2036,23.97
"Atlantis_00A","BM_IND",1,2037,24.43
"Atlantis_00A","BM_IND",1,2038,24.91
"Atlantis_00A","BM_IND",1,2039,25.4
"Atlantis_00A","BM_IND",1,2040,25.81
"Atlantis_00A","BM_IND",1,2041,26
"Atlantis_00A","BM_IND",1,2042,26.2
"Atlantis_00A","BM_IND",1,2043,26.39
"Atlantis_00A","BM_IND",1,2044,26.59
"Atlantis_00A","BM_IND",1,2045,26.79
"Atlantis_00A","BM_IND",1,2046,26.99
"Atlantis_00A","BM_IND",1,2047,27.19
"Atlantis_00A","BM_IND",1,2048,27.4
"Atlantis_00A","BM_IND",1,2049,27.61
"Atlantis_00A","BM_IND",1,2050,27.75
"Atlantis_00A","BM_IND",1,2051,27.95
"Atlantis_00A","BM_IND",1,2052,28.16
"Atlantis_00A","BM_IND",1,2053,28.38
"Atlantis_00A","BM_IND",1,2054,28.59
"Atlantis_00A","BM_IND",1,2055,28.81
"Atlantis_00A","BM_RES",1,2014,5.83
"Atlantis_00A","BM_RES",1,2015,4.75
"Atlantis_00A","BM_RES",1,2016,4.77
"Atlantis_00A","BM_RES",1,2017,4.48
"Atlantis_00A","BM_RES",1,2018,4.53
"Atlantis_00A","BM_RES",1,2019,3.19
"Atlantis_00A","BM_RES",1,2020,3.92
"Atlantis_00A","BM_RES",1,2021,2.82
"Atlantis_00A","BM_RES",1,2022,2.75
"Atlantis_00A","BM_RES",1,2023,2.8
"Atlantis_00A","BM_RES",1,2024,2.86
"Atlantis_00A","BM_RES",1,2025,2.92
"Atlantis_00A","BM_RES",1,2026,2.97
"Atlantis_00A","BM_RES",1,2027,3.03
"Atlantis_00A","BM_RES",1,2028,3.1
"Atlantis_00A","BM_RES",1,2029,3.16
"Atlantis_00A","BM_RES",1,2030,3.19
"Atlantis_00A","BM_RES",1,2031,3.19
"Atlantis_00A","BM_RES",1,2032,3.2
"Atlantis_00A","BM_RES",1,2033,3.2
"Atlantis_00A","BM_RES",1,2034,3.2
"Atlantis_00A","BM_RES",1,2035,3.21
"Atlantis_00A","BM_RES",1,2036,3.22
"Atlantis_00A","BM_RES",1,2037,3.23
"Atlantis_00A","BM_RES",1,2038,3.24
"Atlantis_00A","BM_RES",1,2039,3.25
"Atlantis_00A","BM_RES",1,2040,3.27
"Atlantis_00A","BM_RES",1,2041,3.25
"Atlantis_00A","BM_RES",1,2042,3.23
"Atlantis_00A","BM_RES",1,2043,3.21
"Atlantis_00A","BM_RES",1,2044,3.19
"Atlantis_00A","BM_RES",1,2045,3.17
"Atlantis_00A","BM_RES",1,2046,3.15
"Atlantis_00A","BM_RES",1,2047,3.13
"Atlantis_00A","BM_RES",1,2048,3.12
"Atlantis_00A","BM_RES",1,2049,3.1
"Atlantis_00A","BM_RES",1,2050,3.07
"Atlantis_00A","BM_RES",1,2051,3.06
"Atlantis_00A","BM_RES",1,2052,3.04
"Atlantis_00A","BM_RES",1,2053,3.02
"Atlantis_00A","BM_RES",1,2054,3
"Atlantis_00A","BM_RES",1,2055,2.98
"Atlantis_00A","BM_SC",1,2014,2.057724
"Atlantis_00A","BM_SC",1,2015,2.057724
"Atlantis_00A","BM_SC",1,2016,2.057724
"Atlantis_00A","BM_SC",1,2017,2.057724
"Atlantis_00A","BM_SC",1,2018,2.057724
"Atlantis_00A","BM_SC",1,2019,2.057724
"Atlantis_00A","BM_SC",1,2020,2.057724
"Atlantis_00A","BM_SC",1,2021,2.057724
"Atlantis_00A","BM_SC",1,2022,2.057724
"Atlantis_00A","BM_SC",1,2023,1.751809032
"Atlantis_00A","BM_SC",1,2024,1.751809032
"Atlantis_00A","BM_SC",1,2025,1.751809032
"Atlantis_00A","BM_SC",1,2026,1.751809032
"Atlantis_00A","BM_SC",1,2027,1.751809032
"Atlantis_00A","BM_SC",1,2028,1.463727672
"Atlantis_00A","BM_SC",1,2029,1.463727672
"Atlantis_00A","BM_SC",1,2030,1.463727672
"Atlantis_00A","BM_SC",1,2031,1.463727672
"Atlantis_00A","BM_SC",1,2032,1.463727672
"Atlantis_00A","BM_SC",1,2033,1.463727672
"Atlantis_00A","BM_SC",1,2034,1.463727672
"Atlantis_00A","BM_SC",1,2035,1.463727672
"Atlantis_00A","BM_SC",1,2036,0
"Atlantis_00A","BM_SC",1,2037,0
"Atlantis_00A","BM_SC",1,2038,0
"Atlantis_00A","BM_SC",1,2039,0
"Atlantis_00A","BM_SC",1,2040,0
"Atlantis_00A","BM_SC",1,2041,0
"Atlantis_00A","BM_SC",1,2042,0
"Atlantis_00A","BM_SC",1,2043,0
"Atlantis_00A","BM_SC",1,2044,0
"Atlantis_00A","BM_SC",1,2045,0
"Atlantis_00A","BM_SC",1,2046,0
"Atlantis_00A","BM_SC",1,2047,0
"Atlantis_00A","BM_SC",1,2048,0
"Atlantis_00A","BM_SC",1,2049,0
"Atlantis_00A","BM_SC",1,2050,0
"Atlantis_00A","BM_SC",1,2051,0
"Atlantis_00A","BM_SC",1,2052,0
"Atlantis_00A","BM_SC",1,2053,0
"Atlantis_00A","BM_SC",1,2054,0
"Atlantis_00A","BM_SC",1,2055,0
"Atlantis_00A","CONS_BM",1,2014,31.48
"Atlantis_00A","CONS_BM",1,2015,29.5
"Atlantis_00A","CONS_BM",1,2016,31.41
"Atlantis_00A","CONS_BM",1,2017,33.4
"Atlantis_00A","CONS_BM",1,2018,33.13
"Atlantis_00A","CONS_BM",1,2019,27.7
"Atlantis_00A","CONS_BM",1,2020,31.14
"Atlantis_00A","CONS_BM",1,2021,23.44
"Atlantis_00A","CONS_BM",1,2022,24.41
"Atlantis_00A","CONS_BM",1,2023,24.69
"Atlantis_00A","CONS_BM",1,2024,24.99
"Atlantis_00A","CONS_BM",1,2025,25.28
"Atlantis_00A","CONS_BM",1,2026,25.57
"Atlantis_00A","CONS_BM",1,2027,25.87
"Atlantis_00A","CONS_BM",1,2028,26.18
"Atlantis_00A","CONS_BM",1,2029,26.49
"Atlantis_00A","CONS_BM",1,2030,26.7
"Atlantis_00A","CONS_BM",1,2031,26.7
"Atlantis_00A","CONS_BM",1,2032,26.71
"Atlantis_00A","CONS_BM",1,2033,26.71
"Atlantis_00A","CONS_BM",1,2034,26.71
"Atlantis_00A","CONS_BM",1,2035,26.72
"Atlantis_00A","CONS_BM",1,2036,27.19
"Atlantis_00A","CONS_BM",1,2037,27.66
"Atlantis_00A","CONS_BM",1,2038,28.15
"Atlantis_00A","CONS_BM",1,2039,28.65
"Atlantis_00A","CONS_BM",1,2040,29.08
"Atlantis_00A","CONS_BM",1,2041,29.25
"Atlantis_00A","CONS_BM",1,2042,29.43
"Atlantis_00A","CONS_BM",1,2043,29.6
"Atlantis_00A","CONS_BM",1,2044,29.78
"Atlantis_00A","CONS_BM",1,2045,29.96
"Atlantis_00A","CONS_BM",1,2046,30.14
"Atlantis_00A","CONS_BM",1,2047,30.32
"Atlantis_00A","CONS_BM",1,2048,30.52
"Atlantis_00A","CONS_BM",1,2049,30.71
"Atlantis_00A","CONS_BM",1,2050,30.82
"Atlantis_00A","CONS_BM",1,2051,31.01
"Atlantis_00A","CONS_BM",1,2052,31.2
"Atlantis_00A","CONS_BM",1,2053,31.4
"Atlantis_00A","CONS_BM",1,2054,31.59
"Atlantis_00A","CONS_BM",1,2055,31.79
"Atlantis_00A","CONS_DS",1,2014,59.9
"Atlantis_00A","CONS_DS",1,2015,60.73
"Atlantis_00A","CONS_DS",1,2016,62.12
"Atlantis_00A","CONS_DS",1,2017,67.72
"Atlantis_00A","CONS_DS",1,2018,69.55
"Atlantis_00A","CONS_DS",1,2019,69.54
"Atlantis_00A","CONS_DS",1,2020,60.58
"Atlantis_00A","CONS_DS",1,2021,71.82
"Atlantis_00A","CONS_DS",1,2022,74.86
"Atlantis_00A","CONS_DS",1,2023,77.94
"Atlantis_00A","CONS_DS",1,2024,81.3299999999999
"Atlantis_00A","CONS_DS",1,2025,85.14
"Atlantis_00A","CONS_DS",1,2026,89.26
"Atlantis_00A","CONS_DS",1,2027,92.61
"Atlantis_00A","CONS_DS",1,2028,93.13
"Atlantis_00A","CONS_DS",1,2029,95.74
"Atlantis_00A","CONS_DS",1,2030,98.14
"Atlantis_00A","CONS_DS",1,2031,100.3
"Atlantis_00A","CONS_DS",1,2032,102.58
"Atlantis_00A","CONS_DS",1,2033,104.96
"Atlantis_00A","CONS_DS",1,2034,107.59
"Atlantis_00A","CONS_DS",1,2035,110.5
"Atlantis_00A","CONS_DS",1,2036,113.33
"Atlantis_00A","CONS_DS",1,2037,116.17
"Atlantis_00A","CONS_DS",1,2038,119.31
"Atlantis_00A","CONS_DS",1,2039,122.51
"Atlantis_00A","CONS_DS",1,2040,125.61
"Atlantis_00A","CONS_DS",1,2041,127.54
"Atlantis_00A","CONS_DS",1,2042,130.04
"Atlantis_00A","CONS_DS",1,2043,132.51
"Atlantis_00A","CONS_DS",1,2044,134.98
"Atlantis_00A","CONS_DS",1,2045,137.47
"Atlantis_00A","CONS_DS",1,2046,140.06
"Atlantis_00A","CONS_DS",1,2047,142.8
"Atlantis_00A","CONS_DS",1,2048,145.7
"Atlantis_00A","CONS_DS",1,2049,148.45
"Atlantis_00A","CONS_DS",1,2050,151.2
"Atlantis_00A","CONS_DS",1,2051,153.95
"Atlantis_00A","CONS_DS",1,2052,156.66
"Atlantis_00A","CONS_DS",1,2053,159.33
"Atlantis_00A","CONS_DS",1,2054,161.97
"Atlantis_00A","CONS_DS",1,2055,164.56
"Atlantis_00A","CONS_HF",1,2014,132.35
"Atlantis_00A","CONS_HF",1,2015,137.22
"Atlantis_00A","CONS_HF",1,2016,143.31
"Atlantis_00A","CONS_HF",1,2017,151.16
"Atlantis_00A","CONS_HF",1,2018,155.86
"Atlantis_00A","CONS_HF",1,2019,158.99
"Atlantis_00A","CONS_HF",1,2020,132.31
"Atlantis_00A","CONS_HF",1,2021,163.81
"Atlantis_00A","CONS_HF",1,2022,176.39
"Atlantis_00A","CONS_HF",1,2023,178.15
"Atlantis_00A","CONS_HF",1,2024,179.92
"Atlantis_00A","CONS_HF",1,2025,181.74
"Atlantis_00A","CONS_HF",1,2026,183.58
"Atlantis_00A","CONS_HF",1,2027,185.46
"Atlantis_00A","CONS_HF",1,2028,187.37
"Atlantis_00A","CONS_HF",1,2029,189.32
"Atlantis_00A","CONS_HF",1,2030,190.43
"Atlantis_00A","CONS_HF",1,2031,192.88
"Atlantis_00A","CONS_HF",1,2032,195.39
"Atlantis_00A","CONS_HF",1,2033,197.94
"Atlantis_00A","CONS_HF",1,2034,200.54
"Atlantis_00A","CONS_HF",1,2035,202.71
"Atlantis_00A","CONS_HF",1,2036,204.52
"Atlantis_00A","CONS_HF",1,2037,206.37
"Atlantis_00A","CONS_HF",1,2038,208.23
"Atlantis_00A","CONS_HF",1,2039,210.13
"Atlantis_00A","CONS_HF",1,2040,211.8
"Atlantis_00A","CONS_HF",1,2041,212.4
"Atlantis_00A","CONS_HF",1,2042,213.02
"Atlantis_00A","CONS_HF",1,2043,213.62
"Atlantis_00A","CONS_HF",1,2044,214.25
"Atlantis_00A","CONS_HF",1,2045,214.87
"Atlantis_00A","CONS_HF",1,2046,215.48
"Atlantis_00A","CONS_HF",1,2047,216.1
"Atlantis_00A","CONS_HF",1,2048,216.73
"Atlantis_00A","CONS_HF",1,2049,217.36
"Atlantis_00A","CONS_HF",1,2050,217.86
"Atlantis_00A","CONS_HF",1,2051,218.49
"Atlantis_00A","CONS_HF",1,2052,219.13
"Atlantis_00A","CONS_HF",1,2053,219.77
"Atlantis_00A","CONS_HF",1,2054,220.42
"Atlantis_00A","CONS_HF",1,2055,221.07
"Atlantis_00A","CONS_NG",1,2014,61.05
"Atlantis_00A","CONS_NG",1,2015,62.4
"Atlantis_00A","CONS_NG",1,2016,63.97
"Atlantis_00A","CONS_NG",1,2017,64.97
"Atlantis_00A","CONS_NG",1,2018,66.72
"Atlantis_00A","CONS_NG",1,2019,67.14
"Atlantis_00A","CONS_NG",1,2020,54.71
"Atlantis_00A","CONS_NG",1,2021,65.31
"Atlantis_00A","CONS_NG",1,2022,69.35
"Atlantis_00A","CONS_NG",1,2023,70.78
"Atlantis_00A","CONS_NG",1,2024,72.25
"Atlantis_00A","CONS_NG",1,2025,73.74
"Atlantis_00A","CONS_NG",1,2026,75.25
"Atlantis_00A","CONS_NG",1,2027,76.8
"Atlantis_00A","CONS_NG",1,2028,78.4
"Atlantis_00A","CONS_NG",1,2029,80.01
"Atlantis_00A","CONS_NG",1,2030,80.81
"Atlantis_00A","CONS_NG",1,2031,82.27
"Atlantis_00A","CONS_NG",1,2032,83.76
"Atlantis_00A","CONS_NG",1,2033,85.31
"Atlantis_00A","CONS_NG",1,2034,86.87
"Atlantis_00A","CONS_NG",1,2035,88.16
"Atlantis_00A","CONS_NG",1,2036,89.76
"Atlantis_00A","CONS_NG",1,2037,91.41
"Atlantis_00A","CONS_NG",1,2038,93.07
"Atlantis_00A","CONS_NG",1,2039,94.79
"Atlantis_00A","CONS_NG",1,2040,96.09
"Atlantis_00A","CONS_NG",1,2041,96.95
"Atlantis_00A","CONS_NG",1,2042,97.83
"Atlantis_00A","CONS_NG",1,2043,98.74
"Atlantis_00A","CONS_NG",1,2044,99.63
"Atlantis_00A","CONS_NG",1,2045,100.54
"Atlantis_00A","CONS_NG",1,2046,101.46
"Atlantis_00A","CONS_NG",1,2047,102.38
"Atlantis_00A","CONS_NG",1,2048,103.33
"Atlantis_00A","CONS_NG",1,2049,104.27
"Atlantis_00A","CONS_NG",1,2050,104.83
"Atlantis_00A","CONS_NG",1,2051,105.79
"Atlantis_00A","CONS_NG",1,2052,106.76
"Atlantis_00A","CONS_NG",1,2053,107.74
"Atlantis_00A","CONS_NG",1,2054,108.73
"Atlantis_00A","CONS_NG",1,2055,109.74
"Atlantis_00A","DIST_IND",1,2014,7.50310045473336
"Atlantis_00A","DIST_IND",1,2015,7.85448532451426
"Atlantis_00A","DIST_IND",1,2016,7.93716411740389
"Atlantis_00A","DIST_IND",1,2017,8.0095080611823
"Atlantis_00A","DIST_IND",1,2018,7.69946258784622
"Atlantis_00A","DIST_IND",1,2019,8.0095080611823
"Atlantis_00A","DIST_IND",1,2020,6.90367920628359
"Atlantis_00A","DIST_IND",1,2021,8.17486564696156
"Atlantis_00A","DIST_IND",1,2022,8.35055808185201
"Atlantis_00A","DIST_IND",1,2023,8.52625051674246
"Atlantis_00A","DIST_IND",1,2024,8.6916081025217
"Atlantis_00A","DIST_IND",1,2025,8.86730053741215
"Atlantis_00A","DIST_IND",1,2026,9.0429929723026
"Atlantis_00A","DIST_IND",1,2027,9.22902025630426
"Atlantis_00A","DIST_IND",1,2028,9.41504754030591
"Atlantis_00A","DIST_IND",1,2029,9.60107482430756
"Atlantis_00A","DIST_IND",1,2030,9.69408846630839
"Atlantis_00A","DIST_IND",1,2031,9.82844150475403
"Atlantis_00A","DIST_IND",1,2032,9.97312939231087
"Atlantis_00A","DIST_IND",1,2033,10.1178172798677
"Atlantis_00A","DIST_IND",1,2034,10.2521703183134
"Atlantis_00A","DIST_IND",1,2035,10.3761885076478
"Atlantis_00A","DIST_IND",1,2036,13.7350144687888
"Atlantis_00A","DIST_IND",1,2037,13.9623811492352
"Atlantis_00A","DIST_IND",1,2038,14.1897478296817
"Atlantis_00A","DIST_IND",1,2039,14.4274493592394
"Atlantis_00A","DIST_IND",1,2040,11.1099627945432
"Atlantis_00A","DIST_IND",1,2041,11.2443158329888
"Atlantis_00A","DIST_IND",1,2042,11.3890037205457
"Atlantis_00A","DIST_IND",1,2043,11.5233567589913
"Atlantis_00A","DIST_IND",1,2044,11.6680446465482
"Atlantis_00A","DIST_IND",1,2045,11.812732534105
"Atlantis_00A","DIST_IND",1,2046,11.9574204216618
"Atlantis_00A","DIST_IND",1,2047,12.1021083092187
"Atlantis_00A","DIST_IND",1,2048,12.2467961967755
"Atlantis_00A","DIST_IND",1,2049,12.4018189334436
"Atlantis_00A","DIST_IND",1,2050,12.474162877222
"Atlantis_00A","DIST_IND",1,2051,12.62918561389
"Atlantis_00A","DIST_IND",1,2052,12.7842083505581
"Atlantis_00A","DIST_IND",1,2053,12.9392310872261
"Atlantis_00A","DIST_IND",1,2054,13.0942538238942
"Atlantis_00A","DIST_IND",1,2055,13.2596114096734
"Atlantis_00A","DIST_OTH",1,2014,3.05911533691608
"Atlantis_00A","DIST_OTH",1,2015,3.25547747002894
"Atlantis_00A","DIST_OTH",1,2016,3.35882596114097
"Atlantis_00A","DIST_OTH",1,2017,3.35882596114097
"Atlantis_00A","DIST_OTH",1,2018,3.20380322447292
"Atlantis_00A","DIST_OTH",1,2019,3.17279867713931
"Atlantis_00A","DIST_OTH",1,2020,2.94543199669285
"Atlantis_00A","DIST_OTH",1,2021,3.93757751136833
"Atlantis_00A","DIST_OTH",1,2022,3.98925175692435
"Atlantis_00A","DIST_OTH",1,2023,4.04092600248036
"Atlantis_00A","DIST_OTH",1,2024,4.09260024803638
"Atlantis_00A","DIST_OTH",1,2025,4.14427449359239
"Atlantis_00A","DIST_OTH",1,2026,4.19594873914841
"Atlantis_00A","DIST_OTH",1,2027,4.25795783381563
"Atlantis_00A","DIST_OTH",1,2028,4.28896238114924
"Atlantis_00A","DIST_OTH",1,2029,4.36130632492765
"Atlantis_00A","DIST_OTH",1,2030,4.43365026870608
"Atlantis_00A","DIST_OTH",1,2031,4.5059942124845
"Atlantis_00A","DIST_OTH",1,2032,4.57833815626292
"Atlantis_00A","DIST_OTH",1,2033,4.64034725093014
"Atlantis_00A","DIST_OTH",1,2034,4.69202149648615
"Atlantis_00A","DIST_OTH",1,2035,4.74369574204217
"Atlantis_00A","DIST_OTH",1,2036,4.79536998759818
"Atlantis_00A","DIST_OTH",1,2037,4.8573790822654
"Atlantis_00A","DIST_OTH",1,2038,4.89871847871021
"Atlantis_00A","DIST_OTH",1,2039,4.91938817693262
"Atlantis_00A","DIST_OTH",1,2040,4.94005787515502
"Atlantis_00A","DIST_OTH",1,2041,4.96072757337743
"Atlantis_00A","DIST_OTH",1,2042,4.97106242248863
"Atlantis_00A","DIST_OTH",1,2043,4.99173212071104
"Atlantis_00A","DIST_OTH",1,2044,5.01240181893344
"Atlantis_00A","DIST_OTH",1,2045,5.03307151715585
"Atlantis_00A","DIST_OTH",1,2046,5.05374121537826
"Atlantis_00A","DIST_OTH",1,2047,5.06407606448946
"Atlantis_00A","DIST_OTH",1,2048,5.08474576271186
"Atlantis_00A","DIST_OTH",1,2049,5.10541546093427
"Atlantis_00A","DIST_OTH",1,2050,5.12608515915668
"Atlantis_00A","DIST_OTH",1,2051,5.13642000826788
"Atlantis_00A","DIST_OTH",1,2052,5.15708970649028
"Atlantis_00A","DIST_OTH",1,2053,5.17775940471269
"Atlantis_00A","DIST_OTH",1,2054,5.1984291029351
"Atlantis_00A","DIST_OTH",1,2055,5.2190988011575
"Atlantis_00A","DIST_RES",1,2014,10.438197602315
"Atlantis_00A","DIST_RES",1,2015,11.1306324927656
"Atlantis_00A","DIST_RES",1,2016,11.7507234394378
"Atlantis_00A","DIST_RES",1,2017,11.9987598181067
"Atlantis_00A","DIST_RES",1,2018,12.3501446878876
"Atlantis_00A","DIST_RES",1,2019,12.6601901612236
"Atlantis_00A","DIST_RES",1,2020,13.5593220338983
"Atlantis_00A","DIST_RES",1,2021,13.5386523356759
"Atlantis_00A","DIST_RES",1,2022,14.0450599421248
"Atlantis_00A","DIST_RES",1,2023,14.3861099627945
"Atlantis_00A","DIST_RES",1,2024,14.7271599834642
"Atlantis_00A","DIST_RES",1,2025,15.0785448532451
"Atlantis_00A","DIST_RES",1,2026,15.4402645721372
"Atlantis_00A","DIST_RES",1,2027,15.8123191401406
"Atlantis_00A","DIST_RES",1,2028,16.1947085572551
"Atlantis_00A","DIST_RES",1,2029,16.5874328234808
"Atlantis_00A","DIST_RES",1,2030,16.7424555601488
"Atlantis_00A","DIST_RES",1,2031,17.1765192228193
"Atlantis_00A","DIST_RES",1,2032,17.6312525837123
"Atlantis_00A","DIST_RES",1,2033,18.0859859446052
"Atlantis_00A","DIST_RES",1,2034,18.5613890037205
"Atlantis_00A","DIST_RES",1,2035,18.9231087226126
"Atlantis_00A","DIST_RES",1,2036,19.4708557255064
"Atlantis_00A","DIST_RES",1,2037,20.0289375775114
"Atlantis_00A","DIST_RES",1,2038,20.5973542786275
"Atlantis_00A","DIST_RES",1,2039,21.1864406779661
"Atlantis_00A","DIST_RES",1,2040,21.6308391897478
"Atlantis_00A","DIST_RES",1,2041,22.25093013642
"Atlantis_00A","DIST_RES",1,2042,22.8813559322034
"Atlantis_00A","DIST_RES",1,2043,23.5324514262092
"Atlantis_00A","DIST_RES",1,2044,24.2042166184374
"Atlantis_00A","DIST_RES",1,2045,24.896651508888
"Atlantis_00A","DIST_RES",1,2046,25.609756097561
"Atlantis_00A","DIST_RES",1,2047,26.3331955353452
"Atlantis_00A","DIST_RES",1,2048,27.087639520463
"Atlantis_00A","DIST_RES",1,2049,27.8627532038032
"Atlantis_00A","DIST_RES",1,2050,27.800744109136
"Atlantis_00A","DIST_RES",1,2051,28.5965274906986
"Atlantis_00A","DIST_RES",1,2052,29.4129805704837
"Atlantis_00A","DIST_RES",1,2053,30.2501033484911
"Atlantis_00A","DIST_RES",1,2054,31.107895824721
"Atlantis_00A","DIST_RES",1,2055,31.9966928482844
"Atlantis_00A","DIST_SER",1,2014,6.50062009094667
"Atlantis_00A","DIST_SER",1,2015,7.02769739561802
"Atlantis_00A","DIST_SER",1,2016,7.44109136006614
"Atlantis_00A","DIST_SER",1,2017,7.74080198429103
"Atlantis_00A","DIST_SER",1,2018,8.10252170318313
"Atlantis_00A","DIST_SER",1,2019,8.3402232327408
"Atlantis_00A","DIST_SER",1,2020,7.6477883422902
"Atlantis_00A","DIST_SER",1,2021,8.89830508474576
"Atlantis_00A","DIST_SER",1,2022,9.13600661430343
"Atlantis_00A","DIST_SER",1,2023,9.3840429929723
"Atlantis_00A","DIST_SER",1,2024,9.64241422075238
"Atlantis_00A","DIST_SER",1,2025,9.90078544853245
"Atlantis_00A","DIST_SER",1,2026,10.1591566763125
"Atlantis_00A","DIST_SER",1,2027,10.438197602315
"Atlantis_00A","DIST_SER",1,2028,10.5312112443158
"Atlantis_00A","DIST_SER",1,2029,10.7275733774287
"Atlantis_00A","DIST_SER",1,2030,10.9239355105415
"Atlantis_00A","DIST_SER",1,2031,11.1306324927656
"Atlantis_00A","DIST_SER",1,2032,11.3373294749897
"Atlantis_00A","DIST_SER",1,2033,11.5130219098801
"Atlantis_00A","DIST_SER",1,2034,11.6680446465482
"Atlantis_00A","DIST_SER",1,2035,11.8230673832162
"Atlantis_00A","DIST_SER",1,2036,11.9884249689955
"Atlantis_00A","DIST_SER",1,2037,12.1537825547747
"Atlantis_00A","DIST_SER",1,2038,12.2881355932203
"Atlantis_00A","DIST_SER",1,2039,12.4018189334436
"Atlantis_00A","DIST_SER",1,2040,12.5155022736668
"Atlantis_00A","DIST_SER",1,2041,12.62918561389
"Atlantis_00A","DIST_SER",1,2042,12.7532038032245
"Atlantis_00A","DIST_SER",1,2043,12.8668871434477
"Atlantis_00A","DIST_SER",1,2044,12.9805704836709
"Atlantis_00A","DIST_SER",1,2045,13.1045886730054
"Atlantis_00A","DIST_SER",1,2046,13.2182720132286
"Atlantis_00A","DIST_SER",1,2047,13.342290202563
"Atlantis_00A","DIST_SER",1,2048,13.4146341463415
"Atlantis_00A","DIST_SER",1,2049,13.5386523356759
"Atlantis_00A","DIST_SER",1,2050,13.6626705250103
"Atlantis_00A","DIST_SER",1,2051,13.7866887143448
"Atlantis_00A","DIST_SER",1,2052,13.9107069036792
"Atlantis_00A","DIST_SER",1,2053,14.0450599421248
"Atlantis_00A","DIST_SER",1,2054,14.1690781314593
"Atlantis_00A","DIST_SER",1,2055,14.3034311699049
"Atlantis_00A","DIST_TRA",1,2014,0.010334849111203
"Atlantis_00A","DIST_TRA",1,2015,0.0310045473336089
"Atlantis_00A","DIST_TRA",1,2016,0.0310045473336089
"Atlantis_00A","DIST_TRA",1,2017,0.0516742455560149
"Atlantis_00A","DIST_TRA",1,2018,0.0826787928896238
"Atlantis_00A","DIST_TRA",1,2019,0.113683340223233
"Atlantis_00A","DIST_TRA",1,2020,0.0723439437784208
"Atlantis_00A","DIST_TRA",1,2021,0.0930136420008268
"Atlantis_00A","DIST_TRA",1,2022,0.0930136420008268
"Atlantis_00A","DIST_TRA",1,2023,0.113683340223233
"Atlantis_00A","DIST_TRA",1,2024,0.144687887556842
"Atlantis_00A","DIST_TRA",1,2025,0.175692434890451
"Atlantis_00A","DIST_TRA",1,2026,0.196362133112857
"Atlantis_00A","DIST_TRA",1,2027,0.227366680446466
"Atlantis_00A","DIST_TRA",1,2028,0.248036378668871
"Atlantis_00A","DIST_TRA",1,2029,0.27904092600248
"Atlantis_00A","DIST_TRA",1,2030,0.299710624224886
"Atlantis_00A","DIST_TRA",1,2031,0.372054568003307
"Atlantis_00A","DIST_TRA",1,2032,0.444398511781728
"Atlantis_00A","DIST_TRA",1,2033,0.537412153782555
"Atlantis_00A","DIST_TRA",1,2034,0.651095494005787
"Atlantis_00A","DIST_TRA",1,2035,0.620090946672179
"Atlantis_00A","DIST_TRA",1,2036,0.713104588673005
"Atlantis_00A","DIST_TRA",1,2037,0.826787928896238
"Atlantis_00A","DIST_TRA",1,2038,0.950806118230674
"Atlantis_00A","DIST_TRA",1,2039,1.08515915667631
"Atlantis_00A","DIST_TRA",1,2040,1.08515915667631
"Atlantis_00A","DIST_TRA",1,2041,1.20917734601075
"Atlantis_00A","DIST_TRA",1,2042,1.33319553534518
"Atlantis_00A","DIST_TRA",1,2043,1.45721372467962
"Atlantis_00A","DIST_TRA",1,2044,1.58123191401406
"Atlantis_00A","DIST_TRA",1,2045,1.70525010334849
"Atlantis_00A","DIST_TRA",1,2046,1.82926829268293
"Atlantis_00A","DIST_TRA",1,2047,1.95328648201736
"Atlantis_00A","DIST_TRA",1,2048,2.0773046713518
"Atlantis_00A","DIST_TRA",1,2049,2.20132286068623
"Atlantis_00A","DIST_TRA",1,2050,2.32534105002067
"Atlantis_00A","DIST_TRA",1,2051,2.58371227780074
"Atlantis_00A","DIST_TRA",1,2052,2.88342290202563
"Atlantis_00A","DIST_TRA",1,2053,3.20380322447292
"Atlantis_00A","DIST_TRA",1,2054,3.57585779247623
"Atlantis_00A","DIST_TRA",1,2055,3.97891690781315
"Atlantis_00A","DS_IMP",1,2014,59.9
"Atlantis_00A","DS_IMP",1,2015,60.73
"Atlantis_00A","DS_IMP",1,2016,62.12
"Atlantis_00A","DS_IMP",1,2017,67.72
"Atlantis_00A","DS_IMP",1,2018,69.55
"Atlantis_00A","DS_IMP",1,2019,69.54
"Atlantis_00A","DS_IMP",1,2020,60.58
"Atlantis_00A","DS_IMP",1,2021,71.82
"Atlantis_00A","DS_IMP",1,2022,74.86
"Atlantis_00A","DS_IMP",1,2023,77.94
"Atlantis_00A","DS_IMP",1,2024,81.3299999999999
"Atlantis_00A","DS_IMP",1,2025,85.14
"Atlantis_00A","DS_IMP",1,2026,89.26
"Atlantis_00A","DS_IMP",1,2027,92.61
"Atlantis_00A","DS_IMP",1,2028,93.13
"Atlantis_00A","DS_IMP",1,2029,95.74
"Atlantis_00A","DS_IMP",1,2030,98.14
"Atlantis_00A","DS_IMP",1,2031,100.3
"Atlantis_00A","DS_IMP",1,2032,102.58
"Atlantis_00A","DS_IMP",1,2033,104.96
"Atlantis_00A","DS_IMP",1,2034,107.59
"Atlantis_00A","DS_IMP",1,2035,110.5
"Atlantis_00A","DS_IMP",1,2036,113.33
"Atlantis_00A","DS_IMP",1,2037,116.17
"Atlantis_00A","DS_IMP",1,2038,119.31
"Atlantis_00A","DS_IMP",1,2039,122.51
"Atlantis_00A","DS_IMP",1,2040,125.61
"Atlantis_00A","DS_IMP",1,2041,127.54
"Atlantis_00A","DS_IMP",1,2042,130.04
"Atlantis_00A","DS_IMP",1,2043,132.51
"Atlantis_00A","DS_IMP",1,2044,134.98
"Atlantis_00A","DS_IMP",1,2045,137.47
"Atlantis_00A","DS_IMP",1,2046,140.06
"Atlantis_00A","DS_IMP",1,2047,142.8
"Atlantis_00A","DS_IMP",1,2048,145.7
"Atlantis_00A","DS_IMP",1,2049,148.45
"Atlantis_00A","DS_IMP",1,2050,151.2
"Atlantis_00A","DS_IMP",1,2051,153.95
"Atlantis_00A","DS_IMP",1,2052,156.66
"Atlantis_00A","DS_IMP",1,2053,159.33
"Atlantis_00A","DS_IMP",1,2054,161.97
"Atlantis_00A","DS_IMP",1,2055,164.56
"Atlantis_00A","DS_IND",1,2014,2.32
"Atlantis_00A","DS_IND",1,2015,2.3
"Atlantis_00A","DS_IND",1,2016,1.75
"Atlantis_00A","DS_IND",1,2017,2.52
"Atlantis_00A","DS_IND",1,2018,2.47000000000001
"Atlantis_00A","DS_IND",1,2019,2.24
"Atlantis_00A","DS_IND",1,2020,1.57
"Atlantis_00A","DS_IND",1,2021,2.15
"Atlantis_00A","DS_IND",1,2022,2.09
"Atlantis_00A","DS_IND",1,2023,2.02
"Atlantis_00A","DS_IND",1,2024,1.97
"Atlantis_00A","DS_IND",1,2025,1.95
"Atlantis_00A","DS_IND",1,2026,1.93
"Atlantis_00A","DS_IND",1,2027,1.79
"Atlantis_00A","DS_IND",1,2028,1.78
"Atlantis_00A","DS_IND",1,2029,1.81
"Atlantis_00A","DS_IND",1,2030,1.83
"Atlantis_00A","DS_IND",1,2031,1.72
"Atlantis_00A","DS_IND",1,2032,1.69
"Atlantis_00A","DS_IND",1,2033,1.66
"Atlantis_00A","DS_IND",1,2034,1.63
"Atlantis_00A","DS_IND",1,2035,1.6
"Atlantis_00A","DS_IND",1,2036,1.57
"Atlantis_00A","DS_IND",1,2037,1.55
"Atlantis_00A","DS_IND",1,2038,1.51
"Atlantis_00A","DS_IND",1,2039,1.46
"Atlantis_00A","DS_IND",1,2040,1.43
"Atlantis_00A","DS_IND",1,2041,1.41
"Atlantis_00A","DS_IND",1,2042,1.37
"Atlantis_00A","DS_IND",1,2043,1.34
"Atlantis_00A","DS_IND",1,2044,1.31
"Atlantis_00A","DS_IND",1,2045,1.27
"Atlantis_00A","DS_IND",1,2046,1.24
"Atlantis_00A","DS_IND",1,2047,1.2
"Atlantis_00A","DS_IND",1,2048,1.17
"Atlantis_00A","DS_IND",1,2049,1.14
"Atlantis_00A","DS_IND",1,2050,1.11
"Atlantis_00A","DS_IND",1,2051,1.08
"Atlantis_00A","DS_IND",1,2052,1.04
"Atlantis_00A","DS_IND",1,2053,1.01
"Atlantis_00A","DS_IND",1,2054,0.98
"Atlantis_00A","DS_IND",1,2055,0.94
"Atlantis_00A","DS_OTH",1,2014,5.04
"Atlantis_00A","DS_OTH",1,2015,5.01
"Atlantis_00A","DS_OTH",1,2016,5.06
"Atlantis_00A","DS_OTH",1,2017,5.35
"Atlantis_00A","DS_OTH",1,2018,5.78
"Atlantis_00A","DS_OTH",1,2019,5.95
"Atlantis_00A","DS_OTH",1,2020,6.07
"Atlantis_00A","DS_OTH",1,2021,6.31
"Atlantis_00A","DS_OTH",1,2022,6.53
"Atlantis_00A","DS_OTH",1,2023,6.75
"Atlantis_00A","DS_OTH",1,2024,6.97
"Atlantis_00A","DS_OTH",1,2025,7.19
"Atlantis_00A","DS_OTH",1,2026,7.42
"Atlantis_00A","DS_OTH",1,2027,7.65
"Atlantis_00A","DS_OTH",1,2028,7.88
"Atlantis_00A","DS_OTH",1,2029,8.11
"Atlantis_00A","DS_OTH",1,2030,8.32
"Atlantis_00A","DS_OTH",1,2031,8.52
"Atlantis_00A","DS_OTH",1,2032,8.73
"Atlantis_00A","DS_OTH",1,2033,8.93
"Atlantis_00A","DS_OTH",1,2034,9.16
"Atlantis_00A","DS_OTH",1,2035,9.41
"Atlantis_00A","DS_OTH",1,2036,9.63
"Atlantis_00A","DS_OTH",1,2037,9.84
"Atlantis_00A","DS_OTH",1,2038,10.04
"Atlantis_00A","DS_OTH",1,2039,10.27
"Atlantis_00A","DS_OTH",1,2040,10.5
"Atlantis_00A","DS_OTH",1,2041,10.72
"Atlantis_00A","DS_OTH",1,2042,10.94
"Atlantis_00A","DS_OTH",1,2043,11.15
"Atlantis_00A","DS_OTH",1,2044,11.37
"Atlantis_00A","DS_OTH",1,2045,11.59
"Atlantis_00A","DS_OTH",1,2046,11.81
"Atlantis_00A","DS_OTH",1,2047,12.03
"Atlantis_00A","DS_OTH",1,2048,12.25
"Atlantis_00A","DS_OTH",1,2049,12.47
"Atlantis_00A","DS_OTH",1,2050,12.69
"Atlantis_00A","DS_OTH",1,2051,12.91
"Atlantis_00A","DS_OTH",1,2052,13.13
"Atlantis_00A","DS_OTH",1,2053,13.35
"Atlantis_00A","DS_OTH",1,2054,13.57
"Atlantis_00A","DS_OTH",1,2055,13.78
"Atlantis_00A","DS_TRA",1,2014,52.54
"Atlantis_00A","DS_TRA",1,2015,53.42
"Atlantis_00A","DS_TRA",1,2016,55.31
"Atlantis_00A","DS_TRA",1,2017,59.85
"Atlantis_00A","DS_TRA",1,2018,61.3
"Atlantis_00A","DS_TRA",1,2019,61.35
"Atlantis_00A","DS_TRA",1,2020,52.94
"Atlantis_00A","DS_TRA",1,2021,63.36
"Atlantis_00A","DS_TRA",1,2022,66.24
"Atlantis_00A","DS_TRA",1,2023,69.17
"Atlantis_00A","DS_TRA",1,2024,72.39
"Atlantis_00A","DS_TRA",1,2025,76
"Atlantis_00A","DS_TRA",1,2026,79.91
"Atlantis_00A","DS_TRA",1,2027,83.17
"Atlantis_00A","DS_TRA",1,2028,83.47
"Atlantis_00A","DS_TRA",1,2029,85.82
"Atlantis_00A","DS_TRA",1,2030,87.99
"Atlantis_00A","DS_TRA",1,2031,90.06
"Atlantis_00A","DS_TRA",1,2032,92.16
"Atlantis_00A","DS_TRA",1,2033,94.37
"Atlantis_00A","DS_TRA",1,2034,96.8
"Atlantis_00A","DS_TRA",1,2035,99.49
"Atlantis_00A","DS_TRA",1,2036,102.13
"Atlantis_00A","DS_TRA",1,2037,104.78
"Atlantis_00A","DS_TRA",1,2038,107.76
"Atlantis_00A","DS_TRA",1,2039,110.78
"Atlantis_00A","DS_TRA",1,2040,113.68
"Atlantis_00A","DS_TRA",1,2041,115.41
"Atlantis_00A","DS_TRA",1,2042,117.73
"Atlantis_00A","DS_TRA",1,2043,120.02
"Atlantis_00A","DS_TRA",1,2044,122.3
"Atlantis_00A","DS_TRA",1,2045,124.61
"Atlantis_00A","DS_TRA",1,2046,127.01
"Atlantis_00A","DS_TRA",1,2047,129.57
"Atlantis_00A","DS_TRA",1,2048,132.28
"Atlantis_00A","DS_TRA",1,2049,134.84
"Atlantis_00A","DS_TRA",1,2050,137.4
"Atlantis_00A","DS_TRA",1,2051,139.96
"Atlantis_00A","DS_TRA",1,2052,142.49
"Atlantis_00A","DS_TRA",1,2053,144.97
"Atlantis_00A","DS_TRA",1,2054,147.42
"Atlantis_00A","DS_TRA",1,2055,149.84
"Atlantis_00A","DSGC",1,2014,0
"Atlantis_00A","DSGC",1,2015,0
"Atlantis_00A","DSGC",1,2016,0
"Atlantis_00A","DSGC",1,2017,0
"Atlantis_00A","DSGC",1,2018,0
"Atlantis_00A","DSGC",1,2019,0
"Atlantis_00A","DSGC",1,2020,0
"Atlantis_00A","DSGC",1,2021,0
"Atlantis_00A","DSGC",1,2022,0
"Atlantis_00A","DSGC",1,2023,0
"Atlantis_00A","DSGC",1,2024,0
"Atlantis_00A","DSGC",1,2025,0
"Atlantis_00A","DSGC",1,2026,0
"Atlantis_00A","DSGC",1,2027,0
"Atlantis_00A","DSGC",1,2028,0
"Atlantis_00A","DSGC",1,2029,0
"Atlantis_00A","DSGC",1,2030,0
"Atlantis_00A","DSGC",1,2031,0
"Atlantis_00A","DSGC",1,2032,0
"Atlantis_00A","DSGC",1,2033,0
"Atlantis_00A","DSGC",1,2034,0
"Atlantis_00A","DSGC",1,2035,0
"Atlantis_00A","DSGC",1,2036,0
"Atlantis_00A","DSGC",1,2037,0
"Atlantis_00A","DSGC",1,2038,0
"Atlantis_00A","DSGC",1,2039,0
"Atlantis_00A","DSGC",1,2040,0
"Atlantis_00A","DSGC",1,2041,0
"Atlantis_00A","DSGC",1,2042,0
"Atlantis_00A","DSGC",1,2043,0
"Atlantis_00A","DSGC",1,2044,0
"Atlantis_00A","DSGC",1,2045,0
"Atlantis_00A","DSGC",1,2046,0
"Atlantis_00A","DSGC",1,2047,0
"Atlantis_00A","DSGC",1,2048,0
"Atlantis_00A","DSGC",1,2049,0
"Atlantis_00A","DSGC",1,2050,0
"Atlantis_00A","DSGC",1,2051,0
"Atlantis_00A","DSGC",1,2052,0
"Atlantis_00A","DSGC",1,2053,0
"Atlantis_00A","DSGC",1,2054,0
"Atlantis_00A","DSGC",1,2055,0
"Atlantis_00A","EXP_HF",1,2014,0
"Atlantis_00A","EXP_HF",1,2015,0
"Atlantis_00A","EXP_HF",1,2016,0
"Atlantis_00A","EXP_HF",1,2017,0
"Atlantis_00A","EXP_HF",1,2018,0
"Atlantis_00A","EXP_HF",1,2019,0
"Atlantis_00A","EXP_HF",1,2020,0
"Atlantis_00A","EXP_HF",1,2021,0
"Atlantis_00A","EXP_HF",1,2022,0
"Atlantis_00A","EXP_HF",1,2023,0
"Atlantis_00A","EXP_HF",1,2024,0
"Atlantis_00A","EXP_HF",1,2025,0
"Atlantis_00A","EXP_HF",1,2026,0
"Atlantis_00A","EXP_HF",1,2027,0
"Atlantis_00A","EXP_HF",1,2028,0
"Atlantis_00A","EXP_HF",1,2029,0
"Atlantis_00A","EXP_HF",1,2030,0
"Atlantis_00A","EXP_HF",1,2031,0
"Atlantis_00A","EXP_HF",1,2032,0
"Atlantis_00A","EXP_HF",1,2033,0
"Atlantis_00A","EXP_HF",1,2034,0
"Atlantis_00A","EXP_HF",1,2035,0
"Atlantis_00A","EXP_HF",1,2036,0
"Atlantis_00A","EXP_HF",1,2037,0
"Atlantis_00A","EXP_HF",1,2038,0
"Atlantis_00A","EXP_HF",1,2039,0
"Atlantis_00A","EXP_HF",1,2040,0
"Atlantis_00A","EXP_HF",1,2041,0
"Atlantis_00A","EXP_HF",1,2042,0
"Atlantis_00A","EXP_HF",1,2043,0
"Atlantis_00A","EXP_HF",1,2044,0
"Atlantis_00A","EXP_HF",1,2045,0
"Atlantis_00A","EXP_HF",1,2046,0
"Atlantis_00A","EXP_HF",1,2047,0
"Atlantis_00A","EXP_HF",1,2048,0
"Atlantis_00A","EXP_HF",1,2049,0
"Atlantis_00A","EXP_HF",1,2050,0
"Atlantis_00A","EXP_HF",1,2051,0
"Atlantis_00A","EXP_HF",1,2052,0
"Atlantis_00A","EXP_HF",1,2053,0
"Atlantis_00A","EXP_HF",1,2054,0
"Atlantis_00A","EXP_HF",1,2055,0
"Atlantis_00A","EXP_NG",1,2014,0
"Atlantis_00A","EXP_NG",1,2015,0
"Atlantis_00A","EXP_NG",1,2016,0
"Atlantis_00A","EXP_NG",1,2017,0
"Atlantis_00A","EXP_NG",1,2018,0
"Atlantis_00A","EXP_NG",1,2019,0
"Atlantis_00A","EXP_NG",1,2020,0
"Atlantis_00A","EXP_NG",1,2021,0
"Atlantis_00A","EXP_NG",1,2022,0
"Atlantis_00A","EXP_NG",1,2023,0
"Atlantis_00A","EXP_NG",1,2024,0
"Atlantis_00A","EXP_NG",1,2025,0
"Atlantis_00A","EXP_NG",1,2026,0
"Atlantis_00A","EXP_NG",1,2027,0
"Atlantis_00A","EXP_NG",1,2028,0
"Atlantis_00A","EXP_NG",1,2029,0
"Atlantis_00A","EXP_NG",1,2030,0
"Atlantis_00A","EXP_NG",1,2031,0
"Atlantis_00A","EXP_NG",1,2032,0
"Atlantis_00A","EXP_NG",1,2033,0
"Atlantis_00A","EXP_NG",1,2034,0
"Atlantis_00A","EXP_NG",1,2035,0
"Atlantis_00A","EXP_NG",1,2036,0
"Atlantis_00A","EXP_NG",1,2037,0
"Atlantis_00A","EXP_NG",1,2038,0
"Atlantis_00A","EXP_NG",1,2039,0
"Atlantis_00A","EXP_NG",1,2040,0
"Atlantis_00A","EXP_NG",1,2041,0
"Atlantis_00A","EXP_NG",1,2042,0
"Atlantis_00A","EXP_NG",1,2043,0
"Atlantis_00A","EXP_NG",1,2044,0
"Atlantis_00A","EXP_NG",1,2045,0
"Atlantis_00A","EXP_NG",1,2046,0
"Atlantis_00A","EXP_NG",1,2047,0
"Atlantis_00A","EXP_NG",1,2048,0
"Atlantis_00A","EXP_NG",1,2049,0
"Atlantis_00A","EXP_NG",1,2050,0
"Atlantis_00A","EXP_NG",1,2051,0
"Atlantis_00A","EXP_NG",1,2052,0
"Atlantis_00A","EXP_NG",1,2053,0
"Atlantis_00A","EXP_NG",1,2054,0
"Atlantis_00A","EXP_NG",1,2055,0
"Atlantis_00A","GT_FC",1,2014,0
"Atlantis_00A","GT_FC",1,2015,0
"Atlantis_00A","GT_FC",1,2016,0
"Atlantis_00A","GT_FC",1,2017,0
"Atlantis_00A","GT_FC",1,2018,0
"Atlantis_00A","GT_FC",1,2019,0
"Atlantis_00A","GT_FC",1,2020,0
"Atlantis_00A","GT_FC",1,2021,0
"Atlantis_00A","GT_FC",1,2022,0
"Atlantis_00A","GT_FC",1,2023,0
"Atlantis_00A","GT_FC",1,2024,0
"Atlantis_00A","GT_FC",1,2025,0
"Atlantis_00A","GT_FC",1,2026,0
"Atlantis_00A","GT_FC",1,2027,0
"Atlantis_00A","GT_FC",1,2028,0
"Atlantis_00A","GT_FC",1,2029,0
"Atlantis_00A","GT_FC",1,2030,0
"Atlantis_00A","GT_FC",1,2031,0
"Atlantis_00A","GT_FC",1,2032,0
"Atlantis_00A","GT_FC",1,2033,0
"Atlantis_00A","GT_FC",1,2034,0
"Atlantis_00A","GT_FC",1,2035,0
"Atlantis_00A","GT_FC",1,2036,0
"Atlantis_00A","GT_FC",1,2037,0
"Atlantis_00A","GT_FC",1,2038,0
"Atlantis_00A","GT_FC",1,2039,0
"Atlantis_00A","GT_FC",1,2040,0
"Atlantis_00A","GT_FC",1,2041,0
"Atlantis_00A","GT_FC",1,2042,0
"Atlantis_00A","GT_FC",1,2043,0
"Atlantis_00A","GT_FC",1,2044,0
"Atlantis_00A","GT_FC",1,2045,0
"Atlantis_00A","GT_FC",1,2046,0
"Atlantis_00A","GT_FC",1,2047,0
"Atlantis_00A","GT_FC",1,2048,0
"Atlantis_00A","GT_FC",1,2049,0
"Atlantis_00A","GT_FC",1,2050,0
"Atlantis_00A","GT_FC",1,2051,0
"Atlantis_00A","GT_FC",1,2052,0
"Atlantis_00A","GT_FC",1,2053,0
"Atlantis_00A","GT_FC",1,2054,0
"Atlantis_00A","GT_FC",1,2055,0
"Atlantis_00A","HF_IMP",1,2014,132.35
"Atlantis_00A","HF_IMP",1,2015,137.22
"Atlantis_00A","HF_IMP",1,2016,143.31
"Atlantis_00A","HF_IMP",1,2017,151.16
"Atlantis_00A","HF_IMP",1,2018,155.86
"Atlantis_00A","HF_IMP",1,2019,158.99
"Atlantis_00A","HF_IMP",1,2020,132.31
"Atlantis_00A","HF_IMP",1,2021,163.81
"Atlantis_00A","HF_IMP",1,2022,176.39
"Atlantis_00A","HF_IMP",1,2023,178.15
"Atlantis_00A","HF_IMP",1,2024,179.92
"Atlantis_00A","HF_IMP",1,2025,181.74
"Atlantis_00A","HF_IMP",1,2026,183.58
"Atlantis_00A","HF_IMP",1,2027,185.46
"Atlantis_00A","HF_IMP",1,2028,187.37
"Atlantis_00A","HF_IMP",1,2029,189.32
"Atlantis_00A","HF_IMP",1,2030,190.43
"Atlantis_00A","HF_IMP",1,2031,192.88
"Atlantis_00A","HF_IMP",1,2032,195.39
"Atlantis_00A","HF_IMP",1,2033,197.94
"Atlantis_00A","HF_IMP",1,2034,200.54
"Atlantis_00A","HF_IMP",1,2035,202.71
"Atlantis_00A","HF_IMP",1,2036,204.52
"Atlantis_00A","HF_IMP",1,2037,206.37
"Atlantis_00A","HF_IMP",1,2038,208.23
"Atlantis_00A","HF_IMP",1,2039,210.13
"Atlantis_00A","HF_IMP",1,2040,211.8
"Atlantis_00A","HF_IMP",1,2041,212.4
"Atlantis_00A","HF_IMP",1,2042,213.02
"Atlantis_00A","HF_IMP",1,2043,213.62
"Atlantis_00A","HF_IMP",1,2044,214.25
"Atlantis_00A","HF_IMP",1,2045,214.87
"Atlantis_00A","HF_IMP",1,2046,215.48
"Atlantis_00A","HF_IMP",1,2047,216.1
"Atlantis_00A","HF_IMP",1,2048,216.73
"Atlantis_00A","HF_IMP",1,2049,217.36
"Atlantis_00A","HF_IMP",1,2050,217.86
"Atlantis_00A","HF_IMP",1,2051,218.49
"Atlantis_00A","HF_IMP",1,2052,219.13
"Atlantis_00A","HF_IMP",1,2053,219.77
"Atlantis_00A","HF_IMP",1,2054,220.42
"Atlantis_00A","HF_IMP",1,2055,221.07
"Atlantis_00A","HF_IND",1,2014,8.41
"Atlantis_00A","HF_IND",1,2015,8.04
"Atlantis_00A","HF_IND",1,2016,7.24
"Atlantis_00A","HF_IND",1,2017,6.91
"Atlantis_00A","HF_IND",1,2018,6.42
"Atlantis_00A","HF_IND",1,2019,7.68
"Atlantis_00A","HF_IND",1,2020,4.19
"Atlantis_00A","HF_IND",1,2021,4.04
"Atlantis_00A","HF_IND",1,2022,3.98
"Atlantis_00A","HF_IND",1,2023,4.04
"Atlantis_00A","HF_IND",1,2024,4.1
"Atlantis_00A","HF_IND",1,2025,4.16
"Atlantis_00A","HF_IND",1,2026,4.22
"Atlantis_00A","HF_IND",1,2027,4.28
"Atlantis_00A","HF_IND",1,2028,4.35
"Atlantis_00A","HF_IND",1,2029,4.42
"Atlantis_00A","HF_IND",1,2030,4.46
"Atlantis_00A","HF_IND",1,2031,4.47
"Atlantis_00A","HF_IND",1,2032,4.48
"Atlantis_00A","HF_IND",1,2033,4.49
"Atlantis_00A","HF_IND",1,2034,4.5
"Atlantis_00A","HF_IND",1,2035,4.51
"Atlantis_00A","HF_IND",1,2036,4.52
"Atlantis_00A","HF_IND",1,2037,4.54
"Atlantis_00A","HF_IND",1,2038,4.55
"Atlantis_00A","HF_IND",1,2039,4.57
"Atlantis_00A","HF_IND",1,2040,4.58
"Atlantis_00A","HF_IND",1,2041,4.58
"Atlantis_00A","HF_IND",1,2042,4.58
"Atlantis_00A","HF_IND",1,2043,4.58
"Atlantis_00A","HF_IND",1,2044,4.59
"Atlantis_00A","HF_IND",1,2045,4.59
"Atlantis_00A","HF_IND",1,2046,4.59
"Atlantis_00A","HF_IND",1,2047,4.59
"Atlantis_00A","HF_IND",1,2048,4.59
"Atlantis_00A","HF_IND",1,2049,4.59
"Atlantis_00A","HF_IND",1,2050,4.59
"Atlantis_00A","HF_IND",1,2051,4.59000000000001
"Atlantis_00A","HF_IND",1,2052,4.59
"Atlantis_00A","HF_IND",1,2053,4.59
"Atlantis_00A","HF_IND",1,2054,4.59
"Atlantis_00A","HF_IND",1,2055,4.6
"Atlantis_00A","HF_OTH",1,2014,0
"Atlantis_00A","HF_OTH",1,2015,0
"Atlantis_00A","HF_OTH",1,2016,0
"Atlantis_00A","HF_OTH",1,2017,0
"Atlantis_00A","HF_OTH",1,2018,0
"Atlantis_00A","HF_OTH",1,2019,0
"Atlantis_00A","HF_OTH",1,2020,0
"Atlantis_00A","HF_OTH",1,2021,0
"Atlantis_00A","HF_OTH",1,2022,0
"Atlantis_00A","HF_OTH",1,2023,0
"Atlantis_00A","HF_OTH",1,2024,0
"Atlantis_00A","HF_OTH",1,2025,0
"Atlantis_00A","HF_OTH",1,2026,0
"Atlantis_00A","HF_OTH",1,2027,0
"Atlantis_00A","HF_OTH",1,2028,0
"Atlantis_00A","HF_OTH",1,2029,0
"Atlantis_00A","HF_OTH",1,2030,0
"Atlantis_00A","HF_OTH",1,2031,0
"Atlantis_00A","HF_OTH",1,2032,0
"Atlantis_00A","HF_OTH",1,2033,0
"Atlantis_00A","HF_OTH",1,2034,0
"Atlantis_00A","HF_OTH",1,2035,0
"Atlantis_00A","HF_OTH",1,2036,0
"Atlantis_00A","HF_OTH",1,2037,0
"Atlantis_00A","HF_OTH",1,2038,0
"Atlantis_00A","HF_OTH",1,2039,0
"Atlantis_00A","HF_OTH",1,2040,0
"Atlantis_00A","HF_OTH",1,2041,0
"Atlantis_00A","HF_OTH",1,2042,0
"Atlantis_00A","HF_OTH",1,2043,0
"Atlantis_00A","HF_OTH",1,2044,0
"Atlantis_00A","HF_OTH",1,2045,0
"Atlantis_00A","HF_OTH",1,2046,0
"Atlantis_00A","HF_OTH",1,2047,0
"Atlantis_00A","HF_OTH",1,2048,0
"Atlantis_00A","HF_OTH",1,2049,0
"Atlantis_00A","HF_OTH",1,2050,0
"Atlantis_00A","HF_OTH",1,2051,0
"Atlantis_00A","HF_OTH",1,2052,0
"Atlantis_00A","HF_OTH",1,2053,0
"Atlantis_00A","HF_OTH",1,2054,0
"Atlantis_00A","HF_OTH",1,2055,0
"Atlantis_00A","HF_RES",1,2014,19.14
"Atlantis_00A","HF_RES",1,2015,19.71
"Atlantis_00A","HF_RES",1,2016,20.04
"Atlantis_00A","HF_RES",1,2017,20.09
"Atlantis_00A","HF_RES",1,2018,20.82
"Atlantis_00A","HF_RES",1,2019,21.06
"Atlantis_00A","HF_RES",1,2020,20.09
"Atlantis_00A","HF_RES",1,2021,22.23
"Atlantis_00A","HF_RES",1,2022,22.86
"Atlantis_00A","HF_RES",1,2023,22.58
"Atlantis_00A","HF_RES",1,2024,22.31
"Atlantis_00A","HF_RES",1,2025,22.04
"Atlantis_00A","HF_RES",1,2026,21.77
"Atlantis_00A","HF_RES",1,2027,21.51
"Atlantis_00A","HF_RES",1,2028,21.25
"Atlantis_00A","HF_RES",1,2029,20.99
"Atlantis_00A","HF_RES",1,2030,20.65
"Atlantis_00A","HF_RES",1,2031,20.39
"Atlantis_00A","HF_RES",1,2032,20.14
"Atlantis_00A","HF_RES",1,2033,19.88
"Atlantis_00A","HF_RES",1,2034,19.63
"Atlantis_00A","HF_RES",1,2035,19.36
"Atlantis_00A","HF_RES",1,2036,19.18
"Atlantis_00A","HF_RES",1,2037,19.01
"Atlantis_00A","HF_RES",1,2038,18.83
"Atlantis_00A","HF_RES",1,2039,18.66
"Atlantis_00A","HF_RES",1,2040,18.48
"Atlantis_00A","HF_RES",1,2041,18.38
"Atlantis_00A","HF_RES",1,2042,18.29
"Atlantis_00A","HF_RES",1,2043,18.19
"Atlantis_00A","HF_RES",1,2044,18.1
"Atlantis_00A","HF_RES",1,2045,18.01
"Atlantis_00A","HF_RES",1,2046,17.91
"Atlantis_00A","HF_RES",1,2047,17.82
"Atlantis_00A","HF_RES",1,2048,17.73
"Atlantis_00A","HF_RES",1,2049,17.64
"Atlantis_00A","HF_RES",1,2050,17.53
"Atlantis_00A","HF_RES",1,2051,17.44
"Atlantis_00A","HF_RES",1,2052,17.35
"Atlantis_00A","HF_RES",1,2053,17.26
"Atlantis_00A","HF_RES",1,2054,17.17
"Atlantis_00A","HF_RES",1,2055,17.08
"Atlantis_00A","HF_SER",1,2014,0.53
"Atlantis_00A","HF_SER",1,2015,0.53
"Atlantis_00A","HF_SER",1,2016,0.57
"Atlantis_00A","HF_SER",1,2017,0.59
"Atlantis_00A","HF_SER",1,2018,0.54
"Atlantis_00A","HF_SER",1,2019,0.59
"Atlantis_00A","HF_SER",1,2020,0.43
"Atlantis_00A","HF_SER",1,2021,0.68
"Atlantis_00A","HF_SER",1,2022,0.78
"Atlantis_00A","HF_SER",1,2023,0.79
"Atlantis_00A","HF_SER",1,2024,0.79
"Atlantis_00A","HF_SER",1,2025,0.8
"Atlantis_00A","HF_SER",1,2026,0.81
"Atlantis_00A","HF_SER",1,2027,0.82
"Atlantis_00A","HF_SER",1,2028,0.83
"Atlantis_00A","HF_SER",1,2029,0.84
"Atlantis_00A","HF_SER",1,2030,0.85
"Atlantis_00A","HF_SER",1,2031,0.85
"Atlantis_00A","HF_SER",1,2032,0.86
"Atlantis_00A","HF_SER",1,2033,0.87
"Atlantis_00A","HF_SER",1,2034,0.88
"Atlantis_00A","HF_SER",1,2035,0.88
"Atlantis_00A","HF_SER",1,2036,0.89
"Atlantis_00A","HF_SER",1,2037,0.89
"Atlantis_00A","HF_SER",1,2038,0.9
"Atlantis_00A","HF_SER",1,2039,0.9
"Atlantis_00A","HF_SER",1,2040,0.9
"Atlantis_00A","HF_SER",1,2041,0.9
"Atlantis_00A","HF_SER",1,2042,0.9
"Atlantis_00A","HF_SER",1,2043,0.9
"Atlantis_00A","HF_SER",1,2044,0.9
"Atlantis_00A","HF_SER",1,2045,0.9
"Atlantis_00A","HF_SER",1,2046,0.9
"Atlantis_00A","HF_SER",1,2047,0.89
"Atlantis_00A","HF_SER",1,2048,0.89
"Atlantis_00A","HF_SER",1,2049,0.89
"Atlantis_00A","HF_SER",1,2050,0.89
"Atlantis_00A","HF_SER",1,2051,0.89
"Atlantis_00A","HF_SER",1,2052,0.89
"Atlantis_00A","HF_SER",1,2053,0.89
"Atlantis_00A","HF_SER",1,2054,0.89
"Atlantis_00A","HF_SER",1,2055,0.89
"Atlantis_00A","HF_TRA",1,2014,104.27
"Atlantis_00A","HF_TRA",1,2015,108.94
"Atlantis_00A","HF_TRA",1,2016,115.46
"Atlantis_00A","HF_TRA",1,2017,123.57
"Atlantis_00A","HF_TRA",1,2018,128.08
"Atlantis_00A","HF_TRA",1,2019,129.66
"Atlantis_00A","HF_TRA",1,2020,107.6
"Atlantis_00A","HF_TRA",1,2021,136.86
"Atlantis_00A","HF_TRA",1,2022,148.77
"Atlantis_00A","HF_TRA",1,2023,150.74
"Atlantis_00A","HF_TRA",1,2024,152.72
"Atlantis_00A","HF_TRA",1,2025,154.74
"Atlantis_00A","HF_TRA",1,2026,156.78
"Atlantis_00A","HF_TRA",1,2027,158.85
"Atlantis_00A","HF_TRA",1,2028,160.94
"Atlantis_00A","HF_TRA",1,2029,163.07
"Atlantis_00A","HF_TRA",1,2030,164.47
"Atlantis_00A","HF_TRA",1,2031,167.17
"Atlantis_00A","HF_TRA",1,2032,169.91
"Atlantis_00A","HF_TRA",1,2033,172.7
"Atlantis_00A","HF_TRA",1,2034,175.53
"Atlantis_00A","HF_TRA",1,2035,177.96
"Atlantis_00A","HF_TRA",1,2036,179.93
"Atlantis_00A","HF_TRA",1,2037,181.93
"Atlantis_00A","HF_TRA",1,2038,183.95
"Atlantis_00A","HF_TRA",1,2039,186
"Atlantis_00A","HF_TRA",1,2040,187.84
"Atlantis_00A","HF_TRA",1,2041,188.54
"Atlantis_00A","HF_TRA",1,2042,189.25
"Atlantis_00A","HF_TRA",1,2043,189.95
"Atlantis_00A","HF_TRA",1,2044,190.66
"Atlantis_00A","HF_TRA",1,2045,191.37
"Atlantis_00A","HF_TRA",1,2046,192.08
"Atlantis_00A","HF_TRA",1,2047,192.8
"Atlantis_00A","HF_TRA",1,2048,193.52
"Atlantis_00A","HF_TRA",1,2049,194.24
"Atlantis_00A","HF_TRA",1,2050,194.85
"Atlantis_00A","HF_TRA",1,2051,195.57
"Atlantis_00A","HF_TRA",1,2052,196.3
"Atlantis_00A","HF_TRA",1,2053,197.03
"Atlantis_00A","HF_TRA",1,2054,197.77
"Atlantis_00A","HF_TRA",1,2055,198.5
"Atlantis_00A","HYDRO_DAM",1,2014,8.339260760064
"Atlantis_00A","HYDRO_DAM",1,2015,8.35614185472
"Atlantis_00A","HYDRO_DAM",1,2016,8.35614185472
"Atlantis_00A","HYDRO_DAM",1,2017,10.46627868672
"Atlantis_00A","HYDRO_DAM",1,2018,11.242809040896
"Atlantis_00A","HYDRO_DAM",1,2019,12.3721542733824
"Atlantis_00A","HYDRO_DAM",1,2020,12.3721542733824
"Atlantis_00A","HYDRO_DAM",1,2021,12.3721542733824
"Atlantis_00A","HYDRO_DAM",1,2022,12.3721542733824
"Atlantis_00A","HYDRO_DAM",1,2023,12.3721542733824
"Atlantis_00A","HYDRO_DAM",1,2024,12.3721542733824
"Atlantis_00A","HYDRO_DAM",1,2025,12.3721542733824
"Atlantis_00A","HYDRO_DAM",1,2026,12.3721542733824
"Atlantis_00A","HYDRO_DAM",1,2027,12.3721542733824
"Atlantis_00A","HYDRO_DAM",1,2028,12.3721542733824
"Atlantis_00A","HYDRO_DAM",1,2029,12.3721542733824
"Atlantis_00A","HYDRO_DAM",1,2030,12.3721542733824
"Atlantis_00A","HYDRO_DAM",1,2031,12.3721542733824
"Atlantis_00A","HYDRO_DAM",1,2032,12.3721542733824
"Atlantis_00A","HYDRO_DAM",1,2033,12.3721542733824
"Atlantis_00A","HYDRO_DAM",1,2034,12.3721542733824
"Atlantis_00A","HYDRO_DAM",1,2035,12.3721542733824
"Atlantis_00A","HYDRO_DAM",1,2036,12.3721542733824
"Atlantis_00A","HYDRO_DAM",1,2037,12.3721542733824
"Atlantis_00A","HYDRO_DAM",1,2038,12.3721542733824
"Atlantis_00A","HYDRO_DAM",1,2039,12.3721542733824
"Atlantis_00A","HYDRO_DAM",1,2040,12.3721542733824
"Atlantis_00A","HYDRO_DAM",1,2041,12.3721542733824
"Atlantis_00A","HYDRO_DAM",1,2042,12.3721542733824
"Atlantis_00A","HYDRO_DAM",1,2043,12.3721542733824
"Atlantis_00A","HYDRO_DAM",1,2044,12.3721542733824
"Atlantis_00A","HYDRO_DAM",1,2045,12.3721542733824
"Atlantis_00A","HYDRO_DAM",1,2046,12.3721542733824
"Atlantis_00A","HYDRO_DAM",1,2047,12.3721542733824
"Atlantis_00A","HYDRO_DAM",1,2048,12.3721542733824
"Atlantis_00A","HYDRO_DAM",1,2049,12.3721542733824
"Atlantis_00A","HYDRO_DAM",1,2050,12.3721542733824
"Atlantis_00A","HYDRO_DAM",1,2051,12.3721542733824
"Atlantis_00A","HYDRO_DAM",1,2052,0
"Atlantis_00A","HYDRO_DAM",1,2053,0
"Atlantis_00A","HYDRO_DAM",1,2054,0
"Atlantis_00A","HYDRO_DAM",1,2055,0
"Atlantis_00A","HYDRO_MIN",1,2014,0.0297142535808
"Atlantis_00A","HYDRO_MIN",1,2015,0.0297142535808
"Atlantis_00A","HYDRO_MIN",1,2016,0.0297142535808
"Atlantis_00A","HYDRO_MIN",1,2017,0.0297142535808
"Atlantis_00A","HYDRO_MIN",1,2018,0.0297142535808
"Atlantis_00A","HYDRO_MIN",1,2019,0.0297142535808
"Atlantis_00A","HYDRO_MIN",1,2020,0.0297142535808
"Atlantis_00A","HYDRO_MIN",1,2021,0.0297142535808
"Atlantis_00A","HYDRO_MIN",1,2022,0.0297142535808
"Atlantis_00A","HYDRO_MIN",1,2023,0.0297142535808
"Atlantis_00A","HYDRO_MIN",1,2024,0.0297142535808
"Atlantis_00A","HYDRO_MIN",1,2025,0.0297142535808
"Atlantis_00A","HYDRO_MIN",1,2026,0.0297142535808
"Atlantis_00A","HYDRO_MIN",1,2027,0.0297142535808
"Atlantis_00A","HYDRO_MIN",1,2028,0.0297142535808
"Atlantis_00A","HYDRO_MIN",1,2029,0.0297142535808
"Atlantis_00A","HYDRO_MIN",1,2030,0.0297142535808
"Atlantis_00A","HYDRO_MIN",1,2031,0.0297142535808
"Atlantis_00A","HYDRO_MIN",1,2032,0.0297142535808
"Atlantis_00A","HYDRO_MIN",1,2033,0.0297142535808
"Atlantis_00A","HYDRO_MIN",1,2034,0.0297142535808
"Atlantis_00A","HYDRO_MIN",1,2035,0.0297142535808
"Atlantis_00A","HYDRO_MIN",1,2036,0.0297142535808
"Atlantis_00A","HYDRO_MIN",1,2037,0.0297142535808
"Atlantis_00A","HYDRO_MIN",1,2038,0.0297142535808
"Atlantis_00A","HYDRO_MIN",1,2039,0.0297142535808
"Atlantis_00A","HYDRO_MIN",1,2040,0.0297142535808
"Atlantis_00A","HYDRO_MIN",1,2041,0.0297142535808
"Atlantis_00A","HYDRO_MIN",1,2042,0.0297142535808
"Atlantis_00A","HYDRO_MIN",1,2043,0.0297142535808
"Atlantis_00A","HYDRO_MIN",1,2044,0.0297142535808
"Atlantis_00A","HYDRO_MIN",1,2045,0.0297142535808
"Atlantis_00A","HYDRO_MIN",1,2046,0.0297142535808
"Atlantis_00A","HYDRO_MIN",1,2047,0.0297142535808
"Atlantis_00A","HYDRO_MIN",1,2048,0.0297142535808
"Atlantis_00A","HYDRO_MIN",1,2049,0.0297142535808
"Atlantis_00A","HYDRO_MIN",1,2050,0.0297142535808
"Atlantis_00A","HYDRO_MIN",1,2051,0
"Atlantis_00A","HYDRO_MIN",1,2052,0
"Atlantis_00A","HYDRO_MIN",1,2053,0
"Atlantis_00A","HYDRO_MIN",1,2054,0
"Atlantis_00A","HYDRO_MIN",1,2055,0
"Atlantis_00A","NG_IMP",1,2014,93.3624617999176
"Atlantis_00A","NG_IMP",1,2015,96.0460344467096
"Atlantis_00A","NG_IMP",1,2016,99.7885691696198
"Atlantis_00A","NG_IMP",1,2017,98.2280464066475
"Atlantis_00A","NG_IMP",1,2018,99.1128069559808
"Atlantis_00A","NG_IMP",1,2019,99.0796225106283
"Atlantis_00A","NG_IMP",1,2020,84.5691443437736
"Atlantis_00A","NG_IMP",1,2021,101.428990155549
"Atlantis_00A","NG_IMP",1,2022,107.199653409392
"Atlantis_00A","NG_IMP",1,2023,106.191809493316
"Atlantis_00A","NG_IMP",1,2024,109.171537012627
"Atlantis_00A","NG_IMP",1,2025,112.208087154359
"Atlantis_00A","NG_IMP",1,2026,120.683856300624
"Atlantis_00A","NG_IMP",1,2027,124.115285777327
"Atlantis_00A","NG_IMP",1,2028,127.731573111918
"Atlantis_00A","NG_IMP",1,2029,131.118478728804
"Atlantis_00A","NG_IMP",1,2030,133.005526870899
"Atlantis_00A","NG_IMP",1,2031,136.326051575638
"Atlantis_00A","NG_IMP",1,2032,139.739290596267
"Atlantis_00A","NG_IMP",1,2033,144.575813705706
"Atlantis_00A","NG_IMP",1,2034,148.189140855481
"Atlantis_00A","NG_IMP",1,2035,150.939284606432
"Atlantis_00A","NG_IMP",1,2036,167.741134255669
"Atlantis_00A","NG_IMP",1,2037,171.877941581507
"Atlantis_00A","NG_IMP",1,2038,175.956304669019
"Atlantis_00A","NG_IMP",1,2039,180.094667756531
"Atlantis_00A","NG_IMP",1,2040,175.348760037751
"Atlantis_00A","NG_IMP",1,2041,184.255046736832
"Atlantis_00A","NG_IMP",1,2042,185.135046736832
"Atlantis_00A","NG_IMP",1,2043,188.423179563074
"Atlantis_00A","NG_IMP",1,2044,191.685913158369
"Atlantis_00A","NG_IMP",1,2045,195.03709099199
"Atlantis_00A","NG_IMP",1,2046,198.421083571719
"Atlantis_00A","NG_IMP",1,2047,201.827890897557
"Atlantis_00A","NG_IMP",1,2048,205.241883477287
"Atlantis_00A","NG_IMP",1,2049,208.828394025885
"Atlantis_00A","NG_IMP",1,2050,210.004392170818
"Atlantis_00A","NG_IMP",1,2051,213.994907952221
"Atlantis_00A","NG_IMP",1,2052,244.987591559433
"Atlantis_00A","NG_IMP",1,2053,249.207285506855
"Atlantis_00A","NG_IMP",1,2054,253.573867930929
"Atlantis_00A","NG_IMP",1,2055,258.142968323872
"Atlantis_00A","NG_IND",1,2014,31.94
"Atlantis_00A","NG_IND",1,2015,32.04
"Atlantis_00A","NG_IND",1,2016,32.34
"Atlantis_00A","NG_IND",1,2017,31.52
"Atlantis_00A","NG_IND",1,2018,31.44
"Atlantis_00A","NG_IND",1,2019,31.04
"Atlantis_00A","NG_IND",1,2020,27.3
"Atlantis_00A","NG_IND",1,2021,31.67
"Atlantis_00A","NG_IND",1,2022,32.88
"Atlantis_00A","NG_IND",1,2023,33.51
"Atlantis_00A","NG_IND",1,2024,34.15
"Atlantis_00A","NG_IND",1,2025,34.8
"Atlantis_00A","NG_IND",1,2026,35.46
"Atlantis_00A","NG_IND",1,2027,36.14
"Atlantis_00A","NG_IND",1,2028,36.83
"Atlantis_00A","NG_IND",1,2029,37.53
"Atlantis_00A","NG_IND",1,2030,37.9
"Atlantis_00A","NG_IND",1,2031,38.41
"Atlantis_00A","NG_IND",1,2032,38.92
"Atlantis_00A","NG_IND",1,2033,39.45
"Atlantis_00A","NG_IND",1,2034,39.98
"Atlantis_00A","NG_IND",1,2035,40.44
"Atlantis_00A","NG_IND",1,2036,40.91
"Atlantis_00A","NG_IND",1,2037,41.38
"Atlantis_00A","NG_IND",1,2038,41.85
"Atlantis_00A","NG_IND",1,2039,42.33
"Atlantis_00A","NG_IND",1,2040,42.77
"Atlantis_00A","NG_IND",1,2041,43.05
"Atlantis_00A","NG_IND",1,2042,43.34
"Atlantis_00A","NG_IND",1,2043,43.64
"Atlantis_00A","NG_IND",1,2044,43.93
"Atlantis_00A","NG_IND",1,2045,44.22
"Atlantis_00A","NG_IND",1,2046,44.52
"Atlantis_00A","NG_IND",1,2047,44.82
"Atlantis_00A","NG_IND",1,2048,45.12
"Atlantis_00A","NG_IND",1,2049,45.43
"Atlantis_00A","NG_IND",1,2050,45.64
"Atlantis_00A","NG_IND",1,2051,45.95
"Atlantis_00A","NG_IND",1,2052,46.26
"Atlantis_00A","NG_IND",1,2053,46.57
"Atlantis_00A","NG_IND",1,2054,46.88
"Atlantis_00A","NG_IND",1,2055,47.2
"Atlantis_00A","NG_OTH",1,2014,0
"Atlantis_00A","NG_OTH",1,2015,0
"Atlantis_00A","NG_OTH",1,2016,0
"Atlantis_00A","NG_OTH",1,2017,0
"Atlantis_00A","NG_OTH",1,2018,0
"Atlantis_00A","NG_OTH",1,2019,0
"Atlantis_00A","NG_OTH",1,2020,0
"Atlantis_00A","NG_OTH",1,2021,0
"Atlantis_00A","NG_OTH",1,2022,0
"Atlantis_00A","NG_OTH",1,2023,0
"Atlantis_00A","NG_OTH",1,2024,0
"Atlantis_00A","NG_OTH",1,2025,0
"Atlantis_00A","NG_OTH",1,2026,0
"Atlantis_00A","NG_OTH",1,2027,0
"Atlantis_00A","NG_OTH",1,2028,0
"Atlantis_00A","NG_OTH",1,2029,0
"Atlantis_00A","NG_OTH",1,2030,0
"Atlantis_00A","NG_OTH",1,2031,0
"Atlantis_00A","NG_OTH",1,2032,0
"Atlantis_00A","NG_OTH",1,2033,0
"Atlantis_00A","NG_OTH",1,2034,0
"Atlantis_00A","NG_OTH",1,2035,0
"Atlantis_00A","NG_OTH",1,2036,0
"Atlantis_00A","NG_OTH",1,2037,0
"Atlantis_00A","NG_OTH",1,2038,0
"Atlantis_00A","NG_OTH",1,2039,0
"Atlantis_00A","NG_OTH",1,2040,0
"Atlantis_00A","NG_OTH",1,2041,0
"Atlantis_00A","NG_OTH",1,2042,0
"Atlantis_00A","NG_OTH",1,2043,0
"Atlantis_00A","NG_OTH",1,2044,0
"Atlantis_00A","NG_OTH",1,2045,0
"Atlantis_00A","NG_OTH",1,2046,0
"Atlantis_00A","NG_OTH",1,2047,0
"Atlantis_00A","NG_OTH",1,2048,0
"Atlantis_00A","NG_OTH",1,2049,0
"Atlantis_00A","NG_OTH",1,2050,0
"Atlantis_00A","NG_OTH",1,2051,0
"Atlantis_00A","NG_OTH",1,2052,0
"Atlantis_00A","NG_OTH",1,2053,0
"Atlantis_00A","NG_OTH",1,2054,0
"Atlantis_00A","NG_OTH",1,2055,0
"Atlantis_00A","NG_RES",1,2014,3.81
"Atlantis_00A","NG_RES",1,2015,4.44
"Atlantis_00A","NG_RES",1,2016,5.04
"Atlantis_00A","NG_RES",1,2017,5.56
"Atlantis_00A","NG_RES",1,2018,5.7
"Atlantis_00A","NG_RES",1,2019,6.18
"Atlantis_00A","NG_RES",1,2020,7.25
"Atlantis_00A","NG_RES",1,2021,6.95
"Atlantis_00A","NG_RES",1,2022,7.39
"Atlantis_00A","NG_RES",1,2023,7.58
"Atlantis_00A","NG_RES",1,2024,7.79
"Atlantis_00A","NG_RES",1,2025,8
"Atlantis_00A","NG_RES",1,2026,8.21
"Atlantis_00A","NG_RES",1,2027,8.43
"Atlantis_00A","NG_RES",1,2028,8.66
"Atlantis_00A","NG_RES",1,2029,8.89
"Atlantis_00A","NG_RES",1,2030,8.98
"Atlantis_00A","NG_RES",1,2031,9.14
"Atlantis_00A","NG_RES",1,2032,9.31
"Atlantis_00A","NG_RES",1,2033,9.49
"Atlantis_00A","NG_RES",1,2034,9.66
"Atlantis_00A","NG_RES",1,2035,9.81
"Atlantis_00A","NG_RES",1,2036,9.94
"Atlantis_00A","NG_RES",1,2037,10.08
"Atlantis_00A","NG_RES",1,2038,10.21
"Atlantis_00A","NG_RES",1,2039,10.35
"Atlantis_00A","NG_RES",1,2040,10.48
"Atlantis_00A","NG_RES",1,2041,10.57
"Atlantis_00A","NG_RES",1,2042,10.67
"Atlantis_00A","NG_RES",1,2043,10.77
"Atlantis_00A","NG_RES",1,2044,10.86
"Atlantis_00A","NG_RES",1,2045,10.96
"Atlantis_00A","NG_RES",1,2046,11.06
"Atlantis_00A","NG_RES",1,2047,11.16
"Atlantis_00A","NG_RES",1,2048,11.27
"Atlantis_00A","NG_RES",1,2049,11.37
"Atlantis_00A","NG_RES",1,2050,11.43
"Atlantis_00A","NG_RES",1,2051,11.54
"Atlantis_00A","NG_RES",1,2052,11.64
"Atlantis_00A","NG_RES",1,2053,11.75
"Atlantis_00A","NG_RES",1,2054,11.86
"Atlantis_00A","NG_RES",1,2055,11.97
"Atlantis_00A","NG_SER",1,2014,1.69
"Atlantis_00A","NG_SER",1,2015,1.78
"Atlantis_00A","NG_SER",1,2016,1.93
"Atlantis_00A","NG_SER",1,2017,2.05
"Atlantis_00A","NG_SER",1,2018,2.19
"Atlantis_00A","NG_SER",1,2019,2.25
"Atlantis_00A","NG_SER",1,2020,1.73
"Atlantis_00A","NG_SER",1,2021,2.21
"Atlantis_00A","NG_SER",1,2022,3.29
"Atlantis_00A","NG_SER",1,2023,3.39
"Atlantis_00A","NG_SER",1,2024,3.48
"Atlantis_00A","NG_SER",1,2025,3.58
"Atlantis_00A","NG_SER",1,2026,3.68
"Atlantis_00A","NG_SER",1,2027,3.78
"Atlantis_00A","NG_SER",1,2028,3.89
"Atlantis_00A","NG_SER",1,2029,4
"Atlantis_00A","NG_SER",1,2030,4.04
"Atlantis_00A","NG_SER",1,2031,4.08
"Atlantis_00A","NG_SER",1,2032,4.12
"Atlantis_00A","NG_SER",1,2033,4.17
"Atlantis_00A","NG_SER",1,2034,4.21
"Atlantis_00A","NG_SER",1,2035,4.26
"Atlantis_00A","NG_SER",1,2036,4.31
"Atlantis_00A","NG_SER",1,2037,4.37
"Atlantis_00A","NG_SER",1,2038,4.43
"Atlantis_00A","NG_SER",1,2039,4.49
"Atlantis_00A","NG_SER",1,2040,4.44
"Atlantis_00A","NG_SER",1,2041,4.47
"Atlantis_00A","NG_SER",1,2042,4.5
"Atlantis_00A","NG_SER",1,2043,4.54
"Atlantis_00A","NG_SER",1,2044,4.57
"Atlantis_00A","NG_SER",1,2045,4.61
"Atlantis_00A","NG_SER",1,2046,4.64
"Atlantis_00A","NG_SER",1,2047,4.67
"Atlantis_00A","NG_SER",1,2048,4.71
"Atlantis_00A","NG_SER",1,2049,4.74
"Atlantis_00A","NG_SER",1,2050,4.77
"Atlantis_00A","NG_SER",1,2051,4.8
"Atlantis_00A","NG_SER",1,2052,4.84
"Atlantis_00A","NG_SER",1,2053,4.87
"Atlantis_00A","NG_SER",1,2054,4.91
"Atlantis_00A","NG_SER",1,2055,4.95
"Atlantis_00A","NG_TRA",1,2014,23.61
"Atlantis_00A","NG_TRA",1,2015,24.14
"Atlantis_00A","NG_TRA",1,2016,24.66
"Atlantis_00A","NG_TRA",1,2017,25.84
"Atlantis_00A","NG_TRA",1,2018,27.39
"Atlantis_00A","NG_TRA",1,2019,27.67
"Atlantis_00A","NG_TRA",1,2020,18.43
"Atlantis_00A","NG_TRA",1,2021,24.48
"Atlantis_00A","NG_TRA",1,2022,25.79
"Atlantis_00A","NG_TRA",1,2023,26.3
"Atlantis_00A","NG_TRA",1,2024,26.83
"Atlantis_00A","NG_TRA",1,2025,27.36
"Atlantis_00A","NG_TRA",1,2026,27.9
"Atlantis_00A","NG_TRA",1,2027,28.45
"Atlantis_00A","NG_TRA",1,2028,29.02
"Atlantis_00A","NG_TRA",1,2029,29.59
"Atlantis_00A","NG_TRA",1,2030,29.89
"Atlantis_00A","NG_TRA",1,2031,30.64
"Atlantis_00A","NG_TRA",1,2032,31.41
"Atlantis_00A","NG_TRA",1,2033,32.2
"Atlantis_00A","NG_TRA",1,2034,33.02
"Atlantis_00A","NG_TRA",1,2035,33.65
"Atlantis_00A","NG_TRA",1,2036,34.6
"Atlantis_00A","NG_TRA",1,2037,35.58
"Atlantis_00A","NG_TRA",1,2038,36.58
"Atlantis_00A","NG_TRA",1,2039,37.62
"Atlantis_00A","NG_TRA",1,2040,38.4
"Atlantis_00A","NG_TRA",1,2041,38.86
"Atlantis_00A","NG_TRA",1,2042,39.32
"Atlantis_00A","NG_TRA",1,2043,39.79
"Atlantis_00A","NG_TRA",1,2044,40.27
"Atlantis_00A","NG_TRA",1,2045,40.75
"Atlantis_00A","NG_TRA",1,2046,41.24
"Atlantis_00A","NG_TRA",1,2047,41.73
"Atlantis_00A","NG_TRA",1,2048,42.23
"Atlantis_00A","NG_TRA",1,2049,42.73
"Atlantis_00A","NG_TRA",1,2050,42.99
"Atlantis_00A","NG_TRA",1,2051,43.5
"Atlantis_00A","NG_TRA",1,2052,44.02
"Atlantis_00A","NG_TRA",1,2053,44.55
"Atlantis_00A","NG_TRA",1,2054,45.08
"Atlantis_00A","NG_TRA",1,2055,45.62
"Atlantis_00A","NGCC",1,2014,18.417955882306
"Atlantis_00A","NGCC",1,2015,19.1780862099348
"Atlantis_00A","NGCC",1,2016,20.4164210953145
"Atlantis_00A","NGCC",1,2017,18.9569347963107
"Atlantis_00A","NGCC",1,2018,18.463752254891
"Atlantis_00A","NGCC",1,2019,18.2054391875446
"Atlantis_00A","NGCC",1,2020,17.019576119342
"Atlantis_00A","NGCC",1,2021,20.5876596873853
"Atlantis_00A","NGCC",1,2022,21.5741298503149
"Atlantis_00A","NGCC",1,2023,20.1845699346307
"Atlantis_00A","NGCC",1,2024,21.0451077363353
"Atlantis_00A","NGCC",1,2025,21.9266342649107
"Atlantis_00A","NGCC",1,2026,22.8081607934861
"Atlantis_00A","NGCC",1,2027,23.752653502674
"Atlantis_00A","NGCC",1,2028,24.7648459397181
"Atlantis_00A","NGCC",1,2029,25.6568668317289
"Atlantis_00A","NGCC",1,2030,26.2025737303708
"Atlantis_00A","NGCC",1,2031,27.1365720761233
"Atlantis_00A","NGCC",1,2032,28.1020535121821
"Atlantis_00A","NGCC",1,2033,21.326251536
"Atlantis_00A","NGCC",1,2034,21.326251536
"Atlantis_00A","NGCC",1,2035,21.326251536
"Atlantis_00A","NGCC",1,2036,21.326251536
"Atlantis_00A","NGCC",1,2037,21.326251536
"Atlantis_00A","NGCC",1,2038,21.326251536
"Atlantis_00A","NGCC",1,2039,21.326251536
"Atlantis_00A","NGCC",1,2040,21.326251536
"Atlantis_00A","NGCC",1,2041,0
"Atlantis_00A","NGCC",1,2042,0
"Atlantis_00A","NGCC",1,2043,0
"Atlantis_00A","NGCC",1,2044,0
"Atlantis_00A","NGCC",1,2045,0
"Atlantis_00A","NGCC",1,2046,0
"Atlantis_00A","NGCC",1,2047,0
"Atlantis_00A","NGCC",1,2048,0
"Atlantis_00A","NGCC",1,2049,0
"Atlantis_00A","NGCC",1,2050,0
"Atlantis_00A","NGCC",1,2051,0
"Atlantis_00A","NGCC",1,2052,0
"Atlantis_00A","NGCC",1,2053,0
"Atlantis_00A","NGCC",1,2054,0
"Atlantis_00A","NGCC",1,2055,0
"Atlantis_00A","NGSC",1,2014,0
"Atlantis_00A","NGSC",1,2015,0
"Atlantis_00A","NGSC",1,2016,0
"Atlantis_00A","NGSC",1,2017,0
"Atlantis_00A","NGSC",1,2018,0
"Atlantis_00A","NGSC",1,2019,0
"Atlantis_00A","NGSC",1,2020,0
"Atlantis_00A","NGSC",1,2021,0
"Atlantis_00A","NGSC",1,2022,0
"Atlantis_00A","NGSC",1,2023,0
"Atlantis_00A","NGSC",1,2024,0
"Atlantis_00A","NGSC",1,2025,0
"Atlantis_00A","NGSC",1,2026,0
"Atlantis_00A","NGSC",1,2027,0
"Atlantis_00A","NGSC",1,2028,0
"Atlantis_00A","NGSC",1,2029,0
"Atlantis_00A","NGSC",1,2030,0
"Atlantis_00A","NGSC",1,2031,0
"Atlantis_00A","NGSC",1,2032,0
"Atlantis_00A","NGSC",1,2033,7.72029468537002
"Atlantis_00A","NGSC",1,2034,8.66478739455794
"Atlantis_00A","NGSC",1,2035,9.33642665442489
"Atlantis_00A","NGSC",1,2036,16.3289977902285
"Atlantis_00A","NGSC",1,2037,17.4728834046894
"Atlantis_00A","NGSC",1,2038,18.5852859288441
"Atlantis_00A","NGSC",1,2039,19.6976884529988
"Atlantis_00A","NGSC",1,2040,16.9166821426121
"Atlantis_00A","NGSC",1,2041,40.1587151503367
"Atlantis_00A","NGSC",1,2042,40.1587151503367
"Atlantis_00A","NGSC",1,2043,41.2526124945143
"Atlantis_00A","NGSC",1,2044,42.3440262917981
"Atlantis_00A","NGSC",1,2045,43.4669231793882
"Atlantis_00A","NGSC",1,2046,44.6003144304137
"Atlantis_00A","NGSC",1,2047,45.7442000448746
"Atlantis_00A","NGSC",1,2048,46.8775912959002
"Atlantis_00A","NGSC",1,2049,48.094937454409
"Atlantis_00A","NGSC",1,2050,48.3782852671654
"Atlantis_00A","NGSC",1,2051,49.772266767351
"Atlantis_00A","NGSC",1,2052,63.5821488313861
"Atlantis_00A","NGSC",1,2053,65.0723484392159
"Atlantis_00A","NGSC",1,2054,66.6255142276583
"Atlantis_00A","NGSC",1,2055,68.2626349235841
"Atlantis_00A","PV_ROF",1,2014,0
"Atlantis_00A","PV_ROF",1,2015,0
"Atlantis_00A","PV_ROF",1,2016,0
"Atlantis_00A","PV_ROF",1,2017,0
"Atlantis_00A","PV_ROF",1,2018,0
"Atlantis_00A","PV_ROF",1,2019,0
"Atlantis_00A","PV_ROF",1,2020,0
"Atlantis_00A","PV_ROF",1,2021,0
"Atlantis_00A","PV_ROF",1,2022,0
"Atlantis_00A","PV_ROF",1,2023,0
"Atlantis_00A","PV_ROF",1,2024,0
"Atlantis_00A","PV_ROF",1,2025,0
"Atlantis_00A","PV_ROF",1,2026,0
"Atlantis_00A","PV_ROF",1,2027,0
"Atlantis_00A","PV_ROF",1,2028,0
"Atlantis_00A","PV_ROF",1,2029,0
"Atlantis_00A","PV_ROF",1,2030,0
"Atlantis_00A","PV_ROF",1,2031,0
"Atlantis_00A","PV_ROF",1,2032,0
"Atlantis_00A","PV_ROF",1,2033,0
"Atlantis_00A","PV_ROF",1,2034,0
"Atlantis_00A","PV_ROF",1,2035,0
"Atlantis_00A","PV_ROF",1,2036,0
"Atlantis_00A","PV_ROF",1,2037,0
"Atlantis_00A","PV_ROF",1,2038,0
"Atlantis_00A","PV_ROF",1,2039,0
"Atlantis_00A","PV_ROF",1,2040,0
"Atlantis_00A","PV_ROF",1,2041,0
"Atlantis_00A","PV_ROF",1,2042,0
"Atlantis_00A","PV_ROF",1,2043,0
"Atlantis_00A","PV_ROF",1,2044,0
"Atlantis_00A","PV_ROF",1,2045,0
"Atlantis_00A","PV_ROF",1,2046,0
"Atlantis_00A","PV_ROF",1,2047,0
"Atlantis_00A","PV_ROF",1,2048,0
"Atlantis_00A","PV_ROF",1,2049,0
"Atlantis_00A","PV_ROF",1,2050,0
"Atlantis_00A","PV_ROF",1,2051,0
"Atlantis_00A","PV_ROF",1,2052,0
"Atlantis_00A","PV_ROF",1,2053,0
"Atlantis_00A","PV_ROF",1,2054,0
"Atlantis_00A","PV_ROF",1,2055,0
"Atlantis_00A","PV_UTL",1,2014,0
"Atlantis_00A","PV_UTL",1,2015,0.097246049472
"Atlantis_00A","PV_UTL",1,2016,0.097246049472
"Atlantis_00A","PV_UTL",1,2017,0.097246049472
"Atlantis_00A","PV_UTL",1,2018,0.097246049472
"Atlantis_00A","PV_UTL",1,2019,0.097246049472
"Atlantis_00A","PV_UTL",1,2020,0.097246049472
"Atlantis_00A","PV_UTL",1,2021,0.097246049472
"Atlantis_00A","PV_UTL",1,2022,0.097246049472
"Atlantis_00A","PV_UTL",1,2023,1.24714318215168
"Atlantis_00A","PV_UTL",1,2024,1.24714318215168
"Atlantis_00A","PV_UTL",1,2025,1.24714318215168
"Atlantis_00A","PV_UTL",1,2026,1.24714318215168
"Atlantis_00A","PV_UTL",1,2027,1.24714318215168
"Atlantis_00A","PV_UTL",1,2028,1.24714318215168
"Atlantis_00A","PV_UTL",1,2029,1.24714318215168
"Atlantis_00A","PV_UTL",1,2030,1.24714318215168
"Atlantis_00A","PV_UTL",1,2031,1.24714318215168
"Atlantis_00A","PV_UTL",1,2032,1.24714318215168
"Atlantis_00A","PV_UTL",1,2033,1.24714318215168
"Atlantis_00A","PV_UTL",1,2034,1.24714318215168
"Atlantis_00A","PV_UTL",1,2035,1.24714318215168
"Atlantis_00A","PV_UTL",1,2036,0
"Atlantis_00A","PV_UTL",1,2037,0
"Atlantis_00A","PV_UTL",1,2038,0
"Atlantis_00A","PV_UTL",1,2039,0
"Atlantis_00A","PV_UTL",1,2040,0
"Atlantis_00A","PV_UTL",1,2041,0.506928668732241
"Atlantis_00A","PV_UTL",1,2042,1.5563650122744
"Atlantis_00A","PV_UTL",1,2043,1.5563650122744
"Atlantis_00A","PV_UTL",1,2044,1.55636501227444
"Atlantis_00A","PV_UTL",1,2045,1.5563650122744
"Atlantis_00A","PV_UTL",1,2046,1.55636501227437
"Atlantis_00A","PV_UTL",1,2047,1.5563650122744
"Atlantis_00A","PV_UTL",1,2048,1.5563650122744
"Atlantis_00A","PV_UTL",1,2049,1.5563650122744
"Atlantis_00A","PV_UTL",1,2050,1.5563650122744
"Atlantis_00A","PV_UTL",1,2051,1.5563650122744
"Atlantis_00A","PV_UTL",1,2052,1.5563650122744
"Atlantis_00A","PV_UTL",1,2053,1.5563650122744
"Atlantis_00A","PV_UTL",1,2054,1.5563650122744
"Atlantis_00A","PV_UTL",1,2055,1.5563650122744
"Atlantis_00A","TRANS",1,2014,28.8772628676628
"Atlantis_00A","TRANS",1,2015,29.7515203394196
"Atlantis_00A","TRANS",1,2016,30.9898552247993
"Atlantis_00A","TRANS",1,2017,31.6405057577955
"Atlantis_00A","TRANS",1,2018,31.9238535705518
"Atlantis_00A","TRANS",1,2019,32.7948857356918
"Atlantis_00A","TRANS",1,2020,31.6090226674892
"Atlantis_00A","TRANS",1,2021,35.1771062355325
"Atlantis_00A","TRANS",1,2022,36.1635763984621
"Atlantis_00A","TRANS",1,2023,37.0136198367312
"Atlantis_00A","TRANS",1,2024,37.8741576384358
"Atlantis_00A","TRANS",1,2025,38.7556841670112
"Atlantis_00A","TRANS",1,2026,39.6372106955866
"Atlantis_00A","TRANS",1,2027,40.5817034047745
"Atlantis_00A","TRANS",1,2028,41.3058144818186
"Atlantis_00A","TRANS",1,2029,42.1978353738294
"Atlantis_00A","TRANS",1,2030,42.7435422724713
"Atlantis_00A","TRANS",1,2031,43.6775406182238
"Atlantis_00A","TRANS",1,2032,44.6430220542825
"Atlantis_00A","TRANS",1,2033,45.5875147634705
"Atlantis_00A","TRANS",1,2034,46.5320074726584
"Atlantis_00A","TRANS",1,2035,47.2036467325254
"Atlantis_00A","TRANS",1,2036,51.4853470141773
"Atlantis_00A","TRANS",1,2037,52.6292326286382
"Atlantis_00A","TRANS",1,2038,53.7416351527929
"Atlantis_00A","TRANS",1,2039,54.8540376769476
"Atlantis_00A","TRANS",1,2040,52.0730313665609
"Atlantis_00A","TRANS",1,2041,53.1014789832322
"Atlantis_00A","TRANS",1,2042,54.1509153267743
"Atlantis_00A","TRANS",1,2043,55.2108460337518
"Atlantis_00A","TRANS",1,2044,56.3022598310357
"Atlantis_00A","TRANS",1,2045,57.4251567186258
"Atlantis_00A","TRANS",1,2046,58.5585479696513
"Atlantis_00A","TRANS",1,2047,59.7024335841122
"Atlantis_00A","TRANS",1,2048,60.8358248351378
"Atlantis_00A","TRANS",1,2049,62.0531709936466
"Atlantis_00A","TRANS",1,2050,62.336518806403
"Atlantis_00A","TRANS",1,2051,63.7007860530078
"Atlantis_00A","TRANS",1,2052,65.1385138436605
"Atlantis_00A","TRANS",1,2053,66.6287134514903
"Atlantis_00A","TRANS",1,2054,68.1818792399327
"Atlantis_00A","TRANS",1,2055,69.8189999358585
"Atlantis_00A","WIND",1,2014,0.032607971712
"Atlantis_00A","WIND",1,2015,0.032607971712
"Atlantis_00A","WIND",1,2016,0.032607971712
"Atlantis_00A","WIND",1,2017,0.032607971712
"Atlantis_00A","WIND",1,2018,0.032607971712
"Atlantis_00A","WIND",1,2019,0.032607971712
"Atlantis_00A","WIND",1,2020,0.032607971712
"Atlantis_00A","WIND",1,2021,0.032607971712
"Atlantis_00A","WIND",1,2022,0.032607971712
"Atlantis_00A","WIND",1,2023,1.4282291609856
"Atlantis_00A","WIND",1,2024,1.4282291609856
"Atlantis_00A","WIND",1,2025,1.4282291609856
"Atlantis_00A","WIND",1,2026,1.4282291609856
"Atlantis_00A","WIND",1,2027,1.4282291609856
"Atlantis_00A","WIND",1,2028,1.4282291609856
"Atlantis_00A","WIND",1,2029,1.4282291609856
"Atlantis_00A","WIND",1,2030,1.4282291609856
"Atlantis_00A","WIND",1,2031,1.4282291609856
"Atlantis_00A","WIND",1,2032,1.4282291609856
"Atlantis_00A","WIND",1,2033,1.4282291609856
"Atlantis_00A","WIND",1,2034,1.4282291609856
"Atlantis_00A","WIND",1,2035,1.4282291609856
"Atlantis_00A","WIND",1,2036,1.4282291609856
"Atlantis_00A","WIND",1,2037,1.4282291609856
"Atlantis_00A","WIND",1,2038,1.4282291609856
"Atlantis_00A","WIND",1,2039,1.4282291609856
"Atlantis_00A","WIND",1,2040,1.4282291609856
"Atlantis_00A","WIND",1,2041,0.0339666372
"Atlantis_00A","WIND",1,2042,0.0339666372
"Atlantis_00A","WIND",1,2043,0
"Atlantis_00A","WIND",1,2044,0
"Atlantis_00A","WIND",1,2045,0
"Atlantis_00A","WIND",1,2046,0
"Atlantis_00A","WIND",1,2047,0
"Atlantis_00A","WIND",1,2048,0
"Atlantis_00A","WIND",1,2049,0
"Atlantis_00A","WIND",1,2050,0
"Atlantis_00A","WIND",1,2051,0
"Atlantis_00A","WIND",1,2052,0
"Atlantis_00A","WIND",1,2053,0
"Atlantis_00A","WIND",1,2054,0
"Atlantis_00A","WIND",1,2055,0
